frame,Chest_x,Chest_y,Chest_conf,Nose_x,Nose_y,Nose_conf,Left Shoulder_x,Left Shoulder_y,Left Shoulder_conf,Right Shoulder_x,Right Shoulder_y,Right Shoulder_conf,Left Elbow_x,Left Elbow_y,Left Elbow_conf,Right Elbow_x,Right Elbow_y,Right Elbow_conf
0,0.4985185861587524,0.4023761749267578,0.997668445110321,0.4985185861587524,0.30244769948829175,0.997668445110321,0.5649651527404785,0.3975863138834635,0.997668445110321,0.4320720195770263,0.4071660359700521,0.9984815716743468,0.5870607376098633,0.5659253438313802,0.9905226826667786,0.3671558380126953,0.5912062750922309,0.993862509727478
1,0.4985191345214843,0.4023670408460829,0.9976671934127808,0.4985191345214843,0.3024429112454437,0.9976671934127808,0.5649625778198242,0.3975741492377387,0.9976671934127808,0.4320756912231445,0.4071599324544271,0.9984803795814514,0.587046766281128,0.565872065226237,0.9905163645744324,0.3671609401702881,0.5911966959635416,0.993858277797699
2,0.499914813041687,0.4018173641628689,0.9982666969299316,0.499914813041687,0.3024850560792968,0.9982666969299316,0.5659818649291992,0.3972966512044271,0.9982666969299316,0.4338477611541748,0.4063380771213107,0.9985198378562928,0.5969397068023682,0.5623030768500434,0.9937210083007812,0.362380576133728,0.5866048177083333,0.9943473935127258
3,0.5000272035598755,0.3987074957953559,0.9981630444526672,0.5000272035598755,0.3005174558774464,0.9981630444526672,0.565393590927124,0.3952074262830946,0.9981630444526672,0.434660816192627,0.4022075653076172,0.9988117218017578,0.6043202877044678,0.554138904147678,0.9936833381652832,0.3568217277526855,0.5711497836642795,0.9953703284263612
4,0.4995731115341186,0.3972192128499349,0.9981887936592102,0.4995731115341186,0.29897293193382185,0.9981887936592102,0.565027379989624,0.3948393079969618,0.9981887936592102,0.4341188430786132,0.399599117702908,0.999021053314209,0.6091392517089844,0.5449812147352431,0.9918728470802308,0.3493452548980713,0.5566461351182725,0.9962480664253236
5,0.4998384237289428,0.3959005779690212,0.9984076619148254,0.4998384237289428,0.2977935318803986,0.9984076619148254,0.5652101516723633,0.3938241322835286,0.9984076619148254,0.4344666957855224,0.3979770236545139,0.999062478542328,0.6173254013061523,0.536112043592665,0.992493450641632,0.3422544240951538,0.5466086917453342,0.99598890542984
6,0.5001347780227661,0.3946242650349935,0.9984582662582396,0.5001347780227661,0.2957042727913722,0.9984582662582396,0.5660232067108154,0.3918535020616319,0.9984582662582396,0.4342463493347168,0.397395028008355,0.9992940425872804,0.6272464752197265,0.5193241543240017,0.9911276698112488,0.3347684144973755,0.5348273383246528,0.9965386390686036
7,0.49981689453125,0.3922050052218966,0.99869567155838,0.49981689453125,0.2930851211298519,0.99869567155838,0.565826416015625,0.389155536227756,0.99869567155838,0.433807373046875,0.3952544742160373,0.9992982149124146,0.6314359188079834,0.4995693630642361,0.9932907819747924,0.3316145420074463,0.53076048956977,0.9953604340553284
8,0.498969030380249,0.385891490512424,0.99837327003479,0.498969030380249,0.2858098445258389,0.99837327003479,0.5655982017517089,0.3823902977837456,0.99837327003479,0.4323398590087891,0.3893926832411024,0.9993441700935364,0.6342195510864258,0.4824913024902343,0.9922270774841307,0.3236628770828247,0.5230756123860677,0.9956212639808656
9,0.4982297420501709,0.3853178872002495,0.9982245564460754,0.4982297420501709,0.28452307327220455,0.9982245564460754,0.5654151439666748,0.3840943230523003,0.9982245564460754,0.431044340133667,0.3865414513481988,0.9993106126785278,0.6387412548065186,0.4733563317192925,0.9912946820259094,0.3195082664489746,0.5078267839219835,0.993819534778595
10,0.4997703075408936,0.3834154764811197,0.9988566637039183,0.4997703075408936,0.2828434501339431,0.9988566637039183,0.5668182373046875,0.3833069695366753,0.9988566637039183,0.4327223777770996,0.3835239834255642,0.9992560744285583,0.6441277503967285,0.4630393981933594,0.9948732256889344,0.3217153549194336,0.4839508056640625,0.992603361606598
11,0.501539397239685,0.3826158523559569,0.9988608360290528,0.501539397239685,0.2828991608989458,0.9988608360290528,0.5680100440979003,0.3835906558566623,0.9988608360290528,0.4350687503814697,0.3816410488552517,0.999377965927124,0.648063325881958,0.4533697764078776,0.9956486821174622,0.3259096145629883,0.459134038289388,0.9927492141723632
12,0.5036262750625611,0.3835178799099392,0.998874008655548,0.5036262750625611,0.2849679679041207,0.998874008655548,0.569287109375,0.3857844034830729,0.9990236759185792,0.437965440750122,0.3812513563368055,0.998874008655548,0.6567658901214599,0.4418800354003906,0.9955371618270874,0.3348229885101318,0.4330028957790798,0.9829893708229064
13,0.5044630050659179,0.3822022544013129,0.9990455508232116,0.5044630050659179,0.2840917031253445,0.9990455508232116,0.5698492527008057,0.3838511149088541,0.9990455508232116,0.4390767574310302,0.3805533938937717,0.9991254210472108,0.6624378681182861,0.4288396623399522,0.9959184527397156,0.333763313293457,0.4327273474799262,0.9909805655479432
14,0.5054378032684326,0.3813818825615777,0.9991044402122498,0.5054378032684326,0.28325356062546914,0.9991044402122498,0.5708526611328125,0.382107416788737,0.9991044402122498,0.4400229454040527,0.3806563483344184,0.9992107152938844,0.6675546646118165,0.4120614793565538,0.9959853291511536,0.3269590377807617,0.4503418392605252,0.9950330257415771
15,0.5056015968322753,0.374333635965983,0.9988803267478944,0.5056015968322753,0.2760505376012594,0.9988803267478944,0.5711236000061035,0.3742432064480251,0.998939573764801,0.4400795936584473,0.3744240654839409,0.9988803267478944,0.6654326915740967,0.4043080647786458,0.9970704317092896,0.3311352252960205,0.4422989315456814,0.9956696033477784
16,0.5075232267379761,0.3749322891235351,0.9986476302146912,0.5075232267379761,0.27717920890819736,0.9986476302146912,0.5726840496063232,0.3759468078613281,0.9989798665046692,0.4423624038696289,0.3739177703857422,0.9986476302146912,0.6734153747558593,0.3994053310818142,0.997043788433075,0.3443770170211792,0.4194883558485243,0.99367755651474
17,0.5076637744903565,0.3719790352715386,0.9986509680747986,0.5076637744903565,0.2769902454548862,0.9986509680747986,0.5709717750549317,0.3704751756456163,0.9986509680747986,0.4443557739257812,0.3734828948974609,0.9989469647407532,0.6677318096160889,0.3940781911214193,0.9962558746337892,0.338307523727417,0.4155917273627387,0.9954034090042114
18,0.5075744390487671,0.3729836993747287,0.9988744854927064,0.5075744390487671,0.27668013428012017,0.9988744854927064,0.5716756343841553,0.3693806542290581,0.9988744854927064,0.4434732437133789,0.3765867445203993,0.999078631401062,0.6753918170928955,0.3798971388075087,0.996624231338501,0.3340909719467163,0.411579598320855,0.9940937161445618
19,0.5083899021148681,0.3734901004367404,0.9988767504692078,0.5083899021148681,0.2772657746353056,0.9988767504692078,0.5723676204681396,0.3687979380289714,0.9988767504692078,0.4444121837615967,0.3781822628445095,0.999068319797516,0.6749353408813477,0.3689395904541016,0.9967441558837892,0.3345800161361694,0.4068875630696614,0.9926599860191344
20,0.5092413425445557,0.3735613293117947,0.9987616539001464,0.5092413425445557,0.2774235973940474,0.9987616539001464,0.573167371749878,0.368954340616862,0.9987616539001464,0.4453153133392334,0.3781683180067274,0.9989450573921204,0.6762203216552735,0.365252939860026,0.9964821338653564,0.3367717742919922,0.4012033250596788,0.989739716053009
21,0.5099403142929078,0.3710624270968966,0.9985180497169496,0.5099403142929078,0.2756283513214811,0.9985180497169496,0.5734225273132324,0.3668364630805121,0.9985180497169496,0.446458101272583,0.3752883911132812,0.9990910291671752,0.6721076011657715,0.3569866604275173,0.995421588420868,0.3339735746383667,0.3978536393907335,0.994157075881958
22,0.5090180873870849,0.368650394015842,0.9983686804771424,0.5090180873870849,0.2737032611155905,0.9983686804771424,0.5722176551818847,0.3651201460096571,0.9983686804771424,0.4458185195922851,0.3721806420220269,0.999206840991974,0.6645573139190674,0.3526847839355468,0.994694173336029,0.330706787109375,0.3952772352430556,0.9955624341964722
23,0.5079150915145874,0.3692033767700196,0.9985094666481018,0.5079150915145874,0.273559602875612,0.9985094666481018,0.5715729713439941,0.3655519697401259,0.9985094666481018,0.4442572116851807,0.3728547837999132,0.9989150762557985,0.6607317924499512,0.3476743486192491,0.995370090007782,0.3354764461517334,0.3833030700683594,0.992645263671875
24,0.5083296060562134,0.370574951171875,0.9984605312347412,0.5083296060562134,0.27489940384655864,0.9984605312347412,0.5720152854919434,0.3670402103000217,0.9984605312347412,0.4446439266204834,0.3741096920437283,0.9989246726036072,0.6592696666717529,0.3459236992730035,0.9949886202812196,0.3379847049713135,0.3804156409369574,0.9912569522857666
25,0.509312105178833,0.3732589509752061,0.9981953501701356,0.509312105178833,0.27956738721040164,0.9981953501701356,0.5716537475585938,0.3693987104627821,0.9986757636070251,0.4469704627990722,0.3771191914876302,0.9981953501701356,0.6602886199951172,0.3446996053059896,0.9949851036071776,0.3455856561660766,0.3695543501112196,0.9737643599510192
26,0.5090842247009277,0.3745248158772786,0.9978243112564088,0.5090842247009277,0.28064898776285085,0.9978243112564088,0.5714877128601075,0.3697764078776042,0.9986892342567444,0.446680736541748,0.3792732238769531,0.9978243112564088,0.6601463794708252,0.3429354773627387,0.994472324848175,0.3471070766448975,0.3677809821234809,0.9604067206382751
27,0.5092923164367675,0.3747881995307074,0.997700035572052,0.5092923164367675,0.28147903221467097,0.997700035572052,0.5712049007415771,0.3687522888183593,0.9987308382987976,0.447379732131958,0.3808241102430555,0.997700035572052,0.6597469806671142,0.3428097618950738,0.9942703247070312,0.3517438650131225,0.3671580420600043,0.9543429017066956
28,0.5098834276199341,0.3742186652289496,0.9975681900978088,0.5098834276199341,0.282412204429756,0.9975681900978088,0.5708095073699951,0.3683894263373481,0.9987586736679076,0.448957347869873,0.3800479041205512,0.9975681900978088,0.6598711490631104,0.3430627187093099,0.9941710829734802,0.3558726072311401,0.3670453389485677,0.9487183094024658
29,0.5100974321365357,0.3743075264824761,0.9973074197769164,0.5100974321365357,0.2833109729046907,0.9973074197769164,0.5704967021942139,0.3686423831515842,0.9987682700157166,0.4496981620788574,0.3799726698133681,0.9973074197769164,0.6587968826293945,0.3454622904459635,0.9936402440071106,0.3606901168823242,0.3686671786838107,0.93574720621109
30,0.5096758842468262,0.3735869513617621,0.9971922039985656,0.5096758842468262,0.28246123861378303,0.9971922039985656,0.5701103687286377,0.3673987918429904,0.998828947544098,0.4492413997650146,0.3797751108805338,0.9971922039985656,0.6593808174133301,0.3464601728651258,0.9947150349617004,0.3596310138702392,0.3691952175564236,0.938001275062561
31,0.5101335525512696,0.3736454433865017,0.997351884841919,0.5101335525512696,0.2817118259155842,0.997351884841919,0.5711284160614014,0.3676472981770833,0.99885892868042,0.4491386890411377,0.3796435885959201,0.997351884841919,0.661085557937622,0.3473069085015191,0.9946277737617492,0.3586688041687011,0.3707758161756727,0.9388238787651062
32,0.510782527923584,0.3735672208997938,0.9980149269104004,0.510782527923584,0.2806566541172328,0.9980149269104004,0.572529411315918,0.3686751047770182,0.9987333416938782,0.44903564453125,0.3784593370225694,0.9980149269104004,0.6636456489562989,0.3461126115587022,0.9940428137779236,0.3510940313339233,0.3675222608778212,0.9613662362098694
33,0.5100860118865966,0.3739909278021918,0.9982209801673888,0.5100860118865966,0.27980984350682053,0.9982209801673888,0.572750186920166,0.370059331258138,0.9987325072288512,0.4474218368530273,0.3779225243462457,0.9982209801673888,0.6675096988677979,0.3479708777533637,0.9946512579917908,0.3490268468856811,0.3681592729356553,0.9734978079795836
34,0.5106508493423462,0.3769980112711588,0.9986831545829772,0.5106508493423462,0.28100544550859397,0.9986831545829772,0.5745910167694092,0.3743483649359809,0.9987636804580688,0.4467106819152832,0.3796476576063368,0.9986831545829772,0.6741123199462891,0.3538414425320095,0.9957950115203856,0.3458123207092285,0.3764071570502387,0.9869253635406494
35,0.5104397535324097,0.3773949517144097,0.9987993240356444,0.5104397535324097,0.2811042812524232,0.9987993240356444,0.5745441913604736,0.3740093231201172,0.9988334774971008,0.4463353157043457,0.3807805803087022,0.9987993240356444,0.6778188228607178,0.357344479031033,0.9962778687477112,0.3452300310134887,0.3816286298963758,0.9887279272079468
36,0.5106500148773193,0.3788521024915907,0.9987922310829164,0.5106500148773193,0.2813736985193466,0.9987922310829164,0.575580644607544,0.3761796739366319,0.9987922310829164,0.4457193851470947,0.3815245310465495,0.9991025924682616,0.6791213512420654,0.3631600273980034,0.9966110587120056,0.3404536724090576,0.3901739332411024,0.994520664215088
37,0.5116946458816528,0.379325188530816,0.9988549947738647,0.5116946458816528,0.2827729514297074,0.9988549947738647,0.5759879589080811,0.3762220170762804,0.9988725781440736,0.4474013328552246,0.3824283599853516,0.9988549947738647,0.6785171031951904,0.3681557125515408,0.9965693950653076,0.3478947162628173,0.3907396952311198,0.9903193712234496
38,0.5117350101470948,0.3791508992513021,0.9987745881080629,0.5117350101470948,0.28179546163336355,0.9987745881080629,0.5765872478485108,0.3765686882866753,0.9987745881080629,0.4468827724456787,0.3817331102159288,0.9990033507347108,0.6778141975402832,0.3797047509087456,0.9965969920158386,0.3463286638259887,0.3975678337944878,0.9941598176956176
39,0.5115154981613159,0.3791436937120225,0.9986671209335328,0.5115154981613159,0.28214240455596096,0.9986671209335328,0.5761625289916992,0.3775157080756293,0.9986671209335328,0.4468684673309326,0.3807716793484158,0.9987572431564332,0.6727916717529296,0.3919993506537543,0.996307611465454,0.3492302894592285,0.3997319963243272,0.9916903972625732
40,0.5117529153823852,0.3812543869018554,0.9987128973007202,0.5117529153823852,0.28195962073376796,0.9987128973007202,0.577949333190918,0.3811434427897135,0.9987395405769348,0.4455564975738525,0.3813653310139974,0.9987128973007202,0.6771196365356446,0.3988849216037326,0.9963350296020508,0.3446380138397217,0.4012879265679253,0.9903744459152222
41,0.5112632036209106,0.3850766287909613,0.998789131641388,0.5112632036209106,0.28539459348376284,0.998789131641388,0.5777029514312744,0.3864857991536458,0.9989797472953796,0.4448234558105469,0.3836674584282769,0.998789131641388,0.674718189239502,0.4088297102186415,0.9960212111473083,0.3419817924499512,0.4000964694552951,0.986017644405365
42,0.5122816801071166,0.3859776814778645,0.998874008655548,0.5122816801071166,0.28642998587345025,0.998874008655548,0.5786327838897705,0.3873420715332031,0.9989712238311768,0.4459305763244628,0.384613291422526,0.998874008655548,0.6718594551086425,0.4123643239339192,0.9962106943130492,0.3433792114257812,0.4079566531711154,0.9906405210494996
43,0.512515091896057,0.3870534684922959,0.9986453652381896,0.512515091896057,0.2872063768723297,0.9986453652381896,0.5790695667266845,0.3882217407226562,0.9988971948623656,0.4459606170654296,0.3858851962619357,0.9986453652381896,0.6721761703491211,0.4162486182318793,0.9951434135437012,0.3452451705932617,0.4126367780897352,0.9860549569129944
44,0.5121851205825806,0.3888759189181857,0.9988211989402772,0.5121851205825806,0.28681862898836397,0.9988211989402772,0.5802157878875732,0.3898878733317057,0.9988211989402772,0.4441544532775879,0.3878639645046658,0.9989321827888488,0.6720379829406739,0.4193609025743272,0.9937011003494264,0.3398812294006347,0.4201055314805773,0.9868472218513488
45,0.5131955862045288,0.3895900514390733,0.9986565113067628,0.5131955862045288,0.2862729089939012,0.9986565113067628,0.582050085067749,0.39139281378852,0.9986565113067628,0.4443410873413086,0.3877872890896267,0.9989282488822936,0.6739024639129638,0.4260865529378255,0.9920679330825806,0.3378026485443115,0.4261364407009548,0.9854657649993896
46,0.5130644559860229,0.3902603997124566,0.9985887408256532,0.5130644559860229,0.28619744343585996,0.9985887408256532,0.5824037551879883,0.3924952189127604,0.9985887408256532,0.4437251567840576,0.3880255805121528,0.9990679621696472,0.6731693744659424,0.4346260494656033,0.9920212626457214,0.3344900846481323,0.4345782385932075,0.9865955710411072
47,0.5142299652099609,0.390315098232693,0.9987096786499025,0.5142299652099609,0.287486861221713,0.9987096786499025,0.5827330589294434,0.3929082658555772,0.9987096786499025,0.4457268714904785,0.387721930609809,0.9987949132919312,0.6694334506988525,0.4419620513916015,0.993053376674652,0.3392713546752929,0.4347831726074219,0.9779943823814392
48,0.5142343521118165,0.3904477013481987,0.9987857937812804,0.5142343521118165,0.28625129412053624,0.9987857937812804,0.5836868762969971,0.3917251586914062,0.9987857937812804,0.4447818279266357,0.3891702440049913,0.9992799162864684,0.6652243614196778,0.4463770124647352,0.9948596954345704,0.3249062776565551,0.4675440046522352,0.9938008189201356
49,0.5138783693313599,0.3892383363511827,0.9990432858467102,0.5138783693313599,0.2868476523405565,0.9990432858467102,0.5821383953094482,0.3894806332058377,0.9990432858467102,0.4456183433532715,0.3889960394965278,0.9992241859436036,0.6643542289733887,0.4462916480170356,0.9956631064414978,0.3284686565399169,0.4800317128499349,0.9949867725372314
50,0.5136475801467895,0.3873654895358615,0.9991361498832704,0.5136475801467895,0.28499655383316996,0.9991361498832704,0.5818874835968018,0.3882744683159722,0.9991803765296936,0.4454076766967773,0.3864565107557509,0.9991361498832704,0.6627133369445801,0.4496302710639105,0.9962475895881652,0.3288246393203735,0.482173834906684,0.9953241944313048
51,0.5144124746322631,0.3874557707044813,0.998975157737732,0.5144124746322631,0.2855323718285805,0.998975157737732,0.5823429584503174,0.389039060804579,0.9991494417190552,0.446481990814209,0.3858724806043836,0.998975157737732,0.6607304573059082,0.4617385016547309,0.9961655139923096,0.3324825525283813,0.4781972249348958,0.9938691854476928
52,0.5142788171768188,0.3863668441772461,0.9986428618431092,0.5142788171768188,0.2848753026533374,0.9986428618431092,0.5819217681884765,0.3879307640923394,0.9990633130073548,0.4466358661651611,0.3848029242621528,0.9986428618431092,0.6601671695709228,0.4688033633761935,0.9949784874916076,0.3336597204208374,0.4827916463216146,0.9915801882743835
53,0.5140766620635986,0.3874352984958225,0.9985572695732116,0.5140766620635986,0.28627122766614055,0.9985572695732116,0.5814750671386719,0.3898796081542969,0.9991796612739564,0.4466782569885253,0.3849909888373481,0.9985572695732116,0.6603676319122315,0.4782427893744574,0.9950504899024964,0.3380110502243042,0.4856692843967014,0.9905831813812256
54,0.5132657289505005,0.3874074512057834,0.998546540737152,0.5132657289505005,0.2842892611690059,0.998546540737152,0.5819468975067139,0.390379884507921,0.9992940425872804,0.4445845603942871,0.3844350179036458,0.998546540737152,0.6588412284851074,0.4781671735975477,0.9954280853271484,0.336942195892334,0.4929993523491753,0.9909548163414
55,0.5142609357833863,0.3875657611423068,0.9988700747489928,0.5142609357833863,0.28374699485083454,0.9988700747489928,0.5834406852722168,0.3896950615776909,0.999292492866516,0.4450811862945557,0.3854364607069227,0.9988700747489928,0.6592329978942871,0.4848246680365668,0.9948829412460328,0.3358202695846558,0.5088922288682726,0.9946715235710144
56,0.5138543844223022,0.3889890246921115,0.999009609222412,0.5138543844223022,0.28327956927773235,0.999009609222412,0.5843022346496582,0.3908704969618055,0.9992761015892028,0.4434065341949463,0.3871075524224175,0.999009609222412,0.6595434665679931,0.4868866814507378,0.9937054514884948,0.3360566139221191,0.5155396779378255,0.99541974067688
57,0.5141388654708863,0.3895182503594292,0.9989626407623292,0.5141388654708863,0.2832231914671928,0.9989626407623292,0.5849936008453369,0.3906246185302734,0.9992602467536926,0.4432841300964355,0.3884118821885851,0.9989626407623292,0.6580245971679688,0.4903787824842665,0.9928390383720398,0.3375747680664062,0.521452882554796,0.9953943490982056
58,0.5144201278686523,0.389421017964681,0.9989640712738036,0.5144201278686523,0.2839163257253556,0.9989640712738036,0.5847561836242676,0.3896599239773221,0.9991883635520936,0.4440840721130371,0.3891821119520399,0.9989640712738036,0.6525797367095947,0.493534427218967,0.991138756275177,0.340912914276123,0.5237823062472873,0.9948452711105348
59,0.5142471313476562,0.3883016162448459,0.9990261793136596,0.5142471313476562,0.28371821190489516,0.9990261793136596,0.5839622974395752,0.3873063829210069,0.9991028308868408,0.4445319652557373,0.3892968495686849,0.9990261793136596,0.6477058887481689,0.497023688422309,0.991139829158783,0.3444208145141602,0.5269210815429688,0.995070457458496
60,0.5152383804321289,0.3921283933851454,0.9990200996398926,0.5152383804321289,0.2889912375443416,0.9990200996398926,0.5839913368225098,0.3912870619032118,0.9990200996398926,0.446485424041748,0.392969724867079,0.9991306662559508,0.6454046249389649,0.5070969475640191,0.9891891479492188,0.346953296661377,0.5269152323404948,0.9961361289024352
61,0.515702223777771,0.3930428822835285,0.9989252686500548,0.515702223777771,0.2898878396259872,0.9989252686500548,0.5844526290893555,0.391400146484375,0.9989252686500548,0.4469518184661865,0.3946856180826822,0.999185025691986,0.6441601753234864,0.5123966640896267,0.9904977679252625,0.3483139514923096,0.5285315619574653,0.9965793490409852
62,0.5159978628158569,0.3938117769029405,0.9989401698112488,0.5159978628158569,0.29082071130985,0.9989401698112488,0.5846172332763672,0.3914295196533203,0.9989401698112488,0.4473784923553466,0.3961940341525607,0.9992275238037108,0.6425398826599121,0.5177147759331597,0.9922838807106018,0.349976921081543,0.5318243238661025,0.9969791173934937
63,0.5160882949829102,0.3946447796291775,0.9989185333251952,0.5160882949829102,0.2920092822545432,0.9989185333251952,0.5844615936279297,0.3920199076334635,0.9989185333251952,0.4477149963378906,0.3972696516248915,0.999170184135437,0.6409441947937011,0.5243881649441189,0.9912161827087402,0.3509436845779419,0.5389053344726562,0.9971343278884888
64,0.5161806106567383,0.3952151616414388,0.9986773133277892,0.5161806106567383,0.293099607993377,0.9986773133277892,0.5842212677001953,0.3929899003770616,0.9986773133277892,0.4481399536132812,0.397440422905816,0.9992332458496094,0.6383802413940429,0.5298054589165582,0.9901230931282043,0.354130482673645,0.5428298102484809,0.9973003268241882
65,0.5162435531616212,0.3961668226453992,0.998493790626526,0.5162435531616212,0.2941517468473627,0.998493790626526,0.5842230796813965,0.3941294352213542,0.998493790626526,0.4482640266418457,0.3982042100694444,0.9992502331733704,0.6355430603027343,0.5313995785183376,0.9887385368347168,0.3567227363586426,0.5466638776991103,0.997275173664093
66,0.5157528162002564,0.3973050223456488,0.9984581470489502,0.5157528162002564,0.2955646650441663,0.9984581470489502,0.5835705757141113,0.3961912367078993,0.9984581470489502,0.4479350566864014,0.3984188079833984,0.999238133430481,0.633263111114502,0.5350093841552734,0.9859774112701416,0.3592356204986572,0.5511205037434895,0.997074007987976
67,0.5162233829498291,0.3975645277235243,0.998416304588318,0.5162233829498291,0.2955435377756297,0.998416304588318,0.5842310428619385,0.3966363694932726,0.998416304588318,0.4482157230377197,0.398492685953776,0.9992111921310424,0.6317262649536133,0.537654537624783,0.9840328097343444,0.361285924911499,0.5532023111979166,0.9969069361686708
68,0.5168034553527832,0.3976113213433159,0.9984239339828492,0.5168034553527832,0.29628318883762095,0.9984239339828492,0.5843551158905029,0.3973709106445312,0.9984239339828492,0.4492517948150635,0.3978517320421006,0.9992597699165344,0.6288559913635254,0.5396731906467014,0.9890972375869752,0.363897705078125,0.554612562391493,0.996814787387848
69,0.517004632949829,0.3977727678087022,0.9984443783760072,0.517004632949829,0.29708464054796424,0.9984443783760072,0.584130048751831,0.3977906121148003,0.9984443783760072,0.4498792171478271,0.3977549235026041,0.99922513961792,0.6254117488861084,0.5430877685546875,0.9915016889572144,0.3665396690368652,0.554247072007921,0.996614396572113
70,0.5175101518630981,0.3976787355211045,0.9985036849975586,0.5175101518630981,0.2975677295228546,0.9985036849975586,0.58424973487854,0.3980597601996528,0.9985036849975586,0.4507705688476562,0.3972977108425564,0.9992122650146484,0.6227298736572265,0.5447613610161676,0.9923548698425292,0.3675737380981445,0.5559491899278429,0.9965535402297974
71,0.5173387050628662,0.3978419833713107,0.998513638973236,0.5173387050628662,0.2976814118900303,0.998513638973236,0.5841118335723877,0.3981216854519314,0.998513638973236,0.4505655765533447,0.3975622812906901,0.999194085597992,0.6209466457366943,0.5461101531982422,0.9923974871635436,0.3686340808868408,0.5572496202256945,0.9965673685073853
72,0.5176767587661742,0.397228029039171,0.9985045194625854,0.5176767587661742,0.2970263014244602,0.9985045194625854,0.5844772815704345,0.3975179036458333,0.9985045194625854,0.450876235961914,0.3969381544325087,0.9991968274116516,0.6185221195220947,0.5473448435465494,0.9917158484458924,0.3706575155258179,0.5590051862928602,0.9963726997375488
73,0.5178252220153808,0.3965501149495442,0.9983839988708496,0.5178252220153808,0.29635675589956256,0.9983839988708496,0.5846155643463135,0.397385999891493,0.9983839988708496,0.4510348796844482,0.3957142300075955,0.9991681575775146,0.6173091411590577,0.5504612392849393,0.9906617999076844,0.3724912881851196,0.5583324856228299,0.9959182143211364
74,0.5181662321090699,0.3963326772054036,0.9983559250831604,0.5181662321090699,0.2959465060902715,0.9983559250831604,0.5850837707519532,0.3972707960340711,0.9983559250831604,0.4512486934661865,0.3953945583767361,0.999172866344452,0.6143397331237793,0.5488414764404297,0.9902883768081664,0.3733912467956543,0.5609450446234809,0.9958243370056152
75,0.5181901454925537,0.3967906528049045,0.9981992840766908,0.5181901454925537,0.2967324380876089,0.9981992840766908,0.5848922729492188,0.3974590725368924,0.9981992840766908,0.4514880180358886,0.3961222330729166,0.9991809725761414,0.6139017105102539,0.5524711608886719,0.9900454878807068,0.3745791435241699,0.5632798936631944,0.995677411556244
76,0.5188016414642334,0.3973850462171766,0.99814772605896,0.5188016414642334,0.29748758908704553,0.99814772605896,0.5853818893432617,0.398935784233941,0.99814772605896,0.4522213935852051,0.3958343082004123,0.9991495609283448,0.6148374080657959,0.5583429972330729,0.989890456199646,0.3759222030639648,0.564131842719184,0.9954696893692015
77,0.5191084623336792,0.3977647569444444,0.9980986714363098,0.5191084623336792,0.29758682586456203,0.9980986714363098,0.5858847141265869,0.3988633049858941,0.9980986714363098,0.4523322105407715,0.3966662089029948,0.9990831613540648,0.6136598587036133,0.560141838921441,0.9901778101921082,0.3770849704742431,0.5645418379041883,0.9951973557472228
78,0.5190594673156739,0.3974196751912434,0.9980729818344116,0.5190594673156739,0.29794641493963253,0.9980729818344116,0.5853671073913574,0.3984411027696397,0.9980729818344116,0.4527518272399902,0.3963982476128472,0.9990783929824828,0.6131644725799561,0.5627827538384331,0.9896138310432434,0.3784037113189697,0.5651700761583116,0.9952442049980164
79,0.518977952003479,0.397422620985243,0.9979178309440612,0.518977952003479,0.29828581367420426,0.9979178309440612,0.5850582122802734,0.3986253526475694,0.9979178309440612,0.4528976917266846,0.3962198893229167,0.9990899562835692,0.612189245223999,0.5644275665283203,0.9893022179603576,0.3792990446090698,0.5659325493706597,0.9953587651252748
80,0.5193954229354858,0.3972878774007161,0.9979426264762878,0.5193954229354858,0.29836370539992774,0.9979426264762878,0.5853368759155273,0.3983147515190972,0.9979426264762878,0.4534539699554443,0.396261003282335,0.9990608096122742,0.6108399391174316,0.5653843773735894,0.9896440505981444,0.3801549673080444,0.5659444173177083,0.9953230023384094
81,0.5191795349121093,0.39732911851671,0.9979974627494812,0.5191795349121093,0.29846556685946374,0.9979974627494812,0.5850824356079102,0.398228285047743,0.9979974627494812,0.4532766342163086,0.3964299519856771,0.9990360736846924,0.6093885421752929,0.5662380218505859,0.9889625906944276,0.3813156604766846,0.5690861172146268,0.995128870010376
82,0.519066047668457,0.3970793830023871,0.998046875,0.519066047668457,0.2983945663901271,0.998046875,0.5848541259765625,0.3975659688313802,0.998046875,0.4532779693603516,0.3965927971733941,0.999026894569397,0.6080496311187744,0.5681954701741536,0.9887991547584534,0.3825551509857178,0.5694241841634115,0.9952734112739564
83,0.5190279245376587,0.3974951426188151,0.9978256821632384,0.5190279245376587,0.2983978654057935,0.9978256821632384,0.5850924968719482,0.3976871914333767,0.9978256821632384,0.4529633522033691,0.3973030938042535,0.9990032315254213,0.6064430236816406,0.5676534016927083,0.9867363572120668,0.3832288265228271,0.5731819152832032,0.9953128099441528
84,0.5188966035842896,0.3973492516411675,0.9977776408195496,0.5188966035842896,0.2989584716839335,0.9977776408195496,0.584490442276001,0.3973054673936632,0.9977776408195496,0.4533027648925781,0.3973930358886718,0.9989883303642272,0.6042141914367676,0.5647775014241536,0.987362027168274,0.3840527534484863,0.5736475626627604,0.9953498840332032
85,0.5188536882400513,0.3974784639146593,0.9976625442504884,0.5188536882400513,0.2987942977650881,0.9976625442504884,0.5846427917480469,0.3972667694091797,0.9976625442504884,0.4530645847320557,0.3976901584201389,0.9990154504776,0.6020875930786133,0.5623134189181858,0.987467348575592,0.3852726697921753,0.5745542738172743,0.9954813718795776
86,0.5189480066299439,0.3974071078830295,0.99752014875412,0.5189480066299439,0.2991325066009804,0.99752014875412,0.5844643592834473,0.397327635023329,0.99752014875412,0.4534316539764404,0.39748658074273,0.9990195035934448,0.6010683536529541,0.5614773220486111,0.987216293811798,0.3854623317718506,0.5754472520616319,0.99539715051651
87,0.5187034368515014,0.3970126681857638,0.9974856376647948,0.5187034368515014,0.29850822823066797,0.9974856376647948,0.5843729972839355,0.3969194200303819,0.9974856376647948,0.4530338764190674,0.3971059163411458,0.9990115165710448,0.6004749298095703,0.5647013770209418,0.9866761565208436,0.3856477499008178,0.5772590637207031,0.9953805208206176
88,0.5184946298599243,0.3968628777398003,0.997476041316986,0.5184946298599243,0.2987199681239388,0.997476041316986,0.5839231014251709,0.3969957139756944,0.997476041316986,0.4530661582946777,0.3967300415039062,0.9989651441574096,0.6002156257629394,0.5649217393663194,0.9873101711273192,0.3866403341293335,0.5773422665066189,0.9952451586723328
89,0.518516206741333,0.396988296508789,0.997394561767578,0.518516206741333,0.29808221898153364,0.997394561767578,0.5844533920288086,0.3968260023328993,0.997394561767578,0.4525790214538574,0.3971505906846788,0.998984396457672,0.5996374130249024,0.5652345021565756,0.985849380493164,0.3869124889373779,0.5799586825900608,0.9952549934387208
90,0.5184084177017212,0.3980085796780056,0.997445583343506,0.5184084177017212,0.2988182699451397,0.997445583343506,0.5845352649688721,0.3979500664605034,0.997445583343506,0.4522815704345703,0.3980670928955078,0.9989582300186156,0.6009340286254883,0.5683161841498481,0.985245645046234,0.3873273372650146,0.5808083852132161,0.9951435327529908
91,0.5185494661331177,0.3985284805297852,0.9974615573883056,0.5185494661331177,0.2994258060809455,0.9974615573883056,0.5846175193786621,0.3987573411729601,0.9974615573883056,0.4524814128875732,0.3982996198866102,0.9989746809005736,0.6012910366058349,0.5701098971896701,0.984411120414734,0.3875194549560546,0.5815416971842448,0.9950685501098632
92,0.5184643030166626,0.3990374247233073,0.9973904490470886,0.5184643030166626,0.30028705332344485,0.9973904490470886,0.5842974185943604,0.3987898932562934,0.9973904490470886,0.4526311874389648,0.3992849561903211,0.9989666938781738,0.6010321617126465,0.570620600382487,0.9840685725212096,0.3875533819198608,0.5825450473361545,0.995084583759308
93,0.5184016227722168,0.3992722617255316,0.9974324107170104,0.5184016227722168,0.3004152472864815,0.9974324107170104,0.5843061923980712,0.3991536882188585,0.9974324107170104,0.4524970531463623,0.3993908352322048,0.9989690780639648,0.600764274597168,0.571854994032118,0.9847992658615112,0.3874660015106201,0.5831107669406467,0.9952379465103148
94,0.5180193901062011,0.3998507393731011,0.9975457787513732,0.5180193901062011,0.30096319935870475,0.9975457787513732,0.5839442729949951,0.3999884287516276,0.9975457787513732,0.4520945072174072,0.3997130499945746,0.998922884464264,0.6001111984252929,0.573025894165039,0.9855255484580994,0.3872046947479248,0.5832690768771701,0.995153784751892
95,0.5177641630172729,0.399889882405599,0.9975797533988952,0.5177641630172729,0.3011801188500909,0.9975797533988952,0.5835706233978272,0.3999699062771267,0.9975797533988952,0.4519577026367187,0.3998098585340712,0.998910665512085,0.5995033264160157,0.571829096476237,0.9855587482452391,0.3869312763214111,0.583616680569119,0.9951308965682985
96,0.5178070068359375,0.3998211330837673,0.9974318146705629,0.5178070068359375,0.3012554868919325,0.9974318146705629,0.583514404296875,0.3991897583007812,0.9974318146705629,0.452099609375,0.4004525078667534,0.998908758163452,0.5994551181793213,0.5701667785644531,0.9851736426353456,0.3869808673858642,0.5833878411187066,0.9951457381248474
97,0.5177206516265869,0.3999803755018446,0.9973661303520204,0.5177206516265869,0.3016076488533861,0.9973661303520204,0.5832926273345947,0.398844231499566,0.9973661303520204,0.4521486759185791,0.4011165195041232,0.9989811778068542,0.5989952087402344,0.5688326941596137,0.9856789708137512,0.3862841606140136,0.5840157402886285,0.9953626394271852
98,0.5178133726119996,0.4004128138224284,0.9972570538520812,0.5178133726119996,0.3017028876597816,0.9972570538520812,0.5836044311523437,0.3989818996853299,0.9972570538520812,0.4520223140716553,0.4018437279595269,0.9989948868751526,0.5997536659240723,0.5701570298936632,0.985788643360138,0.3854243993759155,0.5835846794976128,0.9954511523246764
99,0.517445421218872,0.3996576097276475,0.9973872303962708,0.517445421218872,0.3013766530348515,0.9973872303962708,0.5829255104064941,0.3973528544108073,0.9973872303962708,0.45196533203125,0.4019623650444878,0.998981773853302,0.5994478225708008,0.5667889065212673,0.9876619577407836,0.3843934535980224,0.582665761311849,0.9955512285232544
100,0.5172199010848999,0.4004460228814019,0.9973669648170472,0.5172199010848999,0.3019447445131189,0.9973669648170472,0.5828380107879638,0.3978991190592448,0.9973669648170472,0.4516017913818359,0.402992926703559,0.999027132987976,0.599775743484497,0.5642603980170355,0.9878073334693908,0.3837689161300659,0.5818261464436849,0.9957615733146667
101,0.5168493270874024,0.4003040313720702,0.9973946809768676,0.5168493270874024,0.3019342674841605,0.9973946809768676,0.5823562622070313,0.3972125583224826,0.9973946809768676,0.4513423919677734,0.403395504421658,0.9990822076797484,0.6004002571105957,0.5602937486436632,0.9881265163421632,0.3827109813690185,0.5805219438340928,0.9958659410476683
102,0.5167096614837646,0.4001496209038628,0.9973315000534058,0.5167096614837646,0.30170359899034926,0.9973315000534058,0.5822728633880615,0.3971742418077257,0.9973315000534058,0.4511464595794677,0.403125,0.9990917444229126,0.6011640548706054,0.555938000149197,0.9878877997398376,0.3804385185241699,0.5756339603000217,0.9958135485649108
103,0.5158858537673949,0.4010563956366644,0.9975925087928772,0.5158858537673949,0.3018751977028577,0.9975925087928772,0.5819897174835205,0.3995599958631727,0.9975925087928772,0.4497819900512695,0.4025527954101562,0.9991193413734436,0.6056084156036377,0.5628502315945095,0.9875669479370116,0.378419303894043,0.570551003350152,0.9957990050315856
104,0.5157330513000489,0.4018524381849501,0.9978949427604676,0.5157330513000489,0.30157354774378503,0.9978949427604676,0.5825821876525878,0.4011725531684028,0.9978949427604676,0.4488839149475098,0.4025323232014974,0.9992231130599976,0.609032154083252,0.5596385108100044,0.9890177249908448,0.3750262260437011,0.5694418589274088,0.9958979487419128
105,0.5158101797103881,0.402342775132921,0.9981493949890136,0.5158101797103881,0.30195880207962444,0.9981493949890136,0.5827327728271484,0.4024290296766493,0.9981493949890136,0.4488875865936279,0.4022565205891927,0.9992749094963074,0.6123400211334229,0.5544534895155165,0.9909870028495787,0.3716348886489868,0.5654351128472223,0.9962369203567504
106,0.5152776002883911,0.4009860568576389,0.9986168146133424,0.5152776002883911,0.3001068857434013,0.9986168146133424,0.5825269222259521,0.4003039889865451,0.9986168146133424,0.4480282783508301,0.4016681247287326,0.99928480386734,0.6146570205688476,0.5496991475423177,0.9936803579330444,0.3670201778411865,0.5569038391113281,0.9968194961547852
107,0.5137994289398193,0.4002592298719618,0.9988810420036316,0.5137994289398193,0.298852513947735,0.9988810420036316,0.5813857078552246,0.3986907111273871,0.9988810420036316,0.4462131500244141,0.4018277486165365,0.9992485642433168,0.6213154315948486,0.5476944817437066,0.9933454990386964,0.3595378398895263,0.551686265733507,0.996874451637268
108,0.5128388166427612,0.3992846382988823,0.9989847540855408,0.5128388166427612,0.2975705587443026,0.9989847540855408,0.5806120872497559,0.397071795993381,0.9989847540855408,0.4450655460357666,0.4014974806043836,0.9992280006408693,0.6284172058105468,0.5410833570692274,0.9911801218986512,0.3520810127258301,0.5478185441758897,0.996810019016266
109,0.512260103225708,0.3995453092787001,0.998701810836792,0.512260103225708,0.2964034266391671,0.998701810836792,0.5809609889984131,0.3966645982530382,0.998701810836792,0.4435592174530029,0.402426020304362,0.9992857575416564,0.6381940841674805,0.5314603169759115,0.9832388162612916,0.3438248634338379,0.5415139092339409,0.996864140033722
110,0.5110910415649415,0.3987191094292535,0.9989836812019348,0.5110910415649415,0.29579824425635637,0.9989836812019348,0.5796315193176269,0.3955455356174045,0.9989836812019348,0.4425505638122559,0.4018926832411024,0.999370276927948,0.6409674644470215,0.5156945970323351,0.9916738867759703,0.3387715101242065,0.5372908698187934,0.9967339038848876
111,0.510970139503479,0.3977094438340928,0.999123513698578,0.510970139503479,0.29317136233478114,0.999123513698578,0.5806024551391602,0.394824473063151,0.999123513698578,0.4413378238677978,0.4005944146050347,0.9993075132369996,0.6497175216674804,0.5106739044189453,0.9914997220039368,0.3325447082519531,0.5311148325602214,0.9963560104370116
112,0.5101618289947509,0.394158109029134,0.9992114305496216,0.5101618289947509,0.2865209591917783,0.9992114305496216,0.5818767070770263,0.3916678958468967,0.9992114305496216,0.4384469509124756,0.3966483222113715,0.999277651309967,0.6551741123199463,0.495470937093099,0.9909164309501648,0.3289116382598877,0.521146477593316,0.9956412315368652
113,0.5092610120773315,0.391369268629286,0.999142289161682,0.5092610120773315,0.2860990267128867,0.999142289161682,0.5794034957885742,0.3890699174669054,0.999142289161682,0.4391185283660889,0.3936686197916667,0.9992721676826476,0.6533751487731934,0.4793707529703776,0.9897374510765076,0.3250115871429443,0.5101114484998915,0.9944091439247132
114,0.5095205783843993,0.3899540159437391,0.9990159273147584,0.5095205783843993,0.28549192893292136,0.9990159273147584,0.579138994216919,0.388165283203125,0.9990159273147584,0.4399021625518798,0.3917427486843533,0.9992591738700868,0.6590267181396484,0.4666675567626953,0.9870478510856628,0.3259405136108398,0.497021993001302,0.993584930896759
115,0.510062313079834,0.3879836188422308,0.9987333416938782,0.510062313079834,0.2845936710584379,0.9987333416938782,0.5789829730987549,0.3870763142903646,0.9987333416938782,0.4411416530609131,0.3888909233940972,0.9990872144699096,0.6669742584228515,0.4516513400607639,0.9739648103713988,0.3274494409561157,0.483324474758572,0.9921010136604308
116,0.50956871509552,0.386269293891059,0.9985942244529724,0.50956871509552,0.2837031133784813,0.9985942244529724,0.5779325008392334,0.3849021911621094,0.9985942244529724,0.4412049293518066,0.3876363966200087,0.9990087747573853,0.66507568359375,0.4325155470106336,0.967224895954132,0.3265129566192627,0.4784489949544271,0.990876078605652
117,0.5105344295501709,0.3861542807685004,0.9987180233001708,0.5105344295501709,0.28322540246864336,0.9987180233001708,0.57915358543396,0.3862692515055339,0.9987180233001708,0.4419152736663818,0.386039310031467,0.9988808035850524,0.6720310688018799,0.4264874776204427,0.96836656332016,0.322773265838623,0.4686342027452257,0.9907882809638976
118,0.5105482339859009,0.3857165654500325,0.9983793497085572,0.5105482339859009,0.28285994235651285,0.9983793497085572,0.5791160106658936,0.3863898383246528,0.9990170001983644,0.4419804573059082,0.3850432925754123,0.9983793497085572,0.6752288818359375,0.4220911237928602,0.9760921597480774,0.3150237798690796,0.462630123562283,0.9882196187973022
119,0.5092258453369141,0.383834097120497,0.9981032609939576,0.5092258453369141,0.28088261142128157,0.9981032609939576,0.5778532505035401,0.384808603922526,0.9992238283157348,0.4405984401702881,0.3828595903184679,0.9981032609939576,0.675198745727539,0.4177688598632812,0.9839941263198853,0.3136061429977417,0.4540088229709201,0.9810591340065002
120,0.5082077980041504,0.3836791356404622,0.9979228377342224,0.5082077980041504,0.2798466864071165,0.9979228377342224,0.5774089336395264,0.3853635576036241,0.9994109869003296,0.4390066623687744,0.3819947136773003,0.9979228377342224,0.6843689441680908,0.4143285963270399,0.9919943809509276,0.3130475044250488,0.4450371636284722,0.9758982062339784
121,0.5081562519073486,0.3830920961168077,0.997574746608734,0.5081562519073486,0.2798787198836209,0.997574746608734,0.5769450187683105,0.3847572326660156,0.9993299245834352,0.4393674850463867,0.3814269595675998,0.997574746608734,0.6870414733886718,0.4156598409016927,0.9923616647720336,0.3195494174957275,0.4385169135199653,0.9742251038551332
122,0.5074995040893554,0.3827764087253146,0.99783593416214,0.5074995040893554,0.28067168854360425,0.99783593416214,0.575563621520996,0.383656989203559,0.9991320967674256,0.4394353866577148,0.3818958282470703,0.99783593416214,0.6755422592163086,0.4099678463406033,0.9903448224067688,0.3241377115249634,0.4287853240966797,0.9722522497177124
123,0.5100953102111816,0.3802342308892144,0.997622549533844,0.5100953102111816,0.2812834998837773,0.997622549533844,0.5760555267333984,0.3792775472005208,0.9988514184951782,0.4441350936889648,0.381190914577908,0.997622549533844,0.6720131874084473,0.4048706902398003,0.9921187162399292,0.3388632774353027,0.4225889417860243,0.980876624584198
124,0.5099222660064697,0.3788646909925672,0.9974451065063475,0.5099222660064697,0.2823022274909122,0.9974451065063475,0.5742735385894775,0.377117919921875,0.9985085129737854,0.4455709934234619,0.3806114620632596,0.9974451065063475,0.6684850692749024,0.4046669854058159,0.9895530939102172,0.3446745872497558,0.4176287757025824,0.9804235696792604
125,0.5109008789062499,0.3786461300320095,0.99741131067276,0.5109008789062499,0.2812154828105144,0.99741131067276,0.5758330345153808,0.3769707997639974,0.99880051612854,0.4459687232971191,0.3803214603000217,0.99741131067276,0.6764437198638916,0.4025503370496961,0.9929146766662598,0.3437429666519165,0.4148659176296658,0.9830658435821532
126,0.5110440731048583,0.3773183398776584,0.9977211356163024,0.5110440731048583,0.28020472238399813,0.9977211356163024,0.575764274597168,0.3756226433648003,0.9985780715942384,0.4463238716125488,0.3790140363905165,0.9977211356163024,0.6725393295288086,0.3973844740125868,0.9912821054458618,0.3441006183624268,0.4122825198703342,0.9849421977996826
127,0.5113163232803345,0.3759271197848849,0.997788667678833,0.5113163232803345,0.27995783345580544,0.997788667678833,0.5752511501312256,0.3735360039605034,0.998420000076294,0.4473814964294433,0.3783182356092665,0.997788667678833,0.664841890335083,0.386653094821506,0.9886674284934998,0.3469210624694824,0.4068437788221571,0.984574258327484
128,0.5105672836303711,0.3760125266181098,0.9977166652679444,0.5105672836303711,0.2808856169772218,0.9977166652679444,0.5739346504211426,0.3734803517659505,0.9981295466423036,0.4471999168395996,0.3785447014702691,0.9977166652679444,0.6591382026672363,0.3844910939534505,0.9866402745246888,0.3484712123870849,0.4039474911159939,0.9806951284408568
129,0.5094828128814697,0.3763655556572808,0.9976307153701782,0.5094828128814697,0.2808210405202262,0.9976307153701782,0.5730901241302491,0.3729989369710286,0.9976307153701782,0.4458755016326904,0.379732174343533,0.9979748129844666,0.6514259815216065,0.3777581108940972,0.982535481452942,0.3459267139434814,0.4090924157036675,0.982365071773529
130,0.5098095417022706,0.3767636828952365,0.9978693723678588,0.5098095417022706,0.28146534950122215,0.9978693723678588,0.5732610702514649,0.3735626220703125,0.9979999661445618,0.4463580131530761,0.3799647437201606,0.9978693723678588,0.6571416854858398,0.3744377136230469,0.9856132864952089,0.3507632255554199,0.4060093349880642,0.9803714156150818
131,0.5101378917694092,0.3776981565687392,0.9977263808250428,0.5101378917694092,0.2841730335656969,0.9977263808250428,0.5723993301391601,0.3743746015760634,0.9979155659675598,0.4478764533996582,0.3810217115614149,0.9977263808250428,0.6566342830657959,0.3727241516113281,0.983737289905548,0.3610697269439697,0.3973575592041015,0.9698180556297302
132,0.5098614692687988,0.3783692253960503,0.9977830052375792,0.5098614692687988,0.2842817589023944,0.9977830052375792,0.5724777698516845,0.374678463406033,0.998005211353302,0.4472451686859131,0.3820599873860677,0.9977830052375792,0.6598759651184082,0.3669876522488064,0.98317551612854,0.3594901084899902,0.3957100762261284,0.9714675545692444
133,0.5104121446609498,0.378331184387207,0.997442364692688,0.5104121446609498,0.2852593056991498,0.997442364692688,0.572390365600586,0.3753910488552517,0.9982597231864928,0.4484339237213134,0.3812713199191623,0.997442364692688,0.6622925758361816,0.3654368930392795,0.987324357032776,0.3630092859268188,0.3886250389946831,0.9678740501403807
134,0.510231876373291,0.3792670355902777,0.9973904490470886,0.510231876373291,0.28621332699251495,0.9973904490470886,0.5722223281860351,0.3768953111436632,0.9983813762664796,0.4482414245605469,0.3816387600368923,0.9973904490470886,0.6653206825256348,0.3613909827338324,0.9888673424720764,0.3633721828460693,0.3885688781738281,0.9699127078056335
135,0.5099683046340943,0.3790927039252387,0.997686505317688,0.5099683046340943,0.28647797343940967,0.997686505317688,0.5716865539550782,0.3773392147488064,0.9983059167861938,0.4482500553131103,0.380846193101671,0.997686505317688,0.664396858215332,0.3633661482069227,0.9878671169281006,0.3592018365859985,0.3900275336371527,0.97195303440094
136,0.5101120948791504,0.3790473090277777,0.9979408383369446,0.5101120948791504,0.2862573781747685,0.9979408383369446,0.5719646453857422,0.3780902862548828,0.9982282519340516,0.4482595443725586,0.3800043318006727,0.9979408383369446,0.6653393745422364,0.3661554972330729,0.9875126481056212,0.3559879779815674,0.3898016187879774,0.9748253226280212
137,0.5104824066162109,0.3789322323269314,0.997871994972229,0.5104824066162109,0.2865846672594895,0.997871994972229,0.5720467567443848,0.3786400689019097,0.9981947541236876,0.4489180564880371,0.3792243957519531,0.997871994972229,0.6637865543365479,0.3669282701280382,0.9866450428962708,0.3576618671417236,0.3904340532090928,0.9729375243186952
138,0.5109007358551025,0.3792782465616862,0.9977409839630128,0.5109007358551025,0.28707932796725416,0.9977409839630128,0.5723664283752441,0.379101816813151,0.998311161994934,0.4494350433349609,0.3794546763102213,0.9977409839630128,0.6675239562988281,0.3654906378851996,0.9863637089729308,0.3545305252075195,0.3925911797417534,0.9730254411697388
139,0.5107497215270996,0.3791348139444986,0.9976093769073486,0.5107497215270996,0.28727178386737534,0.9976093769073486,0.5719858169555664,0.378282970852322,0.9986444115638732,0.4495136260986328,0.3799866570366753,0.9976093769073486,0.6723068237304688,0.3648806677924262,0.9893279671669006,0.3552920341491699,0.3948983510335286,0.9743504524230956
140,0.5112166643142699,0.3804166581895616,0.9976776242256165,0.5112166643142699,0.28729637948927117,0.9976776242256165,0.5732865333557129,0.379284922281901,0.9987560510635376,0.4491467952728271,0.3815483940972222,0.9976776242256165,0.674652099609375,0.3658801608615451,0.9906187653541564,0.3547797441482544,0.3976800282796224,0.9778169989585876
141,0.512046980857849,0.3802303738064236,0.9974459409713744,0.512046980857849,0.2859076280357761,0.9974459409713744,0.5749168395996094,0.3790033976236979,0.9990710020065308,0.4491771221160888,0.3814573499891493,0.9974459409713744,0.6816967964172364,0.3688675774468316,0.9940423369407654,0.356130051612854,0.3999956342909071,0.9776301383972168
142,0.5128718137741088,0.3806353674994575,0.9971652626991272,0.5128718137741088,0.2850075405369067,0.9971652626991272,0.5766045093536377,0.379071299235026,0.9992665648460388,0.4491391181945801,0.3821994357638889,0.9971652626991272,0.6879149913787842,0.3729073418511284,0.9953289031982422,0.3605614185333252,0.3965090857611762,0.972957730293274
143,0.513892674446106,0.382368681165907,0.9979289770126344,0.513892674446106,0.2839437332748078,0.9979289770126344,0.5795072078704834,0.3818439059787326,0.9993051290512084,0.4482781410217285,0.3828934563530816,0.9979289770126344,0.6908280372619628,0.3777223375108507,0.9952995777130128,0.3496424198150635,0.4004542456732856,0.983387053012848
144,0.5144235372543335,0.3826523251003689,0.9983943104743958,0.5144235372543335,0.28129954526724466,0.9983943104743958,0.5819918632507324,0.3824904547797309,0.9992780089378356,0.4468552112579346,0.3828141954210069,0.9983943104743958,0.6944890022277832,0.3893958621554904,0.9954829216003418,0.3429504871368408,0.4040423923068576,0.9889159202575684
145,0.5134200811386108,0.3826604843139648,0.9976320266723632,0.5134200811386108,0.2843063331112774,0.9976320266723632,0.578983211517334,0.3835696750217013,0.999239444732666,0.4478569507598877,0.3817512936062283,0.9976320266723632,0.6882696151733398,0.3965317196316189,0.9950366616249084,0.3549206256866455,0.4001453399658203,0.975278913974762
146,0.5133425712585449,0.3858298831515842,0.997989058494568,0.5133425712585449,0.2894485170762424,0.997989058494568,0.5775238990783691,0.3888901180691189,0.9989123344421388,0.4491612434387207,0.3827696482340494,0.997989058494568,0.6696588039398194,0.4041585286458333,0.9880073070526124,0.3563175678253173,0.401301998562283,0.9609830975532532
147,0.512104845046997,0.3852828979492186,0.9985347986221312,0.512104845046997,0.28807710322462676,0.9985347986221312,0.57685546875,0.387909189860026,0.9987258315086364,0.4473542213439941,0.3826566060384114,0.9985347986221312,0.6665244102478027,0.4088088141547309,0.9861305356025696,0.3513595581054687,0.4067217508951823,0.9746973514556884
148,0.5124588489532471,0.3860126071506076,0.9985772371292114,0.5124588489532471,0.2867925207150085,0.9985772371292114,0.5785559177398681,0.3885751512315538,0.9987260699272156,0.446361780166626,0.3834500630696614,0.9985772371292114,0.6713097572326661,0.4095831129286024,0.9821333289146424,0.3512983798980713,0.4135495079888238,0.9730777144432068
149,0.5112653255462646,0.3875607384575738,0.9982806444168092,0.5112653255462646,0.28725232048695837,0.9982806444168092,0.578096866607666,0.3898945702446831,0.9982806444168092,0.4444337844848632,0.3852269066704644,0.9987794756889344,0.6714902400970459,0.4108169555664062,0.973975419998169,0.3382859230041504,0.4262969546847873,0.985158145427704
150,0.511930274963379,0.3889193640814887,0.9985602498054504,0.511930274963379,0.28593959299660665,0.9985602498054504,0.5805665493011475,0.390442869398329,0.9985602498054504,0.4432940006256103,0.3873958587646484,0.9989148378372192,0.6847973346710206,0.4164571550157335,0.9762403964996338,0.3282981395721435,0.43729248046875,0.9903485774993896
151,0.5134282588958741,0.3902430852254231,0.9986674785614014,0.5134282588958741,0.2850568272003141,0.9986674785614014,0.5835451126098633,0.3912561628553602,0.9986674785614014,0.4433114051818848,0.3892300075954861,0.999001443386078,0.6903332710266114,0.4242959764268663,0.9758893251419068,0.3296666622161865,0.441477288140191,0.990266740322113
152,0.5131271839141845,0.391165902879503,0.9986808896064758,0.5131271839141845,0.2846048291115874,0.9986808896064758,0.5841670036315918,0.391522725423177,0.9986808896064758,0.4420873641967773,0.390809080335829,0.9991027116775512,0.6891905784606933,0.4360057406955295,0.9732925295829772,0.3161385059356689,0.4618112352159288,0.9897809028625488
153,0.5127676248550415,0.3906784481472439,0.9990843534469604,0.5127676248550415,0.28448124724978496,0.9990843534469604,0.5835569381713868,0.3895609113905165,0.9990843534469604,0.4419783115386962,0.3917959849039713,0.9991747736930848,0.6905811309814454,0.4511690351698134,0.9861698150634766,0.3230714082717895,0.4691576639811198,0.9916960597038268
154,0.5112011671066284,0.389940431382921,0.9991223216056824,0.5112011671066284,0.28480264338750527,0.9991223216056824,0.5812574863433838,0.3877086639404297,0.9991223216056824,0.441144847869873,0.3921721988254123,0.9992818236351012,0.6819575309753418,0.4583574083116319,0.991415798664093,0.3253336429595947,0.4745696597629123,0.9933921694755554
155,0.51087327003479,0.3902611626519097,0.9992138147354126,0.51087327003479,0.2858160621941765,0.9992138147354126,0.5804696559906006,0.3880956861707899,0.9992138147354126,0.4412768840789794,0.3924266391330295,0.9993170499801636,0.6792288780212402,0.4634209103054471,0.9919354915618896,0.3253562211990356,0.4788474612765842,0.9936331510543824
156,0.5098613023757934,0.3917614407009548,0.9992103576660156,0.5098613023757934,0.2875296897521862,0.9992103576660156,0.5793102741241455,0.3894377814398871,0.9992665648460388,0.4404123306274414,0.3940850999620225,0.9992103576660156,0.6777500629425048,0.4654282040066189,0.9917289614677428,0.3250565052032471,0.4861346774631076,0.9918519854545592
157,0.5099129438400268,0.3923254436916775,0.9991807341575624,0.5099129438400268,0.28772301174401205,0.9991807341575624,0.5796013832092285,0.389778815375434,0.9991807341575624,0.4402245044708252,0.394872072007921,0.9991992115974426,0.6760143280029297,0.4688354068332248,0.9902400970458984,0.3264234304428101,0.493406253390842,0.9928590059280396
158,0.5097973346710205,0.3929717381795247,0.9991605281829834,0.5097973346710205,0.288231583923138,0.9991605281829834,0.5795436859130859,0.3896214803059896,0.9991605281829834,0.4400509834289551,0.3963219960530599,0.9992231130599976,0.6699978828430175,0.475882085164388,0.9922438263893129,0.3292536735534668,0.5029037475585938,0.993898868560791
159,0.509368896484375,0.3946400112575954,0.9990652203559875,0.509368896484375,0.2900593864010401,0.9990652203559875,0.5790014266967773,0.3911404079861111,0.9990652203559875,0.4397363662719726,0.3981396145290798,0.9993403553962708,0.6626131057739257,0.4792297787136502,0.9936937689781188,0.3300972461700439,0.5151003943549262,0.9957572817802428
160,0.5095258474349975,0.395294083489312,0.998859405517578,0.5095258474349975,0.2905902036446289,0.998859405517578,0.5792616844177246,0.3922421773274739,0.998859405517578,0.4397900104522705,0.3983459896511502,0.9993836879730223,0.6602489948272705,0.4861541748046875,0.9929023385047911,0.3314211368560791,0.5218986087375217,0.9958386421203612
161,0.5093193292617798,0.3961082882351345,0.9987984895706176,0.5093193292617798,0.29059237149038186,0.9987984895706176,0.5796078681945801,0.393316904703776,0.9987984895706176,0.4390307903289795,0.398899671766493,0.9994402527809144,0.6562764167785644,0.4896314832899305,0.9926530122756958,0.33213050365448,0.5291644626193577,0.9962509274482728
162,0.5086563348770141,0.4003932529025608,0.998881995677948,0.5086563348770141,0.2958473079992723,0.998881995677948,0.5782522678375244,0.3966356913248698,0.998881995677948,0.4390604019165039,0.4041508144802517,0.9995062351226808,0.6538783073425293,0.4940926869710286,0.9929817914962769,0.3325314521789551,0.5376678042941623,0.9969069361686708
163,0.509124755859375,0.4009033203125,0.9988848567008972,0.509124755859375,0.29661473199636423,0.9988848567008972,0.578541374206543,0.3970097859700521,0.9988848567008972,0.439708137512207,0.4047968546549479,0.9995235204696656,0.6503066062927246,0.4996677822536892,0.9934479594230652,0.3328357219696045,0.5418734232584635,0.997365415096283
164,0.5102227687835693,0.4020505693223741,0.9988701939582824,0.5102227687835693,0.29754569230018213,0.9988701939582824,0.5797687530517578,0.3978968302408854,0.9988701939582824,0.4406767845153808,0.4062043084038628,0.999461829662323,0.6483582496643067,0.50577392578125,0.9933956265449524,0.3369404554367065,0.5423681894938152,0.9971264004707336
165,0.5110676765441895,0.4017979939778645,0.9987125396728516,0.5110676765441895,0.2973263649947818,0.9987125396728516,0.5806082248687744,0.3979351467556423,0.9987125396728516,0.4415271282196045,0.4056608412000868,0.9994240999221802,0.6450800418853759,0.5120019700792101,0.9925761222839355,0.3395925045013427,0.5433916303846571,0.9969484210014344
166,0.5110644578933716,0.4017318937513563,0.9985798597335817,0.5110644578933716,0.29742003393260796,0.9985798597335817,0.5805234909057617,0.3983515421549479,0.9985798597335817,0.4416054248809814,0.4051122453477647,0.999391794204712,0.6418321609497071,0.5161658393012153,0.9913370609283448,0.3432169914245605,0.5410486433241103,0.9968407154083252
167,0.5113240957260132,0.4022590637207031,0.9985167384147644,0.5113240957260132,0.29814893009398596,0.9985167384147644,0.5806719779968261,0.3994009229871962,0.9985167384147644,0.4419762134552002,0.40511720445421,0.9993401169776917,0.6400026321411133,0.5220507303873698,0.9904416799545288,0.3462895393371582,0.5435622321234809,0.9966281056404114
168,0.5122814178466797,0.4030753241644964,0.9985669255256652,0.5122814178466797,0.2984380054565491,0.9985669255256652,0.5819897651672363,0.4004381815592447,0.9985669255256652,0.442573070526123,0.4057124667697482,0.9992862343788148,0.639743709564209,0.526710934109158,0.9915682673454284,0.3499889135360717,0.5465169270833333,0.9966517090797424
169,0.5126172065734863,0.4031436920166015,0.9985150694847108,0.5126172065734863,0.2991157575796274,0.9985150694847108,0.5819182395935059,0.4004865010579427,0.9985150694847108,0.4433161735534668,0.4058008829752604,0.9992990493774414,0.6371323585510253,0.5295779758029514,0.991407036781311,0.3531484127044678,0.5488882700602213,0.9966488480567932
170,0.5125608921051025,0.4032753414577908,0.9983890056610109,0.5125608921051025,0.29932580740237535,0.9983890056610109,0.5818018913269043,0.4004238552517361,0.9983890056610109,0.4433198928833007,0.4061268276638455,0.9992440938949584,0.6330307960510254,0.5323518117268881,0.9908676147460938,0.3547868728637695,0.5520719740125868,0.9963605999946594
171,0.5127087593078614,0.4035634358723958,0.9984214305877686,0.5127087593078614,0.299845939445512,0.9984214305877686,0.5817823886871338,0.4004226684570312,0.9984214305877686,0.4436351299285889,0.4067042032877604,0.999210238456726,0.6295506477355957,0.5357667711046007,0.9922067523002625,0.3569957733154297,0.5539986928304036,0.996531069278717
172,0.5125746250152587,0.4032290776570638,0.9984614849090576,0.5125746250152587,0.29961485300416374,0.9984614849090576,0.5816034317016602,0.4006720648871528,0.9984614849090576,0.4435458183288574,0.4057860904269748,0.9991674423217772,0.6286853790283203,0.5402045355902778,0.9918089509010316,0.3593417406082153,0.5549329545762803,0.9965963959693908
173,0.5125829219818115,0.4032074398464627,0.9985546469688416,0.5125829219818115,0.29965990935572234,0.9985546469688416,0.5815581321716309,0.4004156324598524,0.9985546469688416,0.4436077117919922,0.4059992472330729,0.9991329312324524,0.6260000228881836,0.5425278557671441,0.9931278228759766,0.3609147310256958,0.5579221937391493,0.996475875377655
174,0.5122423887252807,0.4027167426215277,0.9986514449119568,0.5122423887252807,0.2995668544188618,0.9986514449119568,0.5809361457824707,0.3995525783962673,0.9986514449119568,0.4435486316680908,0.4058809068467882,0.9991408586502076,0.6228415489196777,0.5441505432128906,0.9943190217018129,0.362554931640625,0.5600229051378038,0.9966400861740112
175,0.5124160766601562,0.4026108000013563,0.9987077713012696,0.5124160766601562,0.2994366526906931,0.9987077713012696,0.5811351776123047,0.399652099609375,0.9987077713012696,0.4436969757080078,0.4055695003933376,0.9990968704223632,0.620358943939209,0.5458641476101346,0.9948710203170776,0.3650274753570556,0.560864003499349,0.9966335892677308
176,0.5128189563751221,0.4033711327446831,0.998716115951538,0.5128189563751221,0.3004066446553148,0.998716115951538,0.5814029216766358,0.4005250718858507,0.998716115951538,0.4442349910736084,0.4062171936035156,0.9991039633750916,0.6174893856048584,0.5478406270345052,0.9949045181274414,0.366917610168457,0.5646288553873698,0.9965954422950744
177,0.5126114845275879,0.4028740353054469,0.9985886216163636,0.5126114845275879,0.29985587634171385,0.9985886216163636,0.5812219619750977,0.3998119778103298,0.9985886216163636,0.4440010070800781,0.4059360928005642,0.9991163611412048,0.6147918701171875,0.5500877380371094,0.9946488738059998,0.3682807922363281,0.5646406385633681,0.9965493679046632
178,0.5131912946701049,0.4034321679009331,0.9985252022743224,0.5131912946701049,0.3006003491314416,0.9985252022743224,0.5816972732543946,0.4008521185980903,0.9985252022743224,0.4446853160858154,0.406012217203776,0.9991174340248108,0.614020824432373,0.5533848656548395,0.9943506717681884,0.3699674129486084,0.5653642018636068,0.9963416457176208
179,0.513488507270813,0.4037030749850802,0.998497724533081,0.513488507270813,0.3006107140519428,0.998497724533081,0.5821674823760986,0.4011012607150607,0.998497724533081,0.4448095321655273,0.4063048892550998,0.9991311430931092,0.6124560832977295,0.5545123206244574,0.9942666888237,0.3713931083679199,0.5677159203423394,0.9962809681892396
180,0.5139910936355591,0.403647592332628,0.9984118938446044,0.5139910936355591,0.30062221046652543,0.9984118938446044,0.5826294898986817,0.4011564466688368,0.9984118938446044,0.4453526973724365,0.4061387379964192,0.9991623163223268,0.6100013256072998,0.5549721611870659,0.9940345883369446,0.3730443000793457,0.5696124182807074,0.9963229894638062
181,0.5140262365341186,0.4037683486938476,0.9983481168746948,0.5140262365341186,0.30114629091442763,0.9983481168746948,0.5823963642120361,0.4012990315755208,0.9983481168746948,0.4456561088562011,0.4062376658121744,0.999158263206482,0.6083268165588379,0.5574860042995877,0.9940147995948792,0.3739165782928467,0.571768061319987,0.9963147044181824
182,0.514613151550293,0.4036007775200737,0.9981947541236876,0.514613151550293,0.3013232155956975,0.9981947541236876,0.5827612400054931,0.4013562520345052,0.9981947541236876,0.4464650630950927,0.4058453030056423,0.9991355538368224,0.6068141460418701,0.559576416015625,0.9936044812202454,0.375036334991455,0.5721505482991537,0.9962683320045472
183,0.5147095203399659,0.4034139845106336,0.9980044960975648,0.5147095203399659,0.3013943318569305,0.9980044960975648,0.5826885223388671,0.4012605455186632,0.9980044960975648,0.4467305183410645,0.4055674235026041,0.9990911483764648,0.6046307563781739,0.5586437225341797,0.992402195930481,0.3755827188491821,0.5743382771809896,0.9961597919464112
184,0.5147636890411377,0.402424685160319,0.9978356957435608,0.5147636890411377,0.30041981940950657,0.9978356957435608,0.5827273368835449,0.4001043955485026,0.9978356957435608,0.4468000411987304,0.4047449747721354,0.9990767240524292,0.602961254119873,0.5567404005262587,0.9919850826263428,0.376688814163208,0.574413553873698,0.9961450099945068
185,0.5145068883895874,0.4018622928195529,0.997531235218048,0.5145068883895874,0.3012585693928653,0.997531235218048,0.5815364837646484,0.3995592329237196,0.997531235218048,0.4474772930145264,0.4041653527153863,0.9990602135658264,0.6014553070068359,0.5579810248480903,0.9908832907676696,0.3771599769592285,0.5757609049479167,0.995862364768982
186,0.5145174980163574,0.4009981791178385,0.9973114728927612,0.5145174980163574,0.3010647571527851,0.9973114728927612,0.581095027923584,0.3985566880967882,0.9973114728927612,0.4479399681091308,0.4034396701388889,0.999045431613922,0.6004993438720703,0.5593099806043836,0.9905891418457032,0.378305435180664,0.5752272711859809,0.9958589673042296
187,0.5148592472076416,0.400372674730089,0.9971674084663392,0.5148592472076416,0.30082767966975443,0.9971674084663392,0.5811751365661622,0.3978638119167751,0.9971674084663392,0.4485433578491211,0.4028815375434028,0.999026656150818,0.5989480972290039,0.5593889448377821,0.990532159805298,0.3788091421127319,0.5766081068250868,0.9959313273429872
188,0.515440034866333,0.3995666927761501,0.9971795082092284,0.515440034866333,0.3004547458595574,0.9971795082092284,0.5814560890197754,0.3967850579155816,0.9971795082092284,0.4494239807128906,0.4023483276367187,0.9989904761314392,0.597838020324707,0.5593929714626736,0.990960419178009,0.3802456378936767,0.5762542300754123,0.9960507750511168
189,0.5157315969467162,0.3989753299289279,0.9969670176506042,0.5157315969467162,0.29974050895570437,0.9969670176506042,0.5818138122558594,0.3958401150173611,0.9969670176506042,0.4496493816375732,0.4021105448404948,0.9990021586418152,0.5960630416870117,0.5572393629286024,0.9901301264762878,0.3811210632324219,0.5773230658637153,0.99618262052536
190,0.5158034563064575,0.3989073859320746,0.9970226883888244,0.5158034563064575,0.2989585675269466,0.9970226883888244,0.5823758125305176,0.3960758633083767,0.9970226883888244,0.4492311000823974,0.4017389085557725,0.9990087151527404,0.595773983001709,0.5602850172254774,0.9899955987930298,0.3816629409790039,0.5801567077636719,0.9961464405059814
191,0.5161324501037597,0.3981830596923827,0.9968953132629396,0.5161324501037597,0.298061538394977,0.9968953132629396,0.5828083038330079,0.3950873480902778,0.9968953132629396,0.4494565963745117,0.4012787712944878,0.9989786148071288,0.5948587894439697,0.5582723829481336,0.9900949001312256,0.3821909427642822,0.5807644314236111,0.9961397051811218
192,0.5160289287567139,0.3979528003268772,0.996768355369568,0.5160289287567139,0.29721694218601746,0.996768355369568,0.5830996036529541,0.3945440928141276,0.996768355369568,0.4489582538604736,0.4013615078396267,0.9989799857139589,0.5935484409332276,0.5572887420654297,0.9890052676200868,0.3826667547225952,0.5814815945095486,0.9959583878517152
193,0.5156800031661987,0.3983407338460286,0.9967697858810424,0.5156800031661987,0.2980249279322107,0.9967697858810424,0.5824862480163574,0.3952607896592882,0.9967697858810424,0.44887375831604,0.4014206780327691,0.9989639520645142,0.5934052467346191,0.5579725477430556,0.989493489265442,0.3831765174865723,0.5807850307888455,0.996020257472992
194,0.5154148817062378,0.3982073042127821,0.9967184662818908,0.5154148817062378,0.2980804684657027,0.9967184662818908,0.5820905208587647,0.3950316111246745,0.9967184662818908,0.4487392425537109,0.4013829973008898,0.999001920223236,0.5924294471740723,0.5573297288682726,0.9886128902435304,0.3830941677093505,0.5814746432834201,0.9960585832595824
195,0.5147234439849853,0.39781248304579,0.9967083930969238,0.5147234439849853,0.2982683869912587,0.9967083930969238,0.5810222148895263,0.3948995802137587,0.9967083930969238,0.4484246730804443,0.4007253858778212,0.998970866203308,0.5920756340026856,0.557780287000868,0.9883291721343994,0.3829579591751099,0.5819331698947483,0.995972216129303
196,0.5144097089767456,0.3970239003499348,0.9967488050460817,0.5144097089767456,0.2976109352533931,0.9967488050460817,0.5805938243865967,0.3935483296712239,0.9967488050460817,0.4482255935668945,0.4004994710286458,0.998984158039093,0.5908666610717773,0.5561299218071831,0.98839670419693,0.3830818653106689,0.5808496263292101,0.9959942102432252
197,0.513938570022583,0.3963173124525282,0.9966153502464294,0.513938570022583,0.2968991305740763,0.9966153502464294,0.5801359176635742,0.3930326673719618,0.9966153502464294,0.4477412223815918,0.3996019575330946,0.9989443421363832,0.5903184890747071,0.5562914954291449,0.9874807000160216,0.3831737041473388,0.5807733747694227,0.9957484602928162
198,0.5135551452636719,0.3962111790974935,0.9966391324996948,0.5135551452636719,0.2969321263410663,0.9966391324996948,0.5796525955200196,0.3927879757351346,0.9966391324996948,0.4474576950073242,0.3996343824598524,0.9989218711853028,0.590251350402832,0.5556093004014757,0.9875495433807372,0.3831146717071533,0.580510499742296,0.9956169128417968
199,0.5130605697631836,0.3960269504123264,0.996614396572113,0.5130605697631836,0.29687474351649434,0.996614396572113,0.5790886878967285,0.3929137335883246,0.996614396572113,0.4470324516296386,0.3991401672363281,0.9988884329795836,0.589998435974121,0.5563199785020616,0.9880113005638124,0.3831752300262451,0.5802050272623698,0.9954937696456908
200,0.5123412847518921,0.3957052654690212,0.9963905215263368,0.5123412847518921,0.2964209142997904,0.9963905215263368,0.578428316116333,0.3920224507649739,0.9963905215263368,0.4462542533874511,0.3993880801730686,0.9989084005355836,0.5893492698669434,0.5551315731472439,0.9870755076408386,0.3829542160034179,0.5799351162380643,0.9954688549041748
201,0.5116409301757813,0.3956451416015625,0.9961691498756408,0.5116409301757813,0.2968633037182806,0.9961691498756408,0.5773966789245606,0.3920389811197917,0.9961691498756408,0.4458851814270019,0.3992513020833333,0.9989148378372192,0.5889167308807373,0.5543633778889974,0.9863376021385192,0.3828415393829346,0.5805037604437934,0.9954727292060852
202,0.5111037969589234,0.3951872931586371,0.9961932897567748,0.5111037969589234,0.2967546879147244,0.9961932897567748,0.5765939235687256,0.3910332997639974,0.9961932897567748,0.4456136703491211,0.3993412865532769,0.9988678693771362,0.5885592937469483,0.5536515977647569,0.9864540696144104,0.382224702835083,0.5812215169270833,0.9953359961509703
203,0.510858917236328,0.3942941665649414,0.9961755275726318,0.510858917236328,0.2964078892741096,0.9961755275726318,0.5759422302246093,0.3895290798611111,0.9961755275726318,0.4457756042480468,0.3990592532687717,0.9988383650779724,0.5885180950164794,0.5512049780951606,0.9866625666618348,0.3810351848602294,0.5804452684190539,0.9952741861343384
204,0.5106292724609375,0.3945094638400608,0.996285319328308,0.5106292724609375,0.2971898945660375,0.996285319328308,0.5753642082214355,0.3901775783962674,0.996285319328308,0.4458943367004394,0.3988413492838542,0.9988277554512024,0.5887681484222412,0.5515341016981337,0.9863053560256958,0.3799470901489258,0.5776140848795573,0.9952777624130248
205,0.5098655462265015,0.3955192353990342,0.9965530633926392,0.5098655462265015,0.29784345744779545,0.9965530633926392,0.5748467445373535,0.3913130866156684,0.9965530633926392,0.4448843479156494,0.3997253841824001,0.9989680051803588,0.5896614074707032,0.5519102732340495,0.9875760078430176,0.3782524824142456,0.5766380733913845,0.9955403208732604
206,0.5090802431106567,0.3961142222086589,0.9969958066940308,0.5090802431106567,0.2976611026911169,0.9969958066940308,0.5745829582214356,0.3919426812065972,0.9969958066940308,0.4435775279998779,0.4002857632107205,0.9990605711936952,0.591250991821289,0.5528187221950955,0.9888929724693298,0.3769702911376953,0.5749231550428603,0.995733916759491
207,0.5082067489624024,0.3954271952311198,0.9974026083946228,0.5082067489624024,0.2968545352480263,0.9974026083946228,0.573798942565918,0.3914098103841146,0.9974026083946228,0.4426145553588867,0.399444580078125,0.9991014003753662,0.5931013107299805,0.5549029456244574,0.9901838898658752,0.3750177383422851,0.5722934299045139,0.9960715770721436
208,0.5070185899734496,0.3954664866129557,0.9974260926246644,0.5070185899734496,0.29728837197199415,0.9974260926246644,0.5723452091217041,0.3914159138997395,0.9974260926246644,0.4416919708251953,0.3995170593261719,0.9991748929023744,0.5945538997650146,0.5534254286024306,0.9905149936676024,0.3725588798522949,0.5704767015245226,0.996057629585266
209,0.5073715686798096,0.3958456251356336,0.997993230819702,0.5073715686798096,0.2966290249893266,0.997993230819702,0.5734875679016114,0.3939075046115451,0.997993230819702,0.4412555694580078,0.3977837456597222,0.9992105960845948,0.6001485347747803,0.5568815019395617,0.9911447167396544,0.3687048673629761,0.565014394124349,0.9960085153579712
210,0.5065845966339111,0.3952998267279731,0.9983147382736206,0.5065845966339111,0.2952935779268744,0.9983147382736206,0.5732185363769531,0.3930821736653646,0.9983147382736206,0.4399506568908691,0.3975174797905816,0.9992533326148988,0.6027729988098145,0.5504723442925348,0.9932330250740052,0.3646108150482178,0.5604029337565104,0.9964799284934998
211,0.5061075210571289,0.3954894807603624,0.9986141920089722,0.5061075210571289,0.29382526033919387,0.9986141920089722,0.5738478660583496,0.3932868109809028,0.9986141920089722,0.4383671760559082,0.397692150539822,0.9992583394050598,0.6068870544433593,0.5476907094319662,0.9938973784446716,0.3579065799713135,0.5594508700900608,0.9962822794914246
212,0.505705451965332,0.394615724351671,0.9989387392997742,0.505705451965332,0.29226044066184864,0.9989387392997742,0.5739077568054199,0.3924445258246528,0.9989387392997742,0.4375031471252441,0.3967869228786892,0.9991995692253112,0.6108012676239014,0.5402420043945313,0.9949029684066772,0.3518952369689941,0.552895991007487,0.9960882663726808
213,0.5044506549835205,0.392680443657769,0.9989702701568604,0.5044506549835205,0.2918383687341951,0.9989702701568604,0.5716273784637451,0.3900539398193359,0.9989702701568604,0.4372739315032959,0.3953069474962022,0.9992608428001404,0.6160950660705566,0.532281239827474,0.994009017944336,0.3446706295013427,0.547565926445855,0.99650239944458
214,0.5031724452972413,0.3923363579644097,0.9986741542816162,0.5031724452972413,0.2913775168707832,0.9986741542816162,0.5704038619995118,0.3891709221733941,0.9986741542816162,0.4359410285949707,0.3955017937554253,0.9993809461593628,0.6265205383300781,0.5220826466878256,0.988813579082489,0.3339486122131347,0.5485409630669488,0.9960302710533142
215,0.5022317647933959,0.3896938535902235,0.9985933899879456,0.5022317647933959,0.28863743680359943,0.9985933899879456,0.5695085525512695,0.3861332363552517,0.9985933899879456,0.4349549770355224,0.3932544708251953,0.9993895292282104,0.6386123657226562,0.5073761410183377,0.986155092716217,0.3294408559799194,0.5379347907172309,0.9951386451721193
216,0.5019955396652221,0.3881207784016927,0.9986478686332704,0.5019955396652221,0.28552423775384117,0.9986478686332704,0.5703083038330078,0.3847133212619357,0.9986478686332704,0.4336827754974365,0.3915282355414496,0.9993295669555664,0.6399885177612304,0.4992767333984375,0.98725688457489,0.3284342288970947,0.5374978807237413,0.9932525753974916
217,0.5007923126220704,0.3815002017550998,0.9990723133087158,0.5007923126220704,0.27933057033383535,0.9990723133087158,0.5687942981719971,0.3776114145914713,0.9990723133087158,0.4327903270721435,0.3853889889187283,0.9992086291313172,0.6422248840332031,0.483342276679145,0.9941701889038086,0.3227909803390503,0.519261974758572,0.9926930665969848
218,0.5007070064544678,0.37762574089898,0.9988383650779724,0.5007070064544678,0.27776496191836464,0.9988383650779724,0.5671556472778321,0.3735445658365885,0.9990849494934082,0.4342583656311035,0.3817069159613715,0.9988383650779724,0.6381629943847656,0.463432142469618,0.9939569234848022,0.3223039627075195,0.4861172993977865,0.9839258193969728
219,0.5035841703414916,0.3767852995130751,0.9986257553100586,0.5035841703414916,0.27578325065946524,0.9986257553100586,0.5707437515258789,0.3719322204589844,0.9986257553100586,0.4364245891571044,0.3816383785671658,0.9989534616470336,0.6442477226257324,0.4564716762966579,0.9863100051879884,0.3236402750015258,0.4745727115207248,0.9817665219306946
220,0.5046935558319092,0.3742135365804035,0.9984691739082336,0.5046935558319092,0.2716064671362119,0.9984691739082336,0.5729621887207031,0.3699009365505642,0.9984691739082336,0.4364249229431152,0.378526136610243,0.9987912774086,0.6527106285095214,0.447682868109809,0.9816893339157104,0.3180209875106811,0.4662765926784939,0.9835757613182068
221,0.5058508396148681,0.3743705325656467,0.9984958171844482,0.5058508396148681,0.27109374590486024,0.9984958171844482,0.574648094177246,0.3716457790798611,0.9987566471099854,0.4370535850524902,0.3770952860514323,0.9984958171844482,0.6558437347412109,0.4496049245198568,0.986677885055542,0.3162699937820434,0.4443588680691189,0.9808585047721864
222,0.504178524017334,0.370106569925944,0.997979700565338,0.504178524017334,0.27197287433405803,0.997979700565338,0.5695670127868653,0.3679984198676215,0.9986742734909058,0.4387900352478027,0.3722147199842665,0.997979700565338,0.6401650428771972,0.4226456960042318,0.9876157641410828,0.3229418754577636,0.432979498969184,0.9793936014175416
223,0.5054228782653809,0.3665142695109049,0.997533679008484,0.5054228782653809,0.2700396581610339,0.997533679008484,0.5696762084960938,0.3636664920383029,0.9989739656448364,0.4411695480346679,0.3693620469835069,0.997533679008484,0.6452555179595947,0.4119233025444878,0.993133544921875,0.3416669130325317,0.4197721693250868,0.9690406322479248
224,0.5061625719070434,0.3653090371025933,0.9960322976112366,0.5061625719070434,0.26790018768080814,0.9960322976112366,0.5709897041320801,0.3614949968126085,0.9991912245750428,0.4413354396820068,0.3691230773925781,0.9960322976112366,0.661751651763916,0.40850830078125,0.995253086090088,0.3415854454040527,0.4079455481635199,0.9486209750175476
225,0.5045813322067261,0.3614102045694987,0.9941673278808594,0.5045813322067261,0.2645699044538855,0.9941673278808594,0.5689813613891601,0.3568653530544705,0.9989489912986756,0.440181303024292,0.3659550560845269,0.9941673278808594,0.6594815731048584,0.3966334025065104,0.993005096912384,0.3467437267303467,0.3980856577555338,0.8926109075546265
226,0.5037826538085937,0.3607009251912434,0.9945045113563538,0.5037826538085937,0.26607756730887827,0.9945045113563538,0.5667335987091064,0.3566330803765191,0.9986701011657716,0.440831708908081,0.3647687700059678,0.9945045113563538,0.6499371528625488,0.3855321672227647,0.9897144436836244,0.3559013843536377,0.3937132517496745,0.8832460045814514
227,0.5021302938461303,0.3634403228759765,0.9966435432434082,0.5021302938461303,0.2696955241189182,0.9966435432434082,0.5644835948944091,0.3592115614149305,0.99752014875412,0.4397769927978515,0.3676690843370225,0.9966435432434082,0.6349878311157227,0.3748240576850043,0.9665971994400024,0.3550773620605468,0.3922839694552951,0.8990094065666199
228,0.5020339727401734,0.3621835072835285,0.995617151260376,0.5020339727401734,0.2658945821948038,0.995617151260376,0.566082239151001,0.3578809950086805,0.9983296990394592,0.4379857063293457,0.3664860195583767,0.995617151260376,0.6520088672637939,0.3686805725097656,0.983576238155365,0.3508841514587402,0.3871804979112413,0.874995231628418
229,0.5013620615005493,0.3632216771443685,0.9960033297538756,0.5013620615005493,0.2665622077817571,0.9960033297538756,0.5656082630157471,0.3582323286268446,0.9976542592048644,0.4371158599853516,0.3682110256618923,0.9960033297538756,0.6471437931060791,0.3620445251464844,0.9722691774368286,0.3505546092987061,0.3829994201660156,0.8435451984405518
230,0.5010614395141602,0.3636496861775716,0.9960933327674866,0.5010614395141602,0.26681049297380854,0.9960933327674866,0.5654566287994385,0.3590471055772569,0.9973286390304564,0.4366662502288818,0.3682522667778863,0.9960933327674866,0.6453386783599854,0.3571918063693576,0.9667546153068542,0.3495165348052979,0.3786378648546007,0.8243603110313416
231,0.9228803157806398,0.2790747112698025,0.9858607053756714,0.9228803157806398,0.25557474302555816,0.9858607053756714,0.9076852798461914,0.2752596537272135,0.9858607053756714,0.938075351715088,0.2828897688123915,0.9948309063911438,0.8984842300415039,0.319471804300944,0.5814553499221802,0.9454731941223145,0.3317258199055989,0.8736136555671692
232,0.5006819009780884,0.3627723269992404,0.9961512684822084,0.5006819009780884,0.26679046373590376,0.9961512684822084,0.5645807266235352,0.3593970404730903,0.9965552091598512,0.4367830753326416,0.3661476135253906,0.9961512684822084,0.6374328136444092,0.3543294694688585,0.9502626657485962,0.3516131401062011,0.3746749030219184,0.7799505591392517
233,0.500982117652893,0.3647611406114366,0.9962199330329896,0.500982117652893,0.2689739504975755,0.9962199330329896,0.5647964954376221,0.3623977661132812,0.9962467551231384,0.437167739868164,0.367124515109592,0.9962199330329896,0.6387494087219239,0.3526457892523871,0.9299281239509584,0.3525007486343384,0.3742977566189236,0.8189698457717896
234,0.5012530326843261,0.3643759621514214,0.9956438541412354,0.5012530326843261,0.2678197539092662,0.9956438541412354,0.5655763149261475,0.3619029151068793,0.99619859457016,0.4369297504425048,0.3668490091959635,0.9956438541412354,0.640483808517456,0.3488660176595052,0.913869082927704,0.354226541519165,0.3736844380696614,0.7951982617378235
235,0.9239068984985352,0.2789652612474229,0.987539768218994,0.9239068984985352,0.25541218324084003,0.987539768218994,0.9086908340454102,0.2750889460245768,0.987539768218994,0.9391229629516602,0.2828415764702691,0.9958640336990356,0.8984824180603027,0.3190348307291666,0.5903658866882324,0.9465798377990724,0.3302612728542752,0.8838742971420288
236,0.5012671947479248,0.3649866739908853,0.9947403073310852,0.5012671947479248,0.26848028837792814,0.9947403073310852,0.5655657291412354,0.3627452426486545,0.9962825179100036,0.4369686603546142,0.3672281053331163,0.9947403073310852,0.644328498840332,0.3454440222846137,0.901609182357788,0.356795597076416,0.3747856140136719,0.7887939810752869
237,0.5018654823303222,0.365768199496799,0.9949630498886108,0.5018654823303222,0.26861863170903866,0.9949630498886108,0.5665918827056885,0.363492923312717,0.9965071082115172,0.437139081954956,0.3680434756808811,0.9949630498886108,0.6460569858551025,0.3460058000352647,0.9077000617980956,0.3551858901977539,0.3756001790364583,0.8160684108734131
238,0.5017795562744141,0.36539552476671,0.9956608414649964,0.5017795562744141,0.26900719156540054,0.9956608414649964,0.5660097122192382,0.3634741041395399,0.9962953925132751,0.4375494003295898,0.3673169453938802,0.9956608414649964,0.6461217880249024,0.3459443834092882,0.9048803448677064,0.3529084920883178,0.3741100735134549,0.8359110951423645
239,0.9239316940307618,0.2790110058254665,0.9832095503807068,0.9239316940307618,0.25571067419989946,0.9832095503807068,0.9089383125305176,0.2749502393934462,0.9832095503807068,0.938925075531006,0.283071772257487,0.9950962662696838,0.8992233276367188,0.3179263432820638,0.4978443682193756,0.94635648727417,0.3293923272026909,0.8707669973373413
240,0.5012137413024902,0.3645381715562608,0.9954985976219176,0.5012137413024902,0.26845035725887695,0.9954985976219176,0.5652388095855713,0.362467532687717,0.9961844086647034,0.4371886730194091,0.3666088104248047,0.9954985976219176,0.6472497463226319,0.3477487352159288,0.90704745054245,0.3509425640106201,0.3757499694824219,0.83046555519104
241,0.924274206161499,0.2796690305074055,0.9841157793998718,0.924274206161499,0.2560576413602109,0.9841157793998718,0.9090256690979004,0.2757627699110243,0.9841157793998718,0.9395227432250975,0.2835752911037869,0.9947534799575806,0.8989090919494629,0.3182928933037652,0.5414819121360779,0.946827793121338,0.3298909081353081,0.8595752120018005
242,0.9243607997894288,0.2795163048638237,0.9842384457588196,0.9243607997894288,0.25581999802130573,0.9842384457588196,0.9090349197387696,0.2756849077012804,0.9842384457588196,0.939686679840088,0.2833477020263671,0.9950951337814332,0.8989829063415528,0.3185106065538194,0.5580165386199951,0.9470603942871094,0.3297960493299696,0.87544184923172
243,0.92412691116333,0.2792810122172037,0.98330819606781,0.92412691116333,0.2554893494676095,0.98330819606781,0.908775520324707,0.2752923329671224,0.98330819606781,0.9394783020019531,0.2832696914672851,0.9950554370880128,0.8992613792419434,0.3175778706868489,0.5212635397911072,0.947111988067627,0.3299455854627821,0.869554877281189
244,0.9237573623657228,0.2786682976616753,0.9817110300064088,0.9237573623657228,0.254883589104175,0.9817110300064088,0.908416748046875,0.2746566560533311,0.9817110300064088,0.9390979766845704,0.2826799392700195,0.9950799942016602,0.899779987335205,0.3163469102647569,0.4629596173763275,0.947468376159668,0.3285110897488064,0.8698571920394897
245,0.9234854698181152,0.2779405170016819,0.9820100665092468,0.9234854698181152,0.2542507741838221,0.9820100665092468,0.9082594871520996,0.2737460666232639,0.9820100665092468,0.9387114524841308,0.2821349673800998,0.9947752952575684,0.8999638557434082,0.315281613667806,0.4903166592121124,0.9472318649291992,0.329084481133355,0.8781470060348511
246,0.9233009815216064,0.2775549040900336,0.9834434986114502,0.9233009815216064,0.25387063727047554,0.9834434986114502,0.9080637931823732,0.2734152475992839,0.9834434986114502,0.9385381698608398,0.2816945605807834,0.9944708347320556,0.8995352745056152,0.3155679066975911,0.5371900796890259,0.9471430778503418,0.3286254035101996,0.8728835582733154
247,0.9230506420135498,0.2774196412828233,0.983700692653656,0.9230506420135498,0.25395372593556975,0.983700692653656,0.9079513549804688,0.27332763671875,0.983700692653656,0.9381499290466307,0.2815116458468967,0.9942071437835692,0.9002700805664062,0.3139293882581923,0.497293472290039,0.9475027084350586,0.3258975134955512,0.8537635207176208
248,0.9230432510375975,0.2772143363952636,0.9854098558425904,0.9230432510375975,0.253790038159104,0.9854098558425904,0.9079985618591307,0.2730282889472114,0.9854098558425904,0.9380879402160645,0.2814003838433159,0.9943086504936218,0.9004048347473145,0.3125849193996853,0.5138441324234009,0.9468696594238282,0.325883060031467,0.8478877544403076
249,0.922806453704834,0.2768920580546061,0.9846979379653932,0.922806453704834,0.2538131714670783,0.9846979379653932,0.9079795837402344,0.2727822409735785,0.9846979379653932,0.9376333236694336,0.2810018751356337,0.994312047958374,0.9006444931030273,0.3119487126668294,0.4941281974315643,0.9465192794799804,0.3246800316704644,0.8435863852500916
250,0.5011578083038329,0.3615935007731119,0.9974774718284608,0.5011578083038329,0.2651480471773619,0.9974774718284608,0.5654335975646972,0.3599433051215278,0.9983179569244384,0.4368820190429687,0.3632436964246961,0.9974774718284608,0.6459353923797607,0.4179691738552517,0.9868960976600648,0.3417786121368408,0.3937063852945963,0.9674814343452454
251,0.501326060295105,0.3614239162868923,0.997556447982788,0.501326060295105,0.2641496172973576,0.997556447982788,0.566147756576538,0.3595240275065104,0.9987812638282776,0.4365043640136719,0.3633238050672743,0.997556447982788,0.644655990600586,0.4283975813123915,0.9915281534194946,0.3411163806915283,0.3977422078450521,0.9723957180976868
252,0.5011232852935791,0.3620097054375543,0.9975130558013916,0.5011232852935791,0.26361398818470055,0.9975130558013916,0.5666747093200684,0.3595609876844618,0.9988644123077391,0.4355718612670898,0.3644584231906467,0.9975130558013916,0.643397045135498,0.4354133605957031,0.9931634664535522,0.3398806095123291,0.4042927636040581,0.9765058159828186
253,0.5017747402191162,0.3633788638644748,0.9981366395950316,0.5017747402191162,0.2616112482265979,0.9981366395950316,0.5695419788360596,0.360129886203342,0.9990628361701964,0.4340075016021728,0.3666278415256076,0.9981366395950316,0.6503427505493165,0.4332879384358724,0.9950929880142212,0.3344043493270874,0.4203525967068142,0.9889702796936036
254,0.5010395288467407,0.364651510450575,0.9984610080718994,0.5010395288467407,0.2600085109861647,0.9984610080718994,0.5706757545471192,0.3604643079969618,0.9989043474197388,0.4314033031463623,0.3688387129041883,0.9984610080718994,0.6532327651977539,0.4314856635199652,0.9940165281295776,0.3196277618408203,0.4368282318115234,0.9915004968643188
255,0.5008831739425659,0.3659822675916884,0.9985626339912416,0.5008831739425659,0.26077275679475775,0.9985626339912416,0.5708462715148925,0.3610084533691406,0.9986698627471924,0.4309200763702392,0.3709560818142361,0.9985626339912416,0.655927038192749,0.4315072801378038,0.9930955767631532,0.3145965576171875,0.4405552334255642,0.9899799823760986
256,0.4994271993637084,0.3659958521525064,0.9987890124320984,0.4994271993637084,0.26046542459544214,0.9987890124320984,0.5696041107177734,0.3610126071506076,0.9987890124320984,0.4292502880096435,0.3709790971544053,0.998920202255249,0.6534423828125,0.4353369394938151,0.99516099691391,0.3116510629653931,0.4470232645670572,0.9914432168006896
257,0.4987649202346801,0.3671468310885959,0.9987909197807312,0.4987649202346801,0.26178053228242915,0.9987909197807312,0.5687637805938721,0.3612810770670573,0.9987909197807312,0.4287660598754882,0.3730125851101346,0.9991080164909364,0.6469629287719727,0.444737074110243,0.9964293837547302,0.3065916061401367,0.4619355943467882,0.9944224953651428
258,0.498560881614685,0.3709662967258029,0.9989014863967896,0.498560881614685,0.26605325332094715,0.9989014863967896,0.5682805061340332,0.3653930240207248,0.9991649389266968,0.4288412570953369,0.376539569430881,0.9989014863967896,0.6498276233673096,0.4601935492621528,0.995524764060974,0.3173202514648437,0.4778223249647352,0.994831383228302
259,0.4981871128082276,0.3741193771362304,0.998785674571991,0.4981871128082276,0.2670748813788441,0.998785674571991,0.5693555355072022,0.3688531663682726,0.9991490840911864,0.4270186901092529,0.3793855879041883,0.998785674571991,0.6492750644683838,0.4677218967013888,0.9941381216049194,0.3186582088470459,0.4834441714816623,0.9927862286567688
260,0.4977628231048584,0.3755894131130642,0.998666763305664,0.4977628231048584,0.26638958045844785,0.998666763305664,0.570424222946167,0.3711011250813802,0.9992782473564148,0.4251014232635498,0.3800777011447482,0.998666763305664,0.6505947113037109,0.4725584242078993,0.9941695928573608,0.3169424533843994,0.4955691867404513,0.9929936528205872
261,0.4976005315780639,0.3757366180419921,0.998651683330536,0.4976005315780639,0.2668794701401253,0.998651683330536,0.5700448989868164,0.3714440239800347,0.9993070363998412,0.4251561641693115,0.3800292121039496,0.998651683330536,0.649228286743164,0.4768152448866102,0.9937976002693176,0.318716287612915,0.5021388159857856,0.9932021498680116
262,0.4969248294830322,0.376382107204861,0.9987518787384032,0.4969248294830322,0.2676608537388211,0.9987518787384032,0.5692232608795166,0.3712432013617621,0.9990733861923218,0.4246263980865478,0.38152101304796,0.9987518787384032,0.6428150177001953,0.4777540418836805,0.99032062292099,0.3177258968353271,0.5130786048041449,0.9938382506370544
263,0.4963027954101562,0.3741930007934569,0.9988497495651244,0.4963027954101562,0.26689228391355246,0.9988497495651244,0.5676085948944092,0.3684860653347439,0.999016523361206,0.4249969959259033,0.3798999362521701,0.9988497495651244,0.636008358001709,0.4766680399576823,0.9920050501823424,0.3098102807998657,0.5240301767985026,0.9926772117614746
264,0.4968363761901855,0.3758749220106336,0.9987988471984864,0.4968363761901855,0.26730536451696846,0.9987988471984864,0.5690198421478272,0.3705486721462673,0.9989186525344848,0.4246529102325439,0.381201171875,0.9987988471984864,0.6341517448425293,0.4837442609998915,0.989798069000244,0.3124099731445312,0.5346658070882161,0.9922295212745668
265,0.4974942207336426,0.3760554631551106,0.9987857937812804,0.4974942207336426,0.26808375725180755,0.9987857937812804,0.5692949295043945,0.3709621005588107,0.9987857937812804,0.4256935119628906,0.3811488257514105,0.9988920092582704,0.6286230087280273,0.4884103139241536,0.9894824028015136,0.3181785106658935,0.5398799048529731,0.993499755859375
266,0.4978116035461426,0.3780389997694228,0.9990170001983644,0.4978116035461426,0.272511628102618,0.9990170001983644,0.5679359912872315,0.372389645046658,0.9990170001983644,0.4276872158050537,0.3836883544921875,0.9992163181304932,0.6285001277923584,0.4934870402018229,0.9916964769363404,0.3218756437301636,0.5419515821668837,0.9951871633529664
267,0.4978705167770385,0.3790457831488715,0.99893456697464,0.4978705167770385,0.27427630607619313,0.99893456697464,0.5674303531646728,0.3727261861165364,0.99893456697464,0.4283106803894043,0.3853653801812066,0.9993094205856324,0.6291052818298339,0.4988953484429253,0.9926181435585022,0.3221310615539551,0.5419470893012153,0.9956642985343932
268,0.4979927062988281,0.3800053702460394,0.9989022016525269,0.4979927062988281,0.27508969679464146,0.9989022016525269,0.5676112174987793,0.3732677459716796,0.9989022016525269,0.428374195098877,0.3867429945203993,0.999279797077179,0.6276576042175293,0.5079173617892795,0.9920607805252076,0.3243806838989257,0.5431255764431424,0.9954925775527954
269,0.9175151824951172,0.2714077843560112,0.988645076751709,0.9175151824951172,0.24761926267189682,0.988645076751709,0.902408218383789,0.2665820227728949,0.988645076751709,0.9326221466064452,0.2762335459391276,0.9959781169891356,0.8940984725952148,0.3061122258504232,0.5150488615036011,0.9417376518249512,0.3218568589952257,0.8665530681610107
270,0.4983530282974243,0.3813900841606987,0.998710036277771,0.4983530282974243,0.2774260537178811,0.998710036277771,0.5673415184020996,0.3747286478678385,0.998710036277771,0.429364538192749,0.388051520453559,0.9991771578788756,0.6225667476654053,0.5194171057807074,0.9895833730697632,0.3314999103546142,0.5487095303005642,0.995695948600769
271,0.4983553647994995,0.3810379452175564,0.998742401599884,0.4983553647994995,0.27662427537849443,0.998742401599884,0.5675424098968506,0.3733840942382812,0.998742401599884,0.4291683197021484,0.3886917961968316,0.999143362045288,0.616819190979004,0.5218742370605469,0.9909818768501282,0.334535527229309,0.5535857306586371,0.995326042175293
272,0.4974969625473022,0.3805817498101128,0.9984530210494996,0.4974969625473022,0.2764970640709044,0.9984530210494996,0.566405963897705,0.3724274529351128,0.9984530210494996,0.4285879611968994,0.3887360466851128,0.9991014003753662,0.6133845329284668,0.5222217559814453,0.9906540513038636,0.3368985414505004,0.5567755805121528,0.9956238865852356
273,0.4974609375,0.380959955851237,0.9984402060508728,0.4974609375,0.27615607112413565,0.9984402060508728,0.5668878078460693,0.3731099446614583,0.9984402060508728,0.4280340671539306,0.3888099670410156,0.9990490078926086,0.6105414390563965,0.5220292833116319,0.9904775619506836,0.3390271902084351,0.5576669057210286,0.9954023361206056
274,0.4970184087753296,0.3806350708007812,0.9983116388320924,0.4970184087753296,0.27596319007476355,0.9983116388320924,0.5663216590881348,0.3724813673231337,0.9983116388320924,0.4277151584625244,0.3887887742784288,0.999055802822113,0.6057783126831054,0.5215098063151041,0.9901102185249328,0.340748643875122,0.5609235127766927,0.9956240057945251
275,0.4967225313186645,0.3808734469943576,0.99819415807724,0.4967225313186645,0.27559148580016546,0.99819415807724,0.5664648056030274,0.3729761759440104,0.99819415807724,0.4269802570343017,0.3887707180447048,0.9990431666374208,0.6043218612670899,0.5234045240614149,0.989591896533966,0.3416681528091431,0.5619490305582683,0.9952263832092284
276,0.4970873355865478,0.3810158835517035,0.998220145702362,0.4970873355865478,0.276330172750244,0.998220145702362,0.5664558410644531,0.3733529408772786,0.998220145702362,0.4277188301086426,0.3886788262261285,0.9989686012268066,0.6031755447387696,0.527534908718533,0.9909427762031556,0.3443014144897461,0.5604461669921875,0.9952389001846312
277,0.4966980695724487,0.3804857889811197,0.9979308843612672,0.4966980695724487,0.2767533634252195,0.9979308843612672,0.5654351711273193,0.3728951348198784,0.9979308843612672,0.4279609680175781,0.3880764431423611,0.9989688396453856,0.5992519378662109,0.5268247816297743,0.9901116490364076,0.3465076684951782,0.5605859120686849,0.9952570796012878
278,0.4964771747589111,0.3809874852498373,0.9977983236312866,0.4964771747589111,0.2770297061718118,0.9977983236312866,0.5653772354125977,0.3735048082139757,0.9977983236312866,0.4275771141052246,0.3884701622856988,0.9989240765571594,0.5990113258361817,0.5315491994222005,0.9898547530174256,0.3480726718902588,0.5632196638319228,0.9950716495513916
279,0.4961946487426757,0.3811047024197048,0.9972721934318542,0.4961946487426757,0.27796201113965485,0.9972721934318542,0.5645920753479003,0.3740353054470486,0.9972721934318542,0.4277972221374512,0.3881740993923611,0.998950719833374,0.5936648845672607,0.5306687672932943,0.9858834147453308,0.3492376804351806,0.5656166076660156,0.9948207139968872
280,0.4956905364990234,0.3810554504394531,0.9971899390220642,0.4956905364990234,0.27892404402061033,0.9971899390220642,0.5634667873382568,0.3745514763726128,0.9971899390220642,0.42791428565979,0.3875594245062934,0.9989258646965028,0.591581153869629,0.5365250481499566,0.9879321455955504,0.3507775068283081,0.565161387125651,0.9946900606155396
281,0.4949112892150878,0.3807238260904947,0.997144877910614,0.4949112892150878,0.27919278535805625,0.997144877910614,0.5622913837432861,0.3742816501193576,0.997144877910614,0.4275311946868896,0.3871660020616319,0.9989175796508788,0.588544225692749,0.538476308186849,0.9874525666236876,0.3508303642272949,0.5679048750135633,0.9949707984924316
282,0.4949673652648926,0.3803268008761936,0.9969624876976012,0.4949673652648926,0.27771942418151974,0.9969624876976012,0.5631324291229248,0.3746034410264757,0.9969624876976012,0.4268023014068604,0.3860501607259115,0.9989117383956908,0.5891654014587402,0.5428933461507162,0.9866064786911012,0.3526585817337036,0.5669140285915799,0.9949317574501038
283,0.4945613145828247,0.3802878273857964,0.997132420539856,0.4945613145828247,0.2776856796291179,0.997132420539856,0.5627291679382325,0.3746398501925998,0.997132420539856,0.426393461227417,0.385935804578993,0.9988707900047302,0.5869850158691406,0.5443528493245443,0.988642156124115,0.3541823387145996,0.5669297112358941,0.9952571988105774
284,0.4943803787231445,0.3807742648654513,0.9967876672744752,0.4943803787231445,0.2779982160076143,0.9967876672744752,0.5627176761627197,0.375810072157118,0.9967876672744752,0.4260430812835693,0.3857384575737847,0.9988948702812196,0.5850737571716309,0.5436685350206163,0.9869613647460938,0.355250883102417,0.5671932644314236,0.9953286647796632
285,0.4939367532730102,0.3802380667792426,0.9966937303543092,0.4939367532730102,0.27733922564430313,0.9966937303543092,0.562330961227417,0.3749384138319227,0.9966937303543092,0.4255425453186035,0.3855377197265625,0.9988459348678588,0.5825282096862793,0.5387583414713542,0.9873753786087036,0.3561481714248657,0.5656703525119358,0.9951009154319764
286,0.4936563730239868,0.3805680168999565,0.9967003464698792,0.4936563730239868,0.27760868054491966,0.9967003464698792,0.5621443271636963,0.3760085211859809,0.9967003464698792,0.4251684188842773,0.3851275126139323,0.9988609552383424,0.58232741355896,0.5402203877766927,0.9866062998771667,0.3561941146850585,0.5654833051893446,0.9949122071266174
287,0.4932257652282715,0.3801773071289062,0.9967893362045288,0.4932257652282715,0.27698887489237195,0.9967893362045288,0.5618756294250489,0.375752936469184,0.9967893362045288,0.4245759010314941,0.3846016777886284,0.99881774187088,0.5810521125793457,0.5432066175672743,0.9859694242477416,0.3559229850769043,0.5667572445339627,0.9945084452629088
288,0.4927316188812256,0.3802978091769748,0.99664968252182,0.4927316188812256,0.2772156896778978,0.99664968252182,0.5612979888916015,0.3756841871473524,0.99664968252182,0.4241652488708496,0.3849114312065972,0.9988446235656738,0.5782777786254882,0.542278077867296,0.9830053448677064,0.355535101890564,0.567808108859592,0.9943051934242249
289,0.4919208765029907,0.3796669430202908,0.9963994026184082,0.4919208765029907,0.2765682984559258,0.9963994026184082,0.5604555606842041,0.3744569566514757,0.9963994026184082,0.4233861923217773,0.3848769293891059,0.9988877177238464,0.5761850833892822,0.5377426995171442,0.983311891555786,0.3553404808044433,0.5682837168375651,0.99432772397995
290,0.4907371282577514,0.3809803009033203,0.9965534210205078,0.4907371282577514,0.27828361659656137,0.9965534210205078,0.5590834140777587,0.376959482828776,0.9965534210205078,0.4223908424377441,0.3850011189778646,0.9988995790481568,0.5762349128723144,0.5419032626681858,0.9837318658828736,0.3553803920745849,0.5695147620307075,0.99428129196167
291,0.4898821592330932,0.3816102133856879,0.9966663718223572,0.4898821592330932,0.2784847681283614,0.9966663718223572,0.558545446395874,0.3781524234347873,0.9966663718223572,0.4212188720703125,0.3850680033365885,0.9989307522773744,0.5763506412506103,0.544333987765842,0.9837226271629332,0.354763126373291,0.5701524098714192,0.9941924214363098
292,0.4891896247863769,0.3814960267808702,0.9967578053474426,0.4891896247863769,0.2782078785601312,0.9967578053474426,0.5579418182373047,0.3776664733886719,0.9967578053474426,0.4204374313354492,0.3853255801730685,0.9989049434661864,0.5759355545043945,0.5438965691460503,0.984200656414032,0.3540413856506347,0.5708711836073134,0.99408358335495
293,0.4884752988815307,0.3823436737060546,0.9966615438461304,0.4884752988815307,0.2783246656819233,0.9966615438461304,0.5577175617218018,0.3785519070095486,0.9966615438461304,0.4192330360412598,0.3861354404025607,0.998958945274353,0.5752459526062011,0.5435941060384114,0.9834944605827332,0.3537374973297119,0.5724755605061849,0.9942178726196288
