frame,Chest_x,Chest_y,Chest_conf,Nose_x,Nose_y,Nose_conf,Left Shoulder_x,Left Shoulder_y,Left Shoulder_conf,Right Shoulder_x,Right Shoulder_y,Right Shoulder_conf,Left Elbow_x,Left Elbow_y,Left Elbow_conf,Right Elbow_x,Right Elbow_y,Right Elbow_conf
0,0.4988656520843506,0.4017590840657552,0.9973799586296082,0.4988656520843506,0.30220193872790124,0.9973799586296082,0.5650405883789062,0.3966556972927517,0.9973799586296082,0.4326907157897949,0.4068624708387587,0.9985089898109436,0.5854226112365722,0.5674756368001302,0.9888831973075868,0.3681668758392334,0.5947656419542101,0.9943640232086182
1,0.498865270614624,0.4017593595716688,0.9973798394203186,0.498865270614624,0.3022005988867186,0.9973798394203186,0.5650412559509277,0.3966555701361762,0.9973798394203186,0.4326892852783203,0.4068631490071615,0.9985089898109436,0.585422420501709,0.5674742380777995,0.9888827204704284,0.368166446685791,0.5947664896647136,0.9943642616271972
2,0.4997473478317261,0.4028302510579427,0.997817873954773,0.4997473478317261,0.3018487428754952,0.997817873954773,0.566908597946167,0.3981951395670572,0.997817873954773,0.4325860977172852,0.4074653625488281,0.998455286026001,0.5918342590332031,0.5626827239990234,0.9923546314239502,0.3645457744598389,0.58947876824273,0.9941449761390686
3,0.5000153303146362,0.4009838104248047,0.9982851147651672,0.5000153303146362,0.30058690818291717,0.9982851147651672,0.566720724105835,0.3954897138807509,0.9982851147651672,0.4333099365234375,0.4064779069688585,0.998731791973114,0.6005098342895507,0.5558818817138672,0.9940793514251708,0.3591241836547851,0.5844573974609375,0.9951861500740052
4,0.5001470565795898,0.3968232896592882,0.9981356859207152,0.5001470565795898,0.2983619307515033,0.9981356859207152,0.5657207012176514,0.3938524881998698,0.9981356859207152,0.4345734119415283,0.3997940911187066,0.9989426732063292,0.606824254989624,0.54891480339898,0.992743968963623,0.3532456398010254,0.5589855194091797,0.995595157146454
5,0.4991125583648681,0.397643322414822,0.9982463121414183,0.4991125583648681,0.29824630789125745,0.9982463121414183,0.5653446674346924,0.3955660502115885,0.9982463121414183,0.4328804492950439,0.3997205946180555,0.9990046620368958,0.614434289932251,0.5408929612901475,0.992339849472046,0.3438013553619384,0.5543195936414931,0.996021807193756
6,0.4998952150344848,0.3965915044148763,0.998518407344818,0.4998952150344848,0.29699055472502695,0.998518407344818,0.5662710189819335,0.3947758144802517,0.998518407344818,0.4335194110870361,0.3984071943495009,0.9991613626480104,0.6238358974456787,0.5309107462565105,0.9918712377548218,0.337236738204956,0.5432545979817708,0.9963645339012146
7,0.4996054410934448,0.3947356965806748,0.9985308647155762,0.4996054410934448,0.2941890496727385,0.9985308647155762,0.5665834426879883,0.3920682271321614,0.9985308647155762,0.4326274394989013,0.3974031660291883,0.9993151426315308,0.629376220703125,0.5098916371663411,0.9919341802597046,0.3321358203887939,0.5340720706515842,0.995958149433136
8,0.4994180917739867,0.3887660556369356,0.9988248944282532,0.4994180917739867,0.28668473098959446,0.9988248944282532,0.5674353122711182,0.3865223778618706,0.9988248944282532,0.4314008712768554,0.3910097334120008,0.9990893602371216,0.6338062763214112,0.495082770453559,0.993763029575348,0.3285091400146484,0.5269062889946832,0.9925059676170348
9,0.4980196952819824,0.3859915627373589,0.9983044862747192,0.4980196952819824,0.28407922647306855,0.9983044862747192,0.565923547744751,0.3837283664279514,0.9983044862747192,0.4301158428192139,0.3882547590467665,0.999290943145752,0.6355450630187989,0.4795110914442274,0.9921697974205016,0.322188115119934,0.5143060896131727,0.9942559599876404
10,0.4985838413238525,0.3854595608181423,0.9987220168113708,0.4985838413238525,0.28415706111819455,0.9987220168113708,0.5661170482635498,0.3849674648708767,0.9987220168113708,0.4310506343841552,0.385951656765408,0.9992389678955078,0.641585397720337,0.4686094919840495,0.9943086504936218,0.3235790491104126,0.490695571899414,0.9915424585342408
11,0.5001544237136841,0.3820238961113823,0.998784601688385,0.5001544237136841,0.2820137762380861,0.998784601688385,0.5668268203735352,0.3816557142469618,0.998784601688385,0.433482027053833,0.3823920779758029,0.9993314743041992,0.6440056324005127,0.4577315012613932,0.9952539205551147,0.3247957229614258,0.4725399441189236,0.993327498435974
12,0.5012999773025513,0.3837237887912326,0.998869001865387,0.5012999773025513,0.2837814861884839,0.998869001865387,0.5678987979888916,0.3857022603352865,0.998869001865387,0.4347011566162109,0.3817453172471788,0.9989455342292786,0.6514589786529541,0.443857659233941,0.9952464699745178,0.3319500923156738,0.4400792015923394,0.9849526286125184
13,0.5025865077972411,0.3848956214057074,0.9990549683570862,0.5025865077972411,0.28338930360066933,0.9990549683570862,0.5702417850494385,0.386348639594184,0.9990549683570862,0.4349312305450439,0.3834426032172309,0.9991050362586976,0.6583019256591797,0.4390712314181857,0.996517777442932,0.3273874759674072,0.4434849633110894,0.9889991879463196
14,0.5042890787124634,0.3841030332777235,0.9989678859710692,0.5042890787124634,0.2850811605623591,0.9989678859710692,0.5702868938446045,0.3855907864040798,0.9990236759185792,0.4382912635803223,0.3826152801513672,0.9989678859710692,0.6643258571624756,0.4215277353922526,0.995756208896637,0.3329479694366455,0.4336258358425564,0.9877843260765076
15,0.5046403169631958,0.3802940792507595,0.9991241097450256,0.5046403169631958,0.2813528333879443,0.9991241097450256,0.5705989837646485,0.3808283487955729,0.9992191791534424,0.4386816501617431,0.3797598097059462,0.9991241097450256,0.6684913635253906,0.4096157073974609,0.9967955946922302,0.3280778408050537,0.4489063686794705,0.9947271943092346
16,0.5056942939758301,0.3742227554321289,0.9988003969192504,0.5056942939758301,0.2753012659521619,0.9988003969192504,0.5716418266296387,0.3740933312310113,0.9989364743232728,0.4397467613220215,0.3743521796332465,0.9988003969192504,0.6696039199829101,0.4044268714057075,0.9968172311782836,0.3383784532546997,0.4327358245849609,0.9943016767501832
17,0.5066182374954223,0.372428215874566,0.9987882971763612,0.5066182374954223,0.27620691381254414,0.9987882971763612,0.5707374095916748,0.3705208672417535,0.9987882971763612,0.4424990653991699,0.3743355645073785,0.9989025592803956,0.6708060264587402,0.3956883748372395,0.9963276982307434,0.3425448656082153,0.4201307508680555,0.9948790073394777
18,0.507282519340515,0.37216125064426,0.9988058805465698,0.507282519340515,0.27509764354716126,0.9988058805465698,0.5718588352203369,0.3680183834499783,0.9988058805465698,0.4427062034606933,0.3763041178385417,0.9990043044090272,0.6720475196838379,0.3863985273573134,0.9965879917144777,0.3357917308807373,0.4191818237304687,0.9947124719619752
19,0.5069572210311889,0.3724152670966254,0.998908281326294,0.5069572210311889,0.2746733073267863,0.998908281326294,0.5718910694122314,0.3669754876030816,0.998908281326294,0.4420233726501464,0.3778550465901693,0.9990755319595336,0.6746932983398437,0.3728068457709418,0.9967040419578552,0.3354978561401367,0.4137190500895182,0.9927787184715272
20,0.508443546295166,0.3729320949978298,0.9989433884620668,0.508443546295166,0.2754128707995007,0.9989433884620668,0.5732217311859131,0.3674136691623264,0.9989433884620668,0.4436653614044189,0.3784505208333333,0.9990767240524292,0.6787941932678223,0.3665342542860243,0.9968562126159668,0.3363535404205322,0.4081982082790799,0.9923396110534668
21,0.5091724157333374,0.3732167349921332,0.9988576173782348,0.5091724157333374,0.27595753612763424,0.9988576173782348,0.5737868309020996,0.3678191714816623,0.9988576173782348,0.4445580005645752,0.3786142985026041,0.9988582134246826,0.6747742652893066,0.3616242302788628,0.9968559741973876,0.3381880283355712,0.401725345187717,0.988523006439209
22,0.5086305141448975,0.369454828898112,0.998571515083313,0.5086305141448975,0.27224824230578526,0.998571515083313,0.5732717990875245,0.3648598988850911,0.998571515083313,0.4439892292022705,0.3740497589111328,0.9991347193717957,0.6687270641326905,0.3566437615288628,0.9954748749732972,0.3342321395874023,0.3964783562554253,0.9942482709884644
23,0.5076295852661132,0.3688909530639648,0.9985230565071106,0.5076295852661132,0.2714474469179317,0.9985230565071106,0.5723712921142579,0.3635414971245659,0.9985230565071106,0.4428878784179687,0.3742404090033637,0.9990598559379578,0.6652509212493897,0.3471302032470703,0.9949719905853271,0.3333021163940429,0.3933965047200521,0.9927075505256652
24,0.5077160835266114,0.3692463980780707,0.9986047148704528,0.5077160835266114,0.2725339195553639,0.9986047148704528,0.5719993591308594,0.3642780727810329,0.9986701011657716,0.4434328079223633,0.3742147233751085,0.9986047148704528,0.6643365859985352,0.343870120578342,0.9954401254653932,0.3413260459899902,0.382231945461697,0.9874617457389832
25,0.5089322566986083,0.3718520906236436,0.9979758858680724,0.5089322566986083,0.27654368828098413,0.9979758858680724,0.5722386360168457,0.3664208306206597,0.9987210631370544,0.445625877380371,0.3772833506266276,0.9979758858680724,0.6636202812194825,0.3443820529513889,0.9949694275856018,0.3461340665817261,0.3738558451334635,0.971057653427124
26,0.5091722726821899,0.3733080969916449,0.9972791075706482,0.5091722726821899,0.2795085842742071,0.9972791075706482,0.5714119911193848,0.3672587500678168,0.9988067150115968,0.4469325542449951,0.3793574439154731,0.9972791075706482,0.6642708778381348,0.3436651865641276,0.994783580303192,0.3538744926452636,0.3698076883951823,0.9381357431411744
27,0.5084728956222534,0.3740242852105034,0.9974310994148254,0.5084728956222534,0.2795512735678083,0.9974310994148254,0.5711061477661132,0.3674054463704427,0.998807430267334,0.4458396434783935,0.3806431240505642,0.9974310994148254,0.6638998031616211,0.3414009094238281,0.9945995807647704,0.3529024839401245,0.3696678161621093,0.9425420165061952
28,0.5086059331893921,0.3731604894002278,0.9970458149909972,0.5086059331893921,0.28014741192799697,0.9970458149909972,0.5701134204864502,0.3652921888563368,0.9988580942153932,0.447098445892334,0.3810287899441189,0.9970458149909972,0.6627763748168946,0.3420512305365668,0.9942536950111388,0.3586005210876465,0.3706455654568142,0.9163472056388856
29,0.5092030763626099,0.3731928295559353,0.997141659259796,0.5092030763626099,0.2803488869327392,0.997141659259796,0.5706288814544678,0.3655783335367839,0.9988260865211488,0.4477772712707519,0.3808073255750868,0.997141659259796,0.6625832557678223,0.3420671251085069,0.9941909909248352,0.3593990325927734,0.3707456800672743,0.9256486892700196
30,0.5089560270309448,0.3733939488728841,0.9972090125083924,0.5089560270309448,0.2811237066980593,0.9972090125083924,0.5700661182403565,0.3663606855604384,0.9988797307014464,0.4478459358215332,0.3804272121853299,0.9972090125083924,0.661084794998169,0.3457753075493706,0.9945270419120787,0.3583501815795898,0.3685768127441406,0.921946108341217
31,0.5089354991912842,0.3731149249606662,0.9969207048416138,0.5089354991912842,0.2800728912223647,0.9969207048416138,0.5704712867736816,0.3653160519070095,0.9989381432533264,0.4473997116088867,0.3809137980143229,0.9969207048416138,0.6632387638092041,0.3449635399712457,0.9950575828552246,0.3573194980621338,0.3709061940511067,0.9096447229385376
32,0.509566855430603,0.3745377222696939,0.9978231191635132,0.509566855430603,0.2806037864677786,0.9978231191635132,0.5718808174133301,0.3683277977837456,0.9988664388656616,0.447252893447876,0.3807476467556424,0.9978231191635132,0.6659275531768799,0.3447952694363064,0.9948796033859252,0.3513857126235962,0.3704363505045573,0.9497728943824768
33,0.5099987268447876,0.3745092180040147,0.9981303811073304,0.5099987268447876,0.27997767674515406,0.9981303811073304,0.5728415012359619,0.3697725931803385,0.9987959861755372,0.4471559524536133,0.3792458428276909,0.9981303811073304,0.669437313079834,0.3465143839518229,0.994294822216034,0.3488985538482666,0.3697665744357639,0.9637494087219238
34,0.509706687927246,0.3751769595675998,0.9985675811767578,0.509706687927246,0.27992213321256093,0.9985675811767578,0.5730530261993408,0.3707160101996528,0.9987550973892212,0.4463603496551513,0.3796379089355469,0.9985675811767578,0.6683063983917237,0.3517530653211805,0.9955335855484008,0.3460845708847045,0.376493411593967,0.9820278882980348
35,0.5099737882614136,0.3775577333238389,0.9986942410469056,0.5099737882614136,0.2812984835987875,0.9986942410469056,0.5740407943725586,0.3738738165961371,0.9988935589790344,0.4459067821502686,0.3812416500515408,0.9986942410469056,0.6736199855804443,0.3570697784423828,0.9968199729919434,0.3437166213989258,0.3823845757378472,0.9867405295372008
36,0.5101756572723388,0.3783374150594075,0.998860001564026,0.5101756572723388,0.2814947602925263,0.998860001564026,0.5746252059936523,0.3745324452718099,0.9989179372787476,0.4457261085510254,0.3821423848470052,0.998860001564026,0.6746181964874267,0.3611370934380425,0.9969146251678468,0.3441339492797851,0.3863037109375,0.9885778427124025
37,0.5104575634002686,0.379283735487196,0.9988628625869752,0.5104575634002686,0.28105575748028355,0.9988628625869752,0.575846815109253,0.3757379319932725,0.9988628625869752,0.4450683116912842,0.3828295389811197,0.9989903569221495,0.6772931098937989,0.3660064697265625,0.9968103766441344,0.3424605846405029,0.3924161275227865,0.9924350380897522
38,0.5110559225082397,0.3796131769816081,0.9988259673118592,0.5110559225082397,0.2822630017172796,0.9988259673118592,0.5758671283721923,0.3762171851264106,0.998915195465088,0.4462447166442871,0.3830091688368056,0.9988259673118592,0.6754054546356201,0.3728810628255208,0.9967691898345948,0.3471127033233642,0.39298341539171,0.988724648952484
39,0.5107404470443726,0.3798415713840061,0.9988179802894592,0.5107404470443726,0.2815794303090111,0.9988179802894592,0.5761992454528808,0.3773006863064236,0.9988179802894592,0.4452816486358643,0.3823824564615885,0.998826801776886,0.6737189769744873,0.3858477274576823,0.9964239001274108,0.3459104061126709,0.3991441938612196,0.98919415473938
40,0.5112542152404785,0.3802714665730794,0.9985619187355042,0.5112542152404785,0.28284734065831546,0.9985619187355042,0.5761881351470948,0.3788527170817057,0.9987359642982484,0.4463202953338623,0.3816902160644531,0.9985619187355042,0.6735011577606201,0.3961555904812283,0.9960256814956664,0.3508266925811767,0.401607174343533,0.9883791208267212
41,0.5101769447326661,0.3841333813137478,0.998491644859314,0.5101769447326661,0.2860218945116725,0.998491644859314,0.575584602355957,0.3841390397813585,0.999030590057373,0.444769287109375,0.3841277228461371,0.998491644859314,0.6763137817382813,0.4025612725151909,0.995815932750702,0.3470578670501709,0.3999732971191406,0.9795031547546388
42,0.5102721214294433,0.3849830415513779,0.9986509680747986,0.5102721214294433,0.28604471781900564,0.9986509680747986,0.5762296676635742,0.3854028913709852,0.9990383386611938,0.4443145751953125,0.3845631917317708,0.9986509680747986,0.6725503444671631,0.4112337748209635,0.9964292645454408,0.3428520917892456,0.4031160142686631,0.9827017188072203
43,0.5110547542572021,0.3859642452663845,0.9986024498939514,0.5110547542572021,0.2861027248853223,0.9986024498939514,0.5776264667510986,0.3865564982096354,0.9990680813789368,0.4444830417633056,0.3853719923231337,0.9986024498939514,0.6703253746032715,0.4147313435872395,0.9961041212081908,0.344408917427063,0.4080465952555338,0.9819252490997314
44,0.5117093324661255,0.3872902976142035,0.9988523721694946,0.5117093324661255,0.2862287233097722,0.9988523721694946,0.5790704727172852,0.3886260562472873,0.9989216327667236,0.4443481922149658,0.3859545389811198,0.9988523721694946,0.6719362258911132,0.4183525085449219,0.994528830051422,0.3418306350708008,0.4186297946506076,0.9868342280387878
45,0.512363076210022,0.3894914203219943,0.998808979988098,0.512363076210022,0.285182234009743,0.998808979988098,0.5818743705749512,0.3914703369140625,0.998808979988098,0.4428517818450928,0.3875125037299262,0.9989872574806212,0.6735615253448486,0.4229146321614583,0.9930608868598938,0.3366629362106323,0.4268598344590928,0.9880623817443848
46,0.5127799034118652,0.3906807369656033,0.9987163543701172,0.5127799034118652,0.28653937822436626,0.9987163543701172,0.5821674346923829,0.3930383470323351,0.9987163543701172,0.4433923721313476,0.3883231268988715,0.9989249110221864,0.6735270977020263,0.4309530470106337,0.9921779036521912,0.337731671333313,0.4282958560519748,0.9798001646995544
47,0.5141067743301392,0.3908104578653971,0.9986248016357422,0.5141067743301392,0.2874240814352208,0.9986248016357422,0.582975959777832,0.3935650295681424,0.9986248016357422,0.4452375888824463,0.3880558861626519,0.998773753643036,0.6727309226989746,0.4395461612277561,0.9911802411079408,0.3400343418121337,0.4308094872368707,0.9734259247779846
48,0.5137706756591798,0.3905769983927408,0.9987415671348572,0.5137706756591798,0.286525256598089,0.9987415671348572,0.5830958366394043,0.3930096096462673,0.9987415671348572,0.4444455146789551,0.3881443871392144,0.999077320098877,0.6677547454833984,0.4422876569959852,0.9941669702529908,0.3345144748687744,0.4462917327880859,0.9861014485359192
49,0.5143531084060669,0.3900962193806965,0.9989131689071656,0.5143531084060669,0.2861661379554723,0.9989131689071656,0.5836355209350585,0.3908688863118489,0.9989131689071656,0.4450706958770752,0.3893235524495442,0.999228835105896,0.6651972770690918,0.4474372863769531,0.9951996803283693,0.32668137550354,0.4714771694607205,0.9935285449028016
50,0.5129963159561157,0.3883330663045247,0.999143123626709,0.5129963159561157,0.2857330707337877,0.999143123626709,0.5813925743103028,0.3890482160780165,0.999143123626709,0.4446000576019287,0.387617916531033,0.9991546869277954,0.6648715019226075,0.4484529283311632,0.996162176132202,0.3288516998291015,0.4801859537760417,0.9948946237564088
51,0.5129201412200928,0.3879012849595811,0.9990957975387572,0.5129201412200928,0.2849727339858611,0.9990957975387572,0.5815343856811523,0.3887120140923394,0.9992226362228394,0.4443058967590332,0.3870905558268229,0.9990957975387572,0.661644458770752,0.4547881232367621,0.9967809915542604,0.3288716316223145,0.4795414394802517,0.9945496916770936
52,0.5129560470581054,0.3874930487738715,0.9988548755645752,0.5129560470581054,0.28460282134608716,0.9988548755645752,0.5815255165100097,0.3893079969618055,0.9992006421089172,0.4443865776062011,0.3856781005859375,0.9988548755645752,0.6598488330841065,0.4637418958875868,0.9961994290351868,0.3321809291839599,0.4806072235107422,0.9927228093147278
53,0.513550615310669,0.3877759085761176,0.9985833168029784,0.513550615310669,0.28474771803324184,0.9985833168029784,0.5822020053863526,0.3899390326605902,0.99902081489563,0.4448992252349854,0.385612784491645,0.9985833168029784,0.6592248916625977,0.474944347805447,0.9943407773971558,0.3359651088714599,0.4848180982801649,0.9906622767448424
54,0.5134210824966431,0.38767884572347,0.9986600875854492,0.5134210824966431,0.2857314046651036,0.9986600875854492,0.5813355445861816,0.390298334757487,0.9991963505744934,0.4455066204071045,0.3850593566894531,0.9986600875854492,0.6572574615478516,0.4758205837673611,0.9954293966293336,0.3403625011444092,0.4840912289089626,0.9895504117012024
55,0.5128299236297608,0.387217797173394,0.9988014698028564,0.5128299236297608,0.2831768225706941,0.9988014698028564,0.5821496486663819,0.389600118001302,0.999334752559662,0.4435101985931396,0.3848354763454861,0.9988014698028564,0.6576243877410889,0.4791272481282552,0.99561607837677,0.3371260643005371,0.4982777913411458,0.9926398992538452
56,0.5128474950790405,0.3875047471788194,0.9989885687828064,0.5128474950790405,0.28263964777583306,0.9989885687828064,0.5827287673950196,0.3895110236273871,0.9993183612823486,0.4429662227630615,0.3854984707302517,0.9989885687828064,0.6586668014526367,0.4838795979817708,0.9951131939888,0.3363090991973877,0.5105979495578342,0.9946097135543824
57,0.5132456302642823,0.3886006885104709,0.9990172386169434,0.5132456302642823,0.28245384473091306,0.9990172386169434,0.5840023040771485,0.3896572960747613,0.9992890357971193,0.442488956451416,0.3875440809461805,0.9990172386169434,0.6580110549926758,0.4875423855251736,0.9938622713088988,0.3363071918487549,0.5179268307156033,0.9953696131706238
58,0.514658784866333,0.3892533832126194,0.9990448355674744,0.514658784866333,0.28316724102298696,0.9990448355674744,0.5853794574737549,0.3899491204155816,0.9992126226425172,0.4439381122589111,0.3885576460096571,0.9990448355674744,0.6551265716552734,0.4897356245252821,0.99235862493515,0.3387819290161132,0.5204436408148871,0.9950769543647766
59,0.5145292043685913,0.3880328072441948,0.998976469039917,0.5145292043685913,0.283829366119739,0.998976469039917,0.5839978694915772,0.3878301408555772,0.999195635318756,0.4450605392456054,0.3882354736328125,0.998976469039917,0.6503283500671386,0.493134774102105,0.992115318775177,0.3434053897857666,0.5230374230278863,0.994271755218506
60,0.5149760723114014,0.3918948067559136,0.9990942478179932,0.5149760723114014,0.28900166574721664,0.9990942478179932,0.5835628986358643,0.3908085717095269,0.9990942478179932,0.4463892459869384,0.3929810418023003,0.999129831790924,0.6483094215393066,0.5006414625379775,0.990205943584442,0.3447684288024902,0.5265546162923177,0.9955782294273376
61,0.5157073020935059,0.3917535993787977,0.99898761510849,0.5157073020935059,0.2893094764954284,0.99898761510849,0.583984661102295,0.3901545206705729,0.99898761510849,0.4474299430847168,0.3933526780870225,0.9991426467895508,0.6457865715026856,0.5050701565212674,0.98977392911911,0.3475972652435303,0.5248062981499566,0.9958078861236572
62,0.5160473108291626,0.3927310943603516,0.9989336133003236,0.5160473108291626,0.2898251817567388,0.9989336133003236,0.5846242427825927,0.3908061981201172,0.9989336133003236,0.4474703788757324,0.3946559906005859,0.9991664886474608,0.6445461273193359,0.5118448893229167,0.9904295206069946,0.3486031532287598,0.5282944573296441,0.996422290802002
63,0.5162333250045776,0.3937699211968315,0.998933970928192,0.5162333250045776,0.2909674504943416,0.998933970928192,0.584721851348877,0.3912469651963975,0.998933970928192,0.4477447986602783,0.3962928771972656,0.9992326498031616,0.6424465179443359,0.5193622589111329,0.9917495250701904,0.3501529216766357,0.5355617523193359,0.9970364570617676
64,0.5165102481842041,0.3941818661159939,0.9988473653793336,0.5165102481842041,0.29202380120555194,0.9988473653793336,0.5845543384552002,0.3912932501898871,0.9988473653793336,0.448466157913208,0.3970704820421007,0.9992437362670898,0.6407212734222412,0.5253769344753689,0.992065727710724,0.351944899559021,0.5413228776719835,0.9972092509269714
65,0.5165616512298584,0.3950839784410265,0.998630166053772,0.5165616512298584,0.29307809245943656,0.998630166053772,0.5845273494720459,0.3928041670057509,0.998630166053772,0.4485959529876709,0.3973637898763021,0.9992607235908508,0.6383214950561523,0.5279518127441406,0.9906298518180848,0.3544647932052612,0.5447430928548177,0.9971548318862916
66,0.5164302825927735,0.3959557427300347,0.9985305070877076,0.5164302825927735,0.2944578366794115,0.9985305070877076,0.5840685844421387,0.3940455118815104,0.9985305070877076,0.4487919807434082,0.397865973578559,0.99927419424057,0.6350566864013671,0.5315055847167969,0.9892557859420776,0.3583870410919189,0.5475406646728516,0.9971336126327516
67,0.516344690322876,0.3965297698974609,0.9985117316246032,0.516344690322876,0.29489306796785425,0.9985117316246032,0.5840845584869385,0.394970957438151,0.9985117316246032,0.4486048221588135,0.3980885823567708,0.9992855191230774,0.6309523105621337,0.5327217949761285,0.989620804786682,0.3602696180343628,0.5521785312228733,0.9970219731330872
68,0.517121148109436,0.3970334582858615,0.9985913634300232,0.517121148109436,0.29521559543545745,0.9985913634300232,0.5849972248077393,0.3964510599772135,0.9985913634300232,0.4492450714111328,0.3976158565945095,0.999222993850708,0.6303353786468506,0.5383601718478732,0.9884621500968932,0.3628108024597168,0.553407711452908,0.9968008995056152
69,0.5174131393432617,0.3970116933186848,0.9985505938529968,0.5174131393432617,0.29610032433377503,0.9985505938529968,0.5846868515014648,0.3967436896430121,0.9985505938529968,0.4501394271850586,0.3972796969943576,0.999256432056427,0.6269425868988037,0.540543704562717,0.991349160671234,0.3647748470306396,0.5535023583306207,0.996713399887085
70,0.5177295923233032,0.3970241970486111,0.9985116124153136,0.5177295923233032,0.2969779892281757,0.9985116124153136,0.5844269752502441,0.3969152662489149,0.9985116124153136,0.4510322093963623,0.3971331278483073,0.9992480874061584,0.6238611221313477,0.5422688802083333,0.9923132061958312,0.3672109842300415,0.5544357299804688,0.9966610670089722
71,0.5178122282028198,0.3965249167548286,0.9985324144363404,0.5178122282028198,0.29658495620101644,0.9985324144363404,0.5844385623931885,0.3963229285346137,0.9985324144363404,0.4511858940124512,0.3967269049750434,0.999264657497406,0.6207753658294678,0.542425028483073,0.992470383644104,0.3682721138000488,0.5552843729654948,0.996732234954834
72,0.517543339729309,0.3964794370863173,0.9985723495483398,0.517543339729309,0.2961109554019794,0.9985723495483398,0.5844555854797363,0.3965798695882161,0.9985723495483398,0.4506310939788818,0.3963790045844184,0.9992218017578124,0.6188393592834472,0.5446826934814453,0.9919047355651855,0.3701179504394531,0.5564844343397353,0.9964381456375122
73,0.5178206443786622,0.3962329652574327,0.998493194580078,0.5178206443786622,0.2956642623796073,0.998493194580078,0.5848634719848633,0.3968644883897569,0.998493194580078,0.4507778167724609,0.3956014421251085,0.9991961121559144,0.6166545867919921,0.5469602372911241,0.9904300570487976,0.3714550018310547,0.5584976196289062,0.9960339665412904
74,0.518241000175476,0.3961828655666775,0.998406708240509,0.518241000175476,0.29553291485627536,0.998406708240509,0.5853378295898437,0.3968317667643229,0.998406708240509,0.4511441707611084,0.3955339643690321,0.9991868138313292,0.6151697635650635,0.5491158803304036,0.98993182182312,0.3724431276321411,0.560813479953342,0.9958416819572448
75,0.5183266639709473,0.3964554680718315,0.9982129335403442,0.5183266639709473,0.296049258597394,0.9982129335403442,0.5852593421936035,0.3972566392686631,0.9982129335403442,0.451393985748291,0.395654296875,0.9991915822029114,0.6150968074798584,0.5517730712890625,0.9891737699508668,0.3737726449966431,0.5620025634765625,0.9954849481582642
76,0.5184098005294799,0.3976692623562283,0.998139500617981,0.5184098005294799,0.2974489732133138,0.998139500617981,0.5851990222930908,0.3994712405734592,0.998139500617981,0.4516205787658691,0.3958672841389974,0.9991722106933594,0.6157477378845215,0.5566864861382379,0.9897693395614624,0.3749624490737915,0.5633535597059461,0.9953668117523192
77,0.5185483455657959,0.3975808037651909,0.9980385899543762,0.5185483455657959,0.2977424120473566,0.9980385899543762,0.5850913047790527,0.3990386962890625,0.9980385899543762,0.452005386352539,0.3961229112413194,0.9991216063499452,0.6143312454223633,0.5585557301839192,0.9899595975875854,0.376526403427124,0.5643584357367621,0.9953155517578124
78,0.5188412189483642,0.3975720087687174,0.9980925917625428,0.5188412189483642,0.29709563346219175,0.9980925917625428,0.5858150959014893,0.3987508138020833,0.9980925917625428,0.4518673419952392,0.3963932037353516,0.999080777168274,0.6133187294006348,0.56027709113227,0.9904347658157348,0.3772215366363525,0.5662854512532552,0.9952475428581238
79,0.518773889541626,0.3969568252563477,0.997992753982544,0.518773889541626,0.2976886365265162,0.997992753982544,0.584943437576294,0.3980629391140408,0.997992753982544,0.452604341506958,0.3958507113986545,0.9990652203559875,0.6125394821166992,0.5618534511990018,0.9898250699043274,0.3787179708480835,0.5649588690863715,0.9952013492584229
80,0.5189583539962769,0.3969370100233289,0.9979727864265442,0.5189583539962769,0.2978595301128535,0.9979727864265442,0.5849898338317872,0.3985693613688151,0.9979727864265442,0.4529268741607666,0.3953046586778428,0.9990587830543518,0.6114068508148194,0.564505852593316,0.9900246858596802,0.3796399593353271,0.5634463840060764,0.9950066804885864
81,0.5189553022384643,0.396559460957845,0.9980220794677734,0.5189553022384643,0.29784683663238964,0.9980220794677734,0.584760046005249,0.3972546895345052,0.9980220794677734,0.4531505584716797,0.3958642323811849,0.999056041240692,0.609991979598999,0.5643418629964193,0.9900593161582948,0.380194616317749,0.5665170033772786,0.9950619339942932
82,0.51914324760437,0.3963333553738064,0.9980517625808716,0.51914324760437,0.2974567709511248,0.9980517625808716,0.5850564956665039,0.3971014234754774,0.9980517625808716,0.4532299995422363,0.3955652872721354,0.9990314245224,0.6097598075866699,0.5686932033962674,0.9893759489059448,0.3815839767456054,0.5683748033311632,0.9951475262641908
83,0.519070839881897,0.396916898091634,0.9979850053787231,0.519070839881897,0.2982881739998936,0.9979850053787231,0.5848161220550537,0.3978899637858072,0.9979850053787231,0.4533255577087402,0.3959438323974609,0.9990121126174928,0.607459831237793,0.5696586185031467,0.9891778230667114,0.3828598737716674,0.5706149207221137,0.9950608611106871
84,0.518890643119812,0.3966075049506293,0.9978340268135072,0.518890643119812,0.29806012655109704,0.9978340268135072,0.5845869064331055,0.3971187167697482,0.9978340268135072,0.4531943798065185,0.3960962931315104,0.9989874958992004,0.6058281898498535,0.5668785519070095,0.9881029725074768,0.3835753917694092,0.5724851396348741,0.995153784751892
85,0.5188641309738159,0.3965839385986328,0.9977570176124572,0.5188641309738159,0.29807212816178363,0.9977570176124572,0.5845384120941162,0.3963994344075521,0.9977570176124572,0.4531898498535156,0.3967684427897135,0.9989929795265198,0.6034495830535889,0.5632703993055556,0.988203763961792,0.3845715284347534,0.5738078223334419,0.995389461517334
86,0.5190584182739257,0.3964754952324761,0.9976834058761596,0.5190584182739257,0.2978526885416122,0.9976834058761596,0.5848067283630372,0.3966485341389974,0.9976834058761596,0.4533101081848144,0.3963024563259548,0.9989826083183287,0.6021535396575928,0.5622704823811849,0.9880643486976624,0.3855270147323608,0.5733819749620226,0.9953489899635316
87,0.5187199592590332,0.396512116326226,0.9975608587265016,0.5187199592590332,0.297890694426052,0.9975608587265016,0.5844659328460693,0.3969766404893663,0.9975608587265016,0.4529739856719971,0.3960475921630859,0.9989427924156188,0.6010477542877197,0.5648481157090929,0.9869354367256165,0.3857443332672119,0.5748765733506944,0.9951924085617064
88,0.518675136566162,0.3969422658284505,0.9974831938743592,0.518675136566162,0.2984988535447287,0.9974831938743592,0.5842976570129395,0.3978602939181858,0.9974831938743592,0.4530526161193847,0.3960242377387152,0.9989389777183532,0.6012587547302246,0.5679312811957465,0.986559271812439,0.3863356590270996,0.576340823703342,0.9951240420341492
89,0.5185938119888305,0.3968692779541015,0.997445821762085,0.5185938119888305,0.2982426150189883,0.997445821762085,0.5843376636505127,0.3978461371527778,0.997445821762085,0.4528499603271484,0.3958924187554253,0.998935043811798,0.601038932800293,0.5694180382622613,0.9857563376426696,0.3866770029067993,0.57745361328125,0.9949808716773988
90,0.5184713840484618,0.3977915445963541,0.9973425269126892,0.5184713840484618,0.2992934307564176,0.9973425269126892,0.5841328620910644,0.3985100640190972,0.9973425269126892,0.4528099060058593,0.3970730251736111,0.998927891254425,0.600694227218628,0.569157706366645,0.9844655394554138,0.3871844291687011,0.5802343580457899,0.9949829578399658
91,0.518608570098877,0.3986710230509439,0.9973898530006408,0.518608570098877,0.2999716418354553,0.9973898530006408,0.5844031810760498,0.3994802686903211,0.9973898530006408,0.4528139591217041,0.3978617774115668,0.9989427924156188,0.6016948699951172,0.5734612358940973,0.9845885634422302,0.3877375602722168,0.5801039801703559,0.9949361085891724
92,0.5185448169708252,0.3989931106567382,0.997312307357788,0.5185448169708252,0.30061050409411016,0.997312307357788,0.5841327667236328,0.399237314860026,0.997312307357788,0.4529568672180176,0.3987489064534505,0.9989379048347472,0.6008157730102539,0.5699679056803385,0.9848054051399232,0.387585973739624,0.5816756354437934,0.9950356483459472
93,0.5183762311935425,0.3993415196736652,0.9973631501197816,0.5183762311935425,0.30105831859519094,0.9973631501197816,0.5838980674743652,0.3995390574137369,0.9973631501197816,0.4528543949127197,0.3991439819335937,0.998931348323822,0.6001571178436279,0.5705067952473958,0.9851307272911072,0.387319803237915,0.5820473141140408,0.9951747059822084
94,0.5183331727981567,0.3992553075154622,0.997467041015625,0.5183331727981567,0.3006923906881731,0.997467041015625,0.5840417385101319,0.399177975124783,0.997467041015625,0.4526246070861816,0.3993326399061415,0.9989294409751892,0.5999958515167236,0.5702839745415582,0.9860934019088744,0.3872158288955688,0.5824794769287109,0.9952946305274964
95,0.5180757761001586,0.3992049747043185,0.9975243210792542,0.5180757761001586,0.3007313038746485,0.9975243210792542,0.5837246894836425,0.3993672264946831,0.9975243210792542,0.4524268627166748,0.399042722913954,0.9988806843757628,0.599741268157959,0.571226077609592,0.986624240875244,0.3869954586029053,0.5824033949110243,0.9951451420783995
96,0.5177499532699585,0.4000370025634765,0.9974695444107056,0.5177499532699585,0.3020150822217123,0.9974695444107056,0.5830941677093506,0.4007354312472873,0.9974695444107056,0.4524057388305664,0.3993385738796658,0.9989296793937684,0.5990049839019775,0.5702913496229384,0.98672753572464,0.3866923332214355,0.5827927483452691,0.995233118534088
97,0.5176874160766601,0.4002207014295789,0.9973227381706238,0.5176874160766601,0.30243230309813085,0.9973227381706238,0.5828793048858643,0.4004423353407118,0.9973227381706238,0.452495527267456,0.3999990675184461,0.9989247918128968,0.5991434097290039,0.5700922648111979,0.9864606857299804,0.3864706993103027,0.5833141750759548,0.9952592253684998
98,0.5177123785018921,0.399767854478624,0.9973614811897278,0.5177123785018921,0.3018534446176525,0.9973614811897278,0.5829853057861328,0.399106936984592,0.9973614811897278,0.4524394512176514,0.4004287719726562,0.9989584684371948,0.599442434310913,0.5697019365098741,0.9869639277458192,0.3858660697937012,0.5840270148383246,0.99538391828537
99,0.5176129341125488,0.3996658537122938,0.9973835349082948,0.5176129341125488,0.30189021048823195,0.9973835349082948,0.5827801704406739,0.3981981489393446,0.9973835349082948,0.4524456977844238,0.401133558485243,0.9989798665046692,0.5996613025665283,0.5678663041856554,0.9873048663139344,0.3848554134368896,0.5847380744086371,0.9954721927642822
100,0.5174181938171386,0.4000840293036566,0.9974836707115172,0.5174181938171386,0.30208263723684936,0.9974836707115172,0.5827264308929443,0.3982401529947916,0.9974836707115172,0.452109956741333,0.4019279056125217,0.9989792108535768,0.5997738838195801,0.5642859564887153,0.9893843531608582,0.384080696105957,0.5819589402940538,0.9957600235939026
101,0.5174110412597657,0.4006449805365668,0.99750417470932,0.5174110412597657,0.30261008627756325,0.99750417470932,0.5827347278594971,0.3985711839463975,0.99750417470932,0.4520873546600342,0.4027187771267361,0.9990330934524536,0.6004688739776611,0.5623405032687717,0.9893087148666382,0.3828726053237915,0.5795366075303819,0.9958631992340088
102,0.5171157598495483,0.4005158106486002,0.997548282146454,0.5171157598495483,0.30261127796499687,0.997548282146454,0.5823461532592773,0.3982513003879123,0.997548282146454,0.4518853664398193,0.4027803209092881,0.9990365505218506,0.6007535934448243,0.5581878662109375,0.9896798729896544,0.3818256855010986,0.5760016971164279,0.995811939239502
103,0.516358208656311,0.4008612526787651,0.9975749850273132,0.516358208656311,0.30230429986347224,0.9975749850273132,0.5820451259613038,0.3993354797363281,0.9975749850273132,0.4506712913513183,0.4023870256212022,0.9990426898002625,0.6036643981933594,0.5608770158555773,0.9878414273262024,0.3791470050811767,0.5715840657552084,0.9957516193389891
104,0.5157556295394897,0.4022812525431315,0.9977490305900574,0.5157556295394897,0.30280769954585796,0.9977490305900574,0.5820709705352783,0.4020624372694227,0.9977490305900574,0.4494402885437011,0.4025000678168403,0.9991499185562134,0.6078129291534424,0.5652439541286892,0.988171398639679,0.3761197566986084,0.5710234747992622,0.9956411123275756
105,0.5152617454528808,0.4019181357489692,0.9980243444442748,0.5152617454528808,0.30145357323830535,0.9980243444442748,0.5822381019592285,0.4018683539496527,0.9980243444442748,0.4482853889465332,0.4019679175482856,0.9992233514785768,0.610710334777832,0.5593992445203994,0.9891958236694336,0.3731409549713135,0.5665078481038411,0.9957379102706908
106,0.5153046369552612,0.4011758592393663,0.9983980059623718,0.5153046369552612,0.30057151613778277,0.9983980059623718,0.5823715686798095,0.4005818684895833,0.9983980059623718,0.4482377052307129,0.4017698499891493,0.9992849230766296,0.6135125637054444,0.5525494469536676,0.9921575784683228,0.3697685480117798,0.5582672119140625,0.9965349435806274
107,0.5143979549407959,0.3995886484781901,0.9989194869995116,0.5143979549407959,0.29848993926263245,0.9989194869995116,0.5817719459533691,0.3977476331922743,0.9989194869995116,0.4470239639282226,0.4014296637641059,0.9992011189460754,0.6175996780395507,0.5499120076497396,0.9941574335098268,0.3628384590148926,0.5541992611355252,0.9968112111091614
108,0.5134780645370483,0.3994007958306206,0.9990206956863404,0.5134780645370483,0.29766650236295383,0.9990206956863404,0.5812897205352783,0.3981679280598958,0.9990206956863404,0.4456664085388183,0.4006336636013455,0.9992412328720092,0.6266332149505616,0.5488373226589627,0.9919803142547609,0.356226110458374,0.5506227281358507,0.9967967867851256
109,0.5123572587966918,0.3991488774617512,0.9988210797309875,0.5123572587966918,0.2967394709708173,0.9988210797309875,0.5806026458740234,0.3972095065646701,0.9988210797309875,0.4441118717193603,0.4010882483588324,0.9992654919624328,0.6321026802062988,0.5340506235758463,0.9874171018600464,0.3469420433044433,0.5452007717556424,0.9968382120132446
110,0.5113972187042236,0.3989172829522027,0.9988194108009338,0.5113972187042236,0.2956444490587652,0.9988194108009338,0.5801884651184082,0.3961087120903863,0.9988194108009338,0.442605972290039,0.4017258538140191,0.9993057250976562,0.6394160270690918,0.521607928805881,0.9874141812324524,0.3417029857635498,0.5385289510091146,0.9967736601829528
111,0.5104146003723145,0.397028562757704,0.999016523361206,0.5104146003723145,0.2945747930497008,0.999016523361206,0.578648567199707,0.3939693027072483,0.999016523361206,0.4421806335449219,0.4000878228081597,0.999329686164856,0.6438848495483398,0.5116122775607639,0.9924789667129515,0.3363150119781494,0.5324396769205729,0.996720254421234
112,0.5105083227157592,0.3961475796169704,0.9991515874862672,0.5105083227157592,0.29098160022540076,0.9991515874862672,0.5805732727050781,0.3936164855957031,0.9991515874862672,0.4404433727264404,0.3986786736382378,0.9993171691894532,0.6533866405487061,0.5068140665690104,0.991171658039093,0.3299912929534912,0.5242513868543837,0.9963319897651672
113,0.5096763134002685,0.3926281611124674,0.9991260170936584,0.5096763134002685,0.28653286930658023,0.9991260170936584,0.5803669929504395,0.3902642144097222,0.9991260170936584,0.4389856338500976,0.3949921078152126,0.9992823004722596,0.653213357925415,0.4870647430419922,0.9892461895942688,0.3267006397247314,0.5182223425971137,0.995158851146698
114,0.5094213724136352,0.3904145770602755,0.9989895224571228,0.5094213724136352,0.28555098500840725,0.9989895224571228,0.579291582107544,0.3880841996934678,0.9989895224571228,0.4395511627197265,0.3927449544270833,0.9992923736572266,0.6549286365509033,0.4719170464409722,0.9873424768447876,0.3247068643569946,0.5033576117621528,0.9940323233604432
115,0.5094035625457765,0.3891676372951931,0.9986532926559448,0.5094035625457765,0.2855538323708391,0.9986532926559448,0.5784502506256104,0.3871599833170573,0.9986532926559448,0.4403568744659424,0.391175291273329,0.999135434627533,0.6652201652526856,0.4582506391737196,0.9748947024345398,0.3237594604492187,0.4918219672309027,0.9929106831550598
116,0.5094630002975464,0.3868478563096788,0.9986384510993958,0.5094630002975464,0.28342242431291853,0.9986384510993958,0.578390645980835,0.3850809733072917,0.9986384510993958,0.4405353546142578,0.3886147393120659,0.9990537762641908,0.6672667503356934,0.4388277689615885,0.9680309891700744,0.3260025501251221,0.481764178805881,0.9929256439208984
117,0.509376835823059,0.386018329196506,0.9988511800765992,0.509376835823059,0.2824247464112008,0.9988511800765992,0.5784311771392823,0.3849640740288628,0.9988511800765992,0.4403224945068359,0.3870725843641493,0.9989718198776244,0.6705972671508789,0.4292508867051866,0.9701634049415588,0.3218745470046997,0.4772846645779079,0.991356372833252
118,0.510048770904541,0.3858277850680881,0.998698115348816,0.510048770904541,0.2832129155426042,0.998698115348816,0.5784574508666992,0.386238521999783,0.9987685084342957,0.4416400909423828,0.3854170481363932,0.998698115348816,0.6717639923095703,0.421489503648546,0.9681808948516846,0.3189767837524414,0.4663882785373264,0.9908299446105956
119,0.5094007968902587,0.385337045457628,0.9984435439109802,0.5094007968902587,0.2824882254294182,0.9984435439109802,0.5779622077941895,0.3861198849148221,0.999040424823761,0.4408393859863281,0.384554206000434,0.9984435439109802,0.6725624084472657,0.4176097869873046,0.9764861464500428,0.3127326011657715,0.4597812228732639,0.9873691201210022
120,0.5084982872009278,0.3846765730116102,0.9981574416160583,0.5084982872009278,0.28119695594708893,0.9981574416160583,0.5774684429168702,0.3861740960015191,0.9992895126342772,0.4395281314849854,0.3831790500217014,0.9981574416160583,0.6762113571166992,0.4165657043457031,0.9887861013412476,0.3117748498916626,0.4497975667317708,0.9806711673736572
121,0.5075566291809082,0.3836558447943793,0.997556447982788,0.5075566291809082,0.2805607078068008,0.997556447982788,0.5762836933135986,0.3843009101019965,0.9994165897369384,0.4388295650482178,0.3830107794867621,0.997556447982788,0.6822085380554199,0.4162300957573784,0.9937923550605774,0.3150559425354003,0.4442464192708333,0.9762822985649108
122,0.5083968162536621,0.3835051642523871,0.9979173541069032,0.5083968162536621,0.28029143643083543,0.9979173541069032,0.5771897792816162,0.3849976857503255,0.9991540908813475,0.439603853225708,0.3820126427544488,0.9979173541069032,0.6797586441040039,0.4131134033203125,0.9880401492118835,0.3215837001800537,0.4356991238064236,0.975716471672058
123,0.5088989973068238,0.3840844472249348,0.9977310299873352,0.5088989973068238,0.2821282087969257,0.9977310299873352,0.5768669605255127,0.3847082349989149,0.999218225479126,0.4409310340881348,0.3834606594509548,0.9977310299873352,0.6800570487976074,0.4138669755723741,0.993717074394226,0.3261671066284179,0.4256503634982639,0.9774879217147828
124,0.5086814641952515,0.3832064310709635,0.9975576400756836,0.5086814641952515,0.2846455615762621,0.9975576400756836,0.5743880271911621,0.3829067654079861,0.9990002512931824,0.4429749011993408,0.383506096733941,0.9975576400756836,0.6761221885681152,0.4100224812825521,0.9925234913825988,0.3332267761230468,0.4236362033420139,0.9807049632072448
125,0.5095494985580444,0.3798186620076497,0.9972649812698364,0.5095494985580444,0.28188416388606696,0.9972649812698364,0.5747970104217529,0.377472898695204,0.998748540878296,0.4443019866943359,0.3821644253200955,0.9972649812698364,0.672246265411377,0.4037176344129774,0.9925382733345032,0.3408307552337646,0.4202017042371961,0.9823859333992004
126,0.510540223121643,0.378446536593967,0.997520625591278,0.510540223121643,0.2808625584810505,0.997520625591278,0.5755847454071045,0.3772253248426649,0.9984525442123412,0.4454957008361816,0.3796677483452691,0.997520625591278,0.6670382976531982,0.4028459760877821,0.9910106658935548,0.3440546989440918,0.4125170389811198,0.9849858283996582
127,0.5106860637664795,0.3784445020887587,0.9974714517593384,0.5106860637664795,0.27978630330708343,0.9974714517593384,0.576442289352417,0.376998053656684,0.9986314177513124,0.444929838180542,0.3798909505208333,0.9974714517593384,0.6690912246704102,0.3972685919867622,0.9918681979179382,0.3453071594238281,0.4100540584988064,0.9839034080505372
128,0.5106796503067017,0.3776778750949435,0.9974700212478638,0.5106796503067017,0.27992064511131903,0.9974700212478638,0.575838565826416,0.3763978746202256,0.9983406066894532,0.4455207347869873,0.3789578755696615,0.9974700212478638,0.6637503147125244,0.3916171603732639,0.9879891872406006,0.3475815773010254,0.4068846808539496,0.9823481440544128
129,0.5098215818405151,0.3773180431789822,0.9977102279663086,0.5098215818405151,0.2803330637912398,0.9977102279663086,0.5744431972503662,0.3751897599962022,0.997760772705078,0.445199966430664,0.3794463263617622,0.9977102279663086,0.6551273822784424,0.3856086307101779,0.9830442070961,0.3467346906661987,0.4067337459988064,0.9832792282104492
130,0.508392071723938,0.3768147362603081,0.997545063495636,0.508392071723938,0.27894282395679476,0.997545063495636,0.5735485076904296,0.373360358344184,0.997545063495636,0.4432356357574463,0.3802691141764323,0.9981677532196044,0.6511482715606689,0.3809892442491319,0.9829775094985962,0.3423948287963867,0.4116372426350911,0.983098804950714
131,0.5085290193557739,0.3778267330593532,0.9978222846984864,0.5085290193557739,0.2782773828773708,0.9978222846984864,0.5747469902038574,0.373393079969618,0.9978222846984864,0.4423110485076904,0.3822603861490885,0.9981570839881896,0.6583893299102783,0.3747849358452691,0.982069730758667,0.3405420780181885,0.4106701321072049,0.9817122220993042
132,0.508011794090271,0.3782259623209635,0.9977973699569702,0.508011794090271,0.2795704468048732,0.9977973699569702,0.5736262321472168,0.3737000783284505,0.9977973699569702,0.4423973560333252,0.3827518463134766,0.9982770681381226,0.6580764770507812,0.3728735182020399,0.981847882270813,0.3432498931884765,0.405339855617947,0.9790434837341307
133,0.508634614944458,0.3785169389512803,0.9979707598686218,0.508634614944458,0.28088516717334844,0.9979707598686218,0.5735847473144531,0.3742851257324219,0.9979707598686218,0.4436844825744629,0.3827487521701389,0.9979992508888244,0.6597795963287354,0.3693147871229383,0.9843018054962158,0.3499145984649658,0.3978262159559462,0.9734678268432616
134,0.5089817285537719,0.3788054784138996,0.9978959560394288,0.5089817285537719,0.28185661257960826,0.9978959560394288,0.5734376430511474,0.3740300072564019,0.9981372356414796,0.4445258140563964,0.3835809495713975,0.9978959560394288,0.6660195350646972,0.3632274627685546,0.9848939776420592,0.3509451866149902,0.3966041564941406,0.9745793342590332
135,0.5086458683013916,0.3808126661512586,0.998040497303009,0.5086458683013916,0.28521909073309465,0.998040497303009,0.5722321510314942,0.3765492757161458,0.99821799993515,0.445059585571289,0.3850760565863715,0.998040497303009,0.665613317489624,0.3617261674669054,0.9871931672096252,0.3508831977844238,0.3982176038953993,0.9786754250526428
136,0.5092418193817139,0.3804150687323676,0.9980893731117249,0.5092418193817139,0.28580908572200636,0.9980893731117249,0.5722452640533447,0.3775041368272569,0.9980893731117249,0.446238374710083,0.3833260006374783,0.9981252551078796,0.6645290374755859,0.3667217678493923,0.9863410592079164,0.3502482414245605,0.3956949022081163,0.9797699451446532
137,0.5099900722503662,0.3794825024074978,0.9980535507202148,0.5099900722503662,0.28469675471888306,0.9980535507202148,0.5731359481811523,0.3771081712510851,0.9980535507202148,0.44684419631958,0.3818568335639106,0.9981871247291564,0.6650142669677734,0.3683556874593099,0.9857369661331176,0.3502530574798584,0.3944775051540798,0.9787020683288574
138,0.5101029157638549,0.3794950909084743,0.9981725215911864,0.5101029157638549,0.2845628969984735,0.9981725215911864,0.5733637809753418,0.3776376088460286,0.9981725215911864,0.4468420505523681,0.3813525729709201,0.9981775283813475,0.6689173698425293,0.3682964324951172,0.9869440793991088,0.3482049942016602,0.3934050665961371,0.9791404008865356
139,0.5106633186340332,0.3789830313788519,0.9978343844413756,0.5106633186340332,0.28560306115164946,0.9978343844413756,0.572903060913086,0.3776832156711154,0.9983710646629332,0.4484235763549805,0.3802828470865885,0.9978343844413756,0.6685328483581543,0.369122314453125,0.9887019395828248,0.3525988101959229,0.3917532179090712,0.976343870162964
140,0.5103710412979126,0.3791883468627929,0.997926950454712,0.5103710412979126,0.2851160815420066,0.997926950454712,0.5730292320251464,0.3765232510036892,0.9985854625701904,0.4477128505706787,0.3818534427218967,0.997926950454712,0.673852014541626,0.369617674085829,0.9909622073173524,0.3503803968429565,0.399547364976671,0.9828790426254272
141,0.5113040208816528,0.3793968624538845,0.9976490139961244,0.5113040208816528,0.2852480650523367,0.9976490139961244,0.5739873886108399,0.3761798434787326,0.9987435936927797,0.4486206531524658,0.3826138814290364,0.9976490139961244,0.6750573635101318,0.3696912129720052,0.9921588897705078,0.3551048040390014,0.4009192572699653,0.980073869228363
142,0.5123125076293945,0.3790558285183376,0.9972497820854188,0.5123125076293945,0.28403246077822336,0.9972497820854188,0.5756110191345215,0.3765293545193142,0.9990548491477966,0.4490139961242675,0.3815823025173611,0.9972497820854188,0.6825717449188232,0.3730160183376736,0.993821382522583,0.36213059425354,0.3996642218695747,0.9764793515205384
143,0.5133817195892334,0.3811600155300564,0.9978665709495544,0.5133817195892334,0.2839800470191488,0.9978665709495544,0.5781510829925537,0.3796636793348524,0.9992302656173706,0.4486123561859131,0.3826563517252604,0.9978665709495544,0.6873559951782227,0.3808891296386719,0.9952343106269836,0.3530749320983887,0.401096937391493,0.9834743142127992
144,0.5145627737045287,0.3812489403618706,0.998023271560669,0.5145627737045287,0.2814807101475143,0.998023271560669,0.581070852279663,0.380512703789605,0.9992601275444032,0.4480546951293945,0.3819851769341363,0.998023271560669,0.6934229850769043,0.389427736070421,0.9950793981552124,0.3529201030731201,0.4016424814860026,0.9844521284103394
145,0.5136641025543213,0.3817536036173503,0.998484194278717,0.5136641025543213,0.2811115248775549,0.998484194278717,0.5807582855224609,0.3814853668212891,0.9991843104362488,0.4465699195861816,0.3820218404134115,0.998484194278717,0.6903773307800293,0.3961767832438151,0.9953611493110656,0.3425073146820068,0.4042957729763455,0.9896827936172484
146,0.5136686325073242,0.3866084840562608,0.9980481863021852,0.5136686325073242,0.2860843106743638,0.9980481863021852,0.5806647300720215,0.3882463667127821,0.999141812324524,0.4466725349426269,0.3849706013997396,0.9980481863021852,0.6900459289550781,0.4000257280137804,0.9925665855407716,0.3496264457702637,0.4000645531548394,0.9735636711120604
147,0.5129141330718994,0.3861969841851128,0.9985381364822388,0.5129141330718994,0.28853384085446787,0.9985381364822388,0.577965259552002,0.3889359368218316,0.9986431002616882,0.4478630065917969,0.3834580315483941,0.9985381364822388,0.6696404457092285,0.4065514034695096,0.9853689074516296,0.3521289348602295,0.4051398383246528,0.9782187342643738
148,0.5122128963470459,0.3859128528171115,0.9986456036567688,0.5122128963470459,0.2873281558841559,0.9986456036567688,0.5778948307037354,0.3882395426432292,0.9986556768417358,0.4465309619903564,0.3835861629909939,0.9986456036567688,0.6662676811218262,0.4096950954861111,0.9848837852478028,0.348486328125,0.4127454969618055,0.9807855486869812
149,0.5120283842086792,0.3875941594441731,0.9987069368362428,0.5120283842086792,0.2864496427622277,0.9987069368362428,0.579412317276001,0.3900775061713324,0.9987072944641112,0.4446444511413574,0.3851108127170138,0.9987069368362428,0.6738412857055665,0.4090308295355903,0.9821471571922302,0.341528058052063,0.4230030059814453,0.9835686087608336
150,0.5125278949737548,0.3890465206570095,0.9986138343811036,0.5125278949737548,0.28744190804421205,0.9986138343811036,0.5802161216735839,0.3916009267171224,0.9986138343811036,0.4448396682739258,0.3864921145968967,0.9987564086914062,0.6825030326843262,0.4112427605523003,0.9764662981033324,0.3387388229370117,0.4310712602403428,0.9858681559562684
151,0.5127909183502197,0.3899158053927951,0.998923361301422,0.5127909183502197,0.2847796571940067,0.998923361301422,0.5828642845153809,0.3914774576822916,0.998923361301422,0.4427175521850586,0.3883541531032986,0.9989486336708068,0.6929468631744384,0.4195104387071398,0.9821896553039552,0.3250138759613037,0.4435278998480902,0.9904813170433044
152,0.5130536556243896,0.3907877604166666,0.9987221360206604,0.5130536556243896,0.2842806165073768,0.9987221360206604,0.5840535163879395,0.391622077094184,0.9987221360206604,0.4420537948608398,0.3899534437391493,0.9990280866622924,0.6898945808410645,0.4281520843505859,0.9765781164169312,0.3189735889434814,0.4527118682861328,0.989559292793274
153,0.5131905317306518,0.3909171210394965,0.9987377524375916,0.5131905317306518,0.2842476146142173,0.9987377524375916,0.584303331375122,0.3907465193006727,0.9987377524375916,0.4420777320861816,0.3910877227783203,0.9990733861923218,0.6910652160644531,0.440865241156684,0.9733672142028807,0.3195006370544433,0.4645813412136502,0.9888957738876344
154,0.5118609666824341,0.3904681735568576,0.9991029500961304,0.5118609666824341,0.2844920708824601,0.9991029500961304,0.582493782043457,0.3888770209418403,0.9991029500961304,0.4412281513214111,0.392059326171875,0.9992040991783142,0.6867776870727539,0.453267584906684,0.9883069396018982,0.3268970012664794,0.4717244042290581,0.9917478561401368
155,0.5110692262649537,0.3912285486857096,0.9991887211799622,0.5110692262649537,0.2856187949932836,0.9991887211799622,0.5814594268798828,0.3897135416666666,0.9991887211799622,0.4406790256500244,0.3927435557047526,0.9992719292640686,0.6816160202026367,0.4604114956325955,0.9914196729660034,0.3286225795745849,0.4769095102945963,0.9940949082374572
156,0.5101375579833984,0.3923518074883355,0.9992054104804992,0.5101375579833984,0.2866595835642312,0.9992054104804992,0.5805827140808105,0.3908350626627604,0.9992054104804992,0.4396924018859863,0.3938685523139106,0.999256670475006,0.6807394981384277,0.4656759474012586,0.9905670285224916,0.3253057956695556,0.4833205329047309,0.9934345483779908
157,0.5101691722869873,0.3936357710096571,0.9991315007209778,0.5101691722869873,0.2882189947381848,0.9991315007209778,0.5804231643676758,0.3918046739366319,0.9992031455039978,0.4399151802062988,0.3954668680826823,0.9991315007209778,0.6785131454467773,0.4681791517469618,0.9892916083335876,0.3274300336837769,0.4893256293402778,0.9917339086532592
158,0.5099885940551758,0.3941246456570095,0.9992087483406068,0.5099885940551758,0.28834243835965545,0.9992087483406068,0.5804594039916993,0.3914520263671875,0.9992333650588988,0.4395177841186523,0.3967972649468316,0.9992087483406068,0.6747414112091065,0.4733969370524089,0.9924497604370116,0.3294758319854736,0.4969379848904079,0.9938936829566956
159,0.5099610090255737,0.3950440300835504,0.999142050743103,0.5099610090255737,0.28953125030275656,0.999142050743103,0.5802506446838379,0.3923341539171007,0.999142050743103,0.4396713733673095,0.39775390625,0.9992691874504088,0.6674748420715332,0.4790226830376519,0.992566704750061,0.3305734872817993,0.5088389502631293,0.9949734210968018
160,0.5090730428695679,0.39547119140625,0.9990052580833436,0.5090730428695679,0.29049803738569313,0.9990052580833436,0.5789968967437744,0.3926164839002821,0.9990052580833436,0.4391491889953613,0.3983258989122178,0.999344766139984,0.6614247322082519,0.4816088358561198,0.9934686422348022,0.3307102918624878,0.5196499718560113,0.995585799217224
161,0.5093915224075317,0.3966833962334526,0.9989264607429504,0.5093915224075317,0.2906210537253852,0.9989264607429504,0.580054521560669,0.3941547393798828,0.9989264607429504,0.4387285232543945,0.3992120530870225,0.999419331550598,0.6595770835876464,0.4891830444335937,0.993014931678772,0.3312748908996582,0.5275114271375868,0.9958725571632384
162,0.7501183509826661,0.301126766204834,0.9941032528877258,0.7501183509826661,0.2660288050437466,0.9941032528877258,0.726864242553711,0.2985300699869792,0.9941032528877258,0.7733724594116211,0.3037234624226888,0.9958524703979492,0.7150774002075195,0.3564745161268446,0.9682223796844482,0.8008135795593262,0.3522018008761935,0.9784939289093018
163,0.5094578981399536,0.4013459099663627,0.9988779425621032,0.5094578981399536,0.29604771898228144,0.9988779425621032,0.5795756816864014,0.3979743957519531,0.9988779425621032,0.4393401145935058,0.4047174241807725,0.9995144605636596,0.6522678375244141,0.4972189161512587,0.9932911396026612,0.3333389282226562,0.5383216857910156,0.997135043144226
164,0.5099863767623901,0.4022816552056206,0.9988874793052672,0.5099863767623901,0.2968080457751423,0.9988874793052672,0.5802043914794922,0.3985757615831163,0.9988874793052672,0.4397683620452881,0.405987548828125,0.999486804008484,0.6495362281799316,0.5030457814534505,0.9931955337524414,0.3368915557861328,0.5401581658257378,0.9971742630004884
165,0.5107788324356078,0.402539571126302,0.9988394379615784,0.5107788324356078,0.2968276269439608,0.9988394379615784,0.5811494350433349,0.3987118191189236,0.9988394379615784,0.4404082298278808,0.4063673231336805,0.9994500279426576,0.6469254493713379,0.5089044782850477,0.99345064163208,0.3391167640686035,0.5417994181315104,0.997064173221588
166,0.5109525442123413,0.4017760806613498,0.9986677169799804,0.5109525442123413,0.2964638086076833,0.9986677169799804,0.5810592651367188,0.3980029635959201,0.9986677169799804,0.4408458232879638,0.4055491977267795,0.9993938207626344,0.644144344329834,0.5147096845838759,0.9925096035003662,0.3411997556686401,0.5418025546603733,0.9967017769813538
167,0.5114520072937012,0.4018013636271159,0.998618483543396,0.5114520072937012,0.29742523578679647,0.998618483543396,0.5809607028961181,0.3985631306966146,0.998618483543396,0.4419433116912842,0.4050395965576172,0.999366581439972,0.6410244941711426,0.5197908189561632,0.9916645884513856,0.3450856685638427,0.541430409749349,0.9966379404067992
168,0.5119462013244629,0.4025212817721896,0.9985881447792052,0.5119462013244629,0.29797158025730897,0.9985881447792052,0.5815919399261474,0.3997765858968099,0.9985881447792052,0.4423004627227783,0.4052659776475694,0.999321460723877,0.6404237747192383,0.523360358344184,0.9919323325157166,0.34888277053833,0.544240230984158,0.9965207576751708
169,0.5125184535980224,0.4029081132676866,0.998551070690155,0.5125184535980224,0.2983711122126683,0.998551070690155,0.5821549415588378,0.4001437717013889,0.998551070690155,0.442881965637207,0.4056724548339844,0.9992707371711732,0.6381216049194336,0.5270699395073785,0.9923020601272584,0.351638650894165,0.5471638573540581,0.9966578483581544
170,0.5125019311904907,0.4032565222846137,0.9984649419784546,0.5125019311904907,0.2987127270756027,0.9984649419784546,0.5821458339691162,0.4005657619900173,0.9984649419784546,0.4428580284118652,0.4059472825792101,0.999243974685669,0.6353680610656738,0.530076175265842,0.9918246865272522,0.3537905693054199,0.5509459601508246,0.9964459538459778
171,0.5124606370925904,0.4029966566297743,0.9983872175216676,0.5124606370925904,0.2987432367689825,0.9983872175216676,0.5819137573242188,0.4003830379909939,0.9983872175216676,0.4430075168609619,0.4056102752685547,0.99919193983078,0.6317012786865235,0.5336076100667317,0.9921541810035706,0.3560546159744263,0.5538127899169922,0.996427834033966
172,0.5123892545700073,0.4030164506700303,0.998428225517273,0.5123892545700073,0.29912540131455123,0.998428225517273,0.5816001415252685,0.4003901163736979,0.998428225517273,0.4431783676147461,0.4056427849663628,0.99918133020401,0.6299787521362304,0.5374455769856771,0.9926942586898804,0.358309268951416,0.5549679650200738,0.9965630173683168
173,0.5125647068023681,0.4025972366333008,0.998547613620758,0.5125647068023681,0.2986250783706701,0.998547613620758,0.5818142890930176,0.3995917426215278,0.998547613620758,0.4433151245117187,0.4056027306450738,0.9991340041160583,0.6275369644165039,0.5400096045600044,0.9934431314468384,0.3598412036895752,0.5570011138916016,0.9967124462127686
174,0.5123442888259888,0.4027861065334743,0.998608648777008,0.5123442888259888,0.2989075908070402,0.998608648777008,0.5815231323242187,0.3995963202582465,0.998608648777008,0.4431654453277588,0.4059758928087023,0.999080777168274,0.6247174739837646,0.5426836649576823,0.9941483736038208,0.3619234323501586,0.5599902258978949,0.9964403510093688
175,0.5124382257461547,0.4021045260959201,0.9986565113067628,0.5124382257461547,0.29887297351418146,0.9986565113067628,0.5811772346496582,0.3987454308403863,0.9986565113067628,0.4436992168426513,0.405463621351454,0.9990925788879396,0.6212985038757324,0.5433507707383898,0.9947704672813416,0.3641964673995971,0.5603973812527127,0.9966843724250792
176,0.512763500213623,0.4020869996812608,0.9987497329711914,0.512763500213623,0.2990277435168542,0.9987497329711914,0.5813911437988282,0.3988030327690972,0.9987497329711914,0.444135856628418,0.4053709665934245,0.9990612864494324,0.6188428401947021,0.5454203287760416,0.99521142244339,0.3661107301712036,0.5628878275553385,0.9965957999229432
177,0.5126525402069092,0.4025273005167643,0.9986691474914552,0.5126525402069092,0.2994647926184892,0.9986691474914552,0.5812768936157227,0.3991311391194661,0.9986691474914552,0.4440281867980957,0.4059234619140625,0.999082326889038,0.6163602828979492,0.5478677961561415,0.9950687885284424,0.3673741817474365,0.5656572977701823,0.996404767036438
178,0.5128633022308349,0.4030989117092556,0.9985665678977966,0.5128633022308349,0.30016730721209495,0.9985665678977966,0.5814145565032959,0.4000042809380425,0.9985665678977966,0.444312047958374,0.4061935424804687,0.9990884065628052,0.6145641803741455,0.5503735012478299,0.9948193430900574,0.3691641330718994,0.5645908779568143,0.9963973164558412
179,0.5131898164749145,0.4032137129041884,0.9985517859458924,0.5131898164749145,0.3003129794086066,0.9985517859458924,0.5817125797271728,0.3999490525987413,0.9985517859458924,0.4446670532226562,0.4064783732096354,0.9991044402122498,0.6130412101745606,0.5524361080593533,0.994683802127838,0.3704426527023315,0.5666202969021268,0.996241807937622
180,0.5138918161392212,0.4046582963731553,0.9984880685806274,0.5138918161392212,0.30155756927774785,0.9984880685806274,0.5825604915618896,0.401666514078776,0.9984880685806274,0.4452231407165527,0.4076500786675347,0.999123752117157,0.6117561817169189,0.5556062486436631,0.9944543242454528,0.3720224857330322,0.5692298041449653,0.9962796568870544
181,0.513966155052185,0.404630258348253,0.9983293414115906,0.513966155052185,0.3017939420461214,0.9983293414115906,0.5824638843536377,0.4017670525444878,0.9983293414115906,0.4454684257507324,0.4074934641520182,0.999127209186554,0.6099929332733154,0.5572441101074219,0.994140088558197,0.3736010313034058,0.5715516832139756,0.996236264705658
182,0.5143465518951416,0.4043838712904188,0.998157560825348,0.5143465518951416,0.30196933706811385,0.998157560825348,0.582561731338501,0.4014942169189453,0.998157560825348,0.4461313724517822,0.4072735256618923,0.9991205334663392,0.6079540729522706,0.5582306332058377,0.993593156337738,0.3743088245391845,0.5723881615532769,0.9962616562843324
183,0.5147605180740357,0.4041374418470594,0.9980643391609192,0.5147605180740357,0.302090080813587,0.9980643391609192,0.5827385425567627,0.4014386918809678,0.9980643391609192,0.4467824935913086,0.406836191813151,0.9990882873535156,0.6064845561981201,0.5602974785698784,0.9929935336112976,0.3750125408172607,0.5740362379286025,0.996096670627594
184,0.5149209499359131,0.4029031329684787,0.9978598952293396,0.5149209499359131,0.30131110807215394,0.9978598952293396,0.5825915336608887,0.4001145256890191,0.9978598952293396,0.4472503662109375,0.4056917402479383,0.999098300933838,0.6042064666748047,0.5587308671739366,0.9918870329856871,0.3763812541961669,0.5744362301296658,0.9962115287780762
185,0.5145671606063843,0.4023555119832356,0.9977104663848876,0.5145671606063843,0.30125153140311883,0.9977104663848876,0.5819169521331787,0.3996865590413411,0.9977104663848876,0.4472173690795898,0.4050244649251302,0.9990590214729308,0.6024157524108886,0.5577657063802083,0.9915717840194702,0.3765180110931396,0.5750909593370226,0.9960073828697203
186,0.5141657829284668,0.4021889156765408,0.9975324869155884,0.5141657829284668,0.30179679661335274,0.9975324869155884,0.5810494422912598,0.3997509002685547,0.9975324869155884,0.4472821235656738,0.4046269310845269,0.9990347623825072,0.6012350559234619,0.5612335628933377,0.9915224313735962,0.3775033473968506,0.575044208102756,0.9958642721176147
187,0.514587116241455,0.4007180955674913,0.9974431991577148,0.514587116241455,0.30052748529149165,0.9974431991577148,0.5813174724578858,0.3978089226616753,0.9974431991577148,0.4478567600250244,0.4036272684733072,0.9990623593330384,0.6004271507263184,0.5613885243733724,0.9910949468612672,0.3785827159881592,0.5756692674424914,0.9958322644233704
188,0.5147766828536987,0.400153605143229,0.997262716293335,0.5147766828536987,0.3003715610436142,0.997262716293335,0.5812268733978272,0.3970772637261284,0.997262716293335,0.4483264923095703,0.4032299465603298,0.999025821685791,0.5984749794006348,0.5599268171522352,0.9909698367118835,0.3792662858963013,0.5759462568495008,0.995980739593506
189,0.5155094623565674,0.3991879993014865,0.9971792697906494,0.5155094623565674,0.2998138636652465,0.9971792697906494,0.5816812515258789,0.3959816826714409,0.9971792697906494,0.4493376731872558,0.4023943159315321,0.9989961981773376,0.5973868370056152,0.5592258877224392,0.9910463690757751,0.3808099269866943,0.5755709754096137,0.9961131811141968
190,0.5156132936477661,0.39861085679796,0.9970355033874512,0.5156132936477661,0.29866888112922685,0.9970355033874512,0.5821364402770997,0.3948746575249566,0.9970355033874512,0.4490901470184326,0.4023470560709635,0.998999297618866,0.5957146644592285,0.5571521335177951,0.9904519319534302,0.3817050457000732,0.578881115383572,0.9961579442024232
191,0.5158132314682007,0.3981400807698567,0.9969291090965272,0.5158132314682007,0.2983633801560356,0.9969291090965272,0.5822497367858886,0.3948524475097656,0.9969291090965272,0.4493767261505127,0.4014277140299479,0.99902081489563,0.5952808380126953,0.5586055331759983,0.9900208711624146,0.3818850040435791,0.580074225531684,0.9961695075035096
192,0.5158525705337524,0.3974547704060872,0.996903955936432,0.5158525705337524,0.2973760184536829,0.996903955936432,0.5824676513671875,0.3937294006347656,0.996903955936432,0.4492374897003174,0.4011801401774088,0.9990129470825196,0.5945918560028076,0.5586051517062717,0.989927053451538,0.382353687286377,0.5802888658311632,0.9961426854133606
193,0.5156766176223755,0.3973417917887369,0.99695086479187,0.5156766176223755,0.2969528435076942,0.99695086479187,0.582477331161499,0.3932491726345486,0.99695086479187,0.4488759040832519,0.4014344109429253,0.9989770650863647,0.5937567234039307,0.5580547756618923,0.9902403354644777,0.3828197002410888,0.5796775817871094,0.9959756731987
194,0.5155830383300781,0.3973141988118489,0.9968509078025818,0.5155830383300781,0.2968402880413242,0.9968509078025818,0.5824429035186768,0.3932610405815972,0.9968509078025818,0.4487231731414794,0.4013673570421007,0.9989787340164183,0.5932117938995362,0.558383560180664,0.9897525310516356,0.3829658508300781,0.5802798800998263,0.9959665536880492
195,0.515444278717041,0.3967435201009114,0.996705949306488,0.515444278717041,0.29634315721473137,0.996705949306488,0.5822658538818359,0.3928730434841579,0.996705949306488,0.4486227035522461,0.4006139967176649,0.9989495873451232,0.5925690650939941,0.557266108194987,0.9888855218887328,0.382790470123291,0.5801520453559028,0.9959331154823304
196,0.515137505531311,0.3965081532796224,0.9968273043632508,0.515137505531311,0.2966137192406488,0.9968273043632508,0.5816279888153076,0.3927556355794271,0.9968273043632508,0.4486470222473144,0.4002606709798177,0.9989646673202516,0.5921335697174073,0.5569169786241319,0.989587664604187,0.3831811904907226,0.5799618615044488,0.9960795044898988
197,0.5145710706710815,0.3963724136352539,0.9967809915542604,0.5145710706710815,0.29669537132490514,0.9967809915542604,0.580912733078003,0.3925557030571832,0.9967809915542604,0.4482294082641601,0.4001891242133246,0.9989835619926452,0.5908143043518066,0.555019039577908,0.9891958236694336,0.3833409786224365,0.5797331068250868,0.996031939983368
198,0.5138896942138672,0.3963508817884656,0.996760904788971,0.5138896942138672,0.29638848814909935,0.996760904788971,0.5804032325744629,0.3922215355767144,0.996760904788971,0.4473761558532715,0.400480228000217,0.998953342437744,0.5900454998016358,0.5545377095540365,0.9888028502464294,0.3832432746887207,0.5798216078016493,0.9958187937736512
199,0.5134540557861328,0.3957251654730903,0.9967315196990968,0.5134540557861328,0.2960093310343483,0.9967315196990968,0.5798247814178467,0.3919637891981337,0.9967315196990968,0.4470833301544189,0.3994865417480469,0.9989162683486938,0.5896933078765869,0.5539680057101779,0.9889997839927672,0.3833788394927978,0.5786793178982205,0.9957318902015686
200,0.5129085540771484,0.3954280853271484,0.9965818524360656,0.5129085540771484,0.2959602849673355,0.9965818524360656,0.5791116714477539,0.3916319105360243,0.9965818524360656,0.4467054367065429,0.3992242601182725,0.9989056587219238,0.5893447875976563,0.5531357659233941,0.9883391857147216,0.38287034034729,0.5791225009494357,0.9954935312271118
201,0.5126098155975342,0.3953604168362087,0.9964379072189332,0.5126098155975342,0.29570998048939506,0.9964379072189332,0.5789315223693847,0.391505855984158,0.9964379072189332,0.4462881088256836,0.3992149776882595,0.9989073276519777,0.5889459133148194,0.5531781938340928,0.9877360463142396,0.3824907779693604,0.5797191619873047,0.995431900024414
202,0.5119360685348511,0.3949132919311523,0.996334195137024,0.5119360685348511,0.2958462489618193,0.996334195137024,0.5778533935546875,0.3908135308159722,0.996334195137024,0.4460187435150146,0.3990130530463324,0.9988542795181274,0.5884841918945313,0.5521989186604818,0.987534999847412,0.3826246738433838,0.5798734452989366,0.995224952697754
203,0.5114603757858276,0.3944587919447156,0.9963969588279724,0.5114603757858276,0.2956677174952761,0.9963969588279724,0.5771636486053466,0.3899075402153862,0.9963969588279724,0.4457571029663086,0.3990100436740451,0.9988628625869752,0.5886194229125976,0.5513658311631945,0.9875820875167848,0.3818350791931152,0.579718738132053,0.9952216744422911
204,0.5112067222595215,0.3942105611165364,0.9963829517364502,0.5112067222595215,0.2959242513186931,0.9963829517364502,0.576548433303833,0.3893235948350694,0.9963829517364502,0.4458650112152099,0.3990975273980034,0.9988445043563844,0.5887677192687988,0.5508684794108073,0.9874005913734436,0.3804155588150024,0.5779826270209418,0.9953151941299438
205,0.5106111764907837,0.3950807147555881,0.9966869950294496,0.5106111764907837,0.2962377186930212,0.9966869950294496,0.5763166427612305,0.3900820838080512,0.9966869950294496,0.4449057102203369,0.400079345703125,0.998925507068634,0.5891645431518555,0.5490176730685764,0.9883158206939696,0.3788384914398193,0.5780309465196397,0.995567500591278
206,0.5100036144256592,0.3957707511054144,0.9969348907470704,0.5100036144256592,0.2966965365070853,0.9969348907470704,0.5759321212768554,0.3917750888400607,0.9969348907470704,0.4440751075744629,0.3997664133707682,0.9989901185035706,0.5909727096557618,0.5535685645209418,0.988732099533081,0.3770153045654297,0.5762836032443577,0.995518684387207
207,0.5089043140411377,0.3962718115912543,0.9975047707557678,0.5089043140411377,0.29680389213959296,0.9975047707557678,0.5751102447509766,0.3925236172146267,0.9975047707557678,0.4426983833312988,0.4000200059678819,0.9991057515144348,0.5933494091033935,0.5560980478922526,0.9904868006706238,0.3760599613189697,0.5728736877441406,0.9959794282913208
208,0.5080355882644654,0.3958697424994574,0.9976686835289,0.5080355882644654,0.2962837667293662,0.9976686835289,0.5743108749389648,0.3919576009114583,0.9976686835289,0.4417603015899658,0.3997818840874566,0.9991575479507446,0.5951385498046875,0.555070326063368,0.99132639169693,0.3734199047088623,0.5725571526421441,0.9961613416671752
209,0.5078814506530762,0.3960893419053819,0.9977407455444336,0.5078814506530762,0.2962111982686607,0.9977407455444336,0.5744044780731201,0.3932072957356771,0.9977407455444336,0.4413584232330322,0.3989713880750868,0.9992239475250244,0.5986075401306152,0.5559411366780599,0.9900931715965272,0.3711647987365722,0.5662117428249783,0.9959449172019958
210,0.5072662115097045,0.3958492279052734,0.998174786567688,0.5072662115097045,0.295315352821844,0.998174786567688,0.5742449283599853,0.3934247334798177,0.998174786567688,0.4402874946594238,0.3982737223307291,0.9992218017578124,0.6019752502441407,0.5543929206000434,0.9919726848602296,0.3662174224853515,0.5642094082302518,0.9958855509757996
211,0.5069295644760132,0.3958236482408311,0.9985857009887696,0.5069295644760132,0.29437182163358433,0.9985857009887696,0.574525260925293,0.3935314178466796,0.9985857009887696,0.4393338680267334,0.3981158786349826,0.9992244243621826,0.6056237697601319,0.5502881791856554,0.9937080144882202,0.3612603187561035,0.5600265079074436,0.9963755011558532
212,0.5065980911254883,0.3948119693332248,0.9988994598388672,0.5065980911254883,0.29241281715423006,0.9988994598388672,0.5748061656951904,0.3919978671603732,0.9988994598388672,0.4383900165557861,0.3976260715060764,0.9992196559906006,0.6082242965698242,0.545014911227756,0.9955098628997804,0.3552374601364135,0.5570521884494357,0.9963139891624452
213,0.5059645175933838,0.3933047400580512,0.9990838766098022,0.5059645175933838,0.29107019410586965,0.9990838766098022,0.574076795578003,0.3908537122938368,0.9990838766098022,0.4378522396087646,0.3957557678222656,0.999200403690338,0.6147543907165527,0.5360633426242405,0.9956949949264526,0.3489542722702026,0.5485822465684679,0.9961714148521424
214,0.5041298151016235,0.3934814241197374,0.9988216757774352,0.5041298151016235,0.2922868120829323,0.9988216757774352,0.5715487003326416,0.3910400390625,0.9988216757774352,0.4367109298706054,0.3959228091769748,0.9993434548377992,0.6219716548919678,0.5281745910644531,0.990371823310852,0.3389898777008057,0.5450852711995443,0.9964949488639832
215,0.5027079343795776,0.3923777686225043,0.9985583424568176,0.5027079343795776,0.29102276707925956,0.9985583424568176,0.5702106475830078,0.3893630133734809,0.9985583424568176,0.4352052211761474,0.3953925238715278,0.9993963241577148,0.6306963443756104,0.51614990234375,0.986724853515625,0.3327559471130371,0.540421125623915,0.995537519454956
216,0.5020997285842895,0.3891353395250108,0.9986775517463684,0.5020997285842895,0.2871509799464734,0.9986775517463684,0.5700363636016845,0.3864528656005859,0.9986775517463684,0.4341630935668945,0.3918178134494358,0.9993543028831482,0.6410935878753662,0.4994759029812283,0.9844590425491332,0.329035472869873,0.5366561465793186,0.9940935969352722
217,0.5014069318771363,0.3850302166408962,0.9990843534469604,0.5014069318771363,0.28058413896331247,0.9990843534469604,0.570939588546753,0.3813360850016276,0.9990843534469604,0.4318742752075195,0.3887243482801649,0.9992765784263612,0.6462817192077637,0.4976170857747395,0.9927901029586792,0.3249635219573974,0.5315219455295139,0.9921504259109496
218,0.500901985168457,0.38141966925727,0.9990922212600708,0.500901985168457,0.27849770488196124,0.9990922212600708,0.5694444179534912,0.3782725863986545,0.9992187023162842,0.4323595523834228,0.3845667521158854,0.9990922212600708,0.6456473350524903,0.4778779771592882,0.9942635893821716,0.320112943649292,0.5030491299099392,0.9882395267486572
219,0.5021568536758423,0.3762512842814127,0.9987816214561462,0.5021568536758423,0.27583956372464336,0.9987816214561462,0.5689507961273194,0.3718143463134765,0.9990554451942444,0.4353629112243652,0.3806882222493489,0.9987816214561462,0.6444784641265869,0.4568643358018663,0.9926704168319702,0.3222689390182495,0.4770969390869141,0.983939528465271
220,0.5035242080688477,0.375265630086263,0.9988974332809448,0.5035242080688477,0.27397150730051273,0.9988974332809448,0.57095365524292,0.371592542860243,0.9988974332809448,0.4360947608947754,0.378938717312283,0.9989327788352966,0.6540667057037354,0.4539724561903211,0.9891303777694702,0.3200393676757812,0.4694799211290147,0.9841183423995972
221,0.504665207862854,0.3743441263834635,0.998481810092926,0.504665207862854,0.2731144422741346,0.998481810092926,0.572101354598999,0.371738772922092,0.998481810092926,0.437229061126709,0.376949479844835,0.9987026453018188,0.6511523246765136,0.4457293616400825,0.9806348085403442,0.3146543264389038,0.449135250515408,0.97998309135437
222,0.5046160459518433,0.3736378987630208,0.9983365535736084,0.5046160459518433,0.27359092023707365,0.9983365535736084,0.5713038444519043,0.3724722120496961,0.9984482526779176,0.4379282474517822,0.3748035854763455,0.9983365535736084,0.6430606842041016,0.4349918365478515,0.9807968139648438,0.3162331819534302,0.4439571804470486,0.9798609018325806
223,0.5045315980911255,0.3697880003187391,0.9981697797775269,0.5045315980911255,0.27328520222630515,0.9981697797775269,0.5688512802124024,0.3683751000298394,0.9987334609031676,0.4402119159698486,0.3712009006076389,0.9981697797775269,0.6373631954193115,0.4161160786946614,0.988410472869873,0.3337674140930176,0.4276191711425781,0.978076696395874
224,0.5065971136093139,0.3668437533908419,0.9971490502357484,0.5065971136093139,0.270779854257641,0.9971490502357484,0.5705669403076172,0.3637915717230903,0.9990504384040833,0.4426272869110107,0.3698959350585937,0.9971490502357484,0.6525081634521485,0.4096517350938585,0.9934231638908386,0.3439351558685303,0.4156709459092882,0.96124929189682
225,0.5059955596923829,0.3623804092407225,0.9955053329467772,0.5059955596923829,0.2672601937668357,0.9955053329467772,0.5692903995513916,0.3585032569037543,0.9987536668777466,0.442700719833374,0.3662575615776909,0.9955053329467772,0.6553451538085937,0.3984605153401693,0.9914154410362244,0.3493339538574219,0.4031542036268446,0.9470495581626892
226,0.504891037940979,0.3616483900282118,0.9938907623291016,0.504891037940979,0.2650260539735042,0.9938907623291016,0.5691665172576904,0.3574127197265625,0.9989388585090636,0.4406155586242676,0.3658840603298611,0.9938907623291016,0.6583936214447021,0.3928792317708333,0.99303138256073,0.3497820615768433,0.3986998664008246,0.9087446331977844
227,0.3258487820625305,0.285309886932373,0.9903498888015748,0.3258487820625305,0.25521033726141656,0.9903498888015748,0.3458111763000488,0.2832698186238607,0.9932746887207032,0.3058863878250122,0.2873499552408854,0.9903498888015748,0.3706179141998291,0.3335527631971571,0.960226833820343,0.2994974136352539,0.3442704094780816,0.9649059772491456
228,0.5023916244506836,0.3609037187364365,0.9962353110313416,0.5023916244506836,0.2663498088632003,0.9962353110313416,0.5652464866638184,0.3561292012532552,0.9973606467247008,0.4395367622375488,0.365678236219618,0.9962353110313416,0.6362531185150146,0.370110363430447,0.9674859046936036,0.3542934894561768,0.3904713948567708,0.8822624683380127
229,0.5021749019622802,0.3626073625352647,0.9956414699554444,0.5021749019622802,0.2664911383614116,0.9956414699554444,0.5661386966705322,0.3587920294867621,0.9978589415550232,0.4382111072540283,0.3664226955837674,0.9956414699554444,0.6494397163391114,0.3628746880425347,0.9755210280418396,0.3509848117828369,0.3856885698106553,0.8726327419281006
230,0.5011265993118286,0.3633841196695963,0.9957780838012696,0.5011265993118286,0.2661070035749411,0.9957780838012696,0.5658407211303711,0.3591665479871961,0.9976012110710144,0.4364124774932861,0.3676016913519965,0.9957780838012696,0.6476146221160889,0.3577418009440104,0.9702686667442322,0.3493405818939209,0.3801042768690321,0.8291414380073547
231,0.5008165121078492,0.3633867687649196,0.9961479902267456,0.5008165121078492,0.26604273346500695,0.9961479902267456,0.5656150341033935,0.3598307291666666,0.9972103238105774,0.4360179901123047,0.3669428083631727,0.9961479902267456,0.6447216510772705,0.3558116912841796,0.9672794342041016,0.3486178874969482,0.3746512942843967,0.8351380825042725
232,0.500790023803711,0.3625532574123806,0.9964152574539183,0.500790023803711,0.26516354102183665,0.9964152574539183,0.5656462669372558,0.3595341152615017,0.9964152574539183,0.435933780670166,0.3655723995632595,0.996551275253296,0.6372024059295655,0.3547887166341146,0.9503020644187928,0.3494108200073242,0.3739109463161892,0.8167133331298828
233,0.5012199163436889,0.3646870719061957,0.9963746666908264,0.5012199163436889,0.2667020893995645,0.9963746666908264,0.5665021896362304,0.3623716566297743,0.9963746666908264,0.4359376430511474,0.3670024871826172,0.99642014503479,0.6390740871429443,0.3544019063313802,0.9276968836784364,0.3487699031829834,0.3749582078721788,0.8035869002342224
234,0.5013341903686523,0.3638209448920355,0.9958499670028688,0.5013341903686523,0.26656094652014584,0.9958499670028688,0.5661417484283447,0.3617701212565104,0.9958499670028688,0.4365266323089599,0.3658717685275607,0.996225357055664,0.6396904468536377,0.3494289398193359,0.9042540788650512,0.3516963005065918,0.3724948883056641,0.8046938180923462
235,0.5010499715805053,0.363175794813368,0.9957412481307985,0.5010499715805053,0.2658088943987583,0.9957412481307985,0.5659178733825684,0.360803476969401,0.9960103034973145,0.4361820697784423,0.365548112657335,0.9957412481307985,0.6411051750183105,0.3462162441677517,0.8960949182510376,0.3528712272644043,0.3739647335476345,0.76502925157547
236,0.5010007619857788,0.3630712509155274,0.99519544839859,0.5010007619857788,0.26599679385231023,0.99519544839859,0.5656659603118896,0.3604998270670573,0.9959726929664612,0.4363355636596679,0.3656426747639974,0.99519544839859,0.642951250076294,0.3440025329589843,0.8842184543609619,0.3561819076538086,0.3754532708062066,0.75373375415802
237,0.5017832040786743,0.3637580871582031,0.9950037598609924,0.5017832040786743,0.2667895337007852,0.9950037598609924,0.5663751602172852,0.361122555202908,0.9958651065826416,0.4371912479400635,0.3663936191134982,0.9950037598609924,0.6466447830200195,0.3438396877712674,0.8760033249855042,0.3564420700073242,0.374942398071289,0.7904239892959595
238,0.5015528917312622,0.363151126437717,0.9954699277877808,0.5015528917312622,0.2669477619789712,0.9954699277877808,0.5656297683715821,0.3604077657063802,0.9956820011138916,0.4374760150909423,0.3658944871690538,0.9954699277877808,0.64462890625,0.342772462632921,0.8795418739318848,0.355429458618164,0.3728501637776693,0.8076698780059814
239,0.5020205497741699,0.3632490370008681,0.9957664012908936,0.5020205497741699,0.26719432778834296,0.9957664012908936,0.5660211086273194,0.3611046685112847,0.9961162805557252,0.4380199909210205,0.3653934054904514,0.9957664012908936,0.6466204166412354,0.3454323662651909,0.8993300199508667,0.3554465293884277,0.3734481387668186,0.8281529545783997
240,0.5020154714584351,0.3636617236667209,0.9955171942710876,0.5020154714584351,0.2676736294857424,0.9955171942710876,0.5659526824951172,0.3610127343071831,0.9958850741386414,0.4380782604217529,0.3663107130262586,0.9955171942710876,0.6452078342437744,0.346907721625434,0.8898853063583374,0.3562775135040283,0.3751702626546224,0.834084153175354
241,0.5017042875289917,0.3630635367499457,0.9953160285949708,0.5017042875289917,0.2675989557039044,0.9953160285949708,0.5652677059173584,0.3598807440863715,0.9957914352416992,0.438140869140625,0.36624632941352,0.9953160285949708,0.6465139389038086,0.3477629767523871,0.8896631598472595,0.3556804180145264,0.3766168806287977,0.8268721699714661
242,0.5012540340423584,0.3616439607408311,0.9955586194992064,0.5012540340423584,0.2659440698662672,0.9955586194992064,0.5648759365081787,0.3568811628553602,0.9955586194992064,0.4376321315765381,0.366406758626302,0.995814859867096,0.643133020401001,0.349159918891059,0.894317626953125,0.3531445026397705,0.3782132466634114,0.8461862206459045
243,0.5013905763626099,0.3622467888726128,0.995733678340912,0.5013905763626099,0.26709118001870813,0.995733678340912,0.5646013736724853,0.3568935394287109,0.996298372745514,0.4381797790527343,0.3676000383165148,0.995733678340912,0.6445950984954834,0.3557315826416015,0.9286860823631288,0.352425193786621,0.3811537848578559,0.8586152791976929
244,0.5019547224044799,0.3627335866292317,0.9960885047912598,0.5019547224044799,0.2667715272837101,0.9960885047912598,0.5657474994659424,0.3579123179117838,0.9963435530662536,0.4381619453430175,0.3675548553466797,0.9960885047912598,0.6460550785064697,0.3619757758246528,0.9272143244743348,0.3519163131713867,0.3820721520317925,0.8704013824462891
245,0.5020297527313232,0.3615613937377929,0.9965009689331056,0.5020297527313232,0.2653014025674466,0.9965009689331056,0.5660054206848144,0.3565285152859158,0.9969706535339355,0.438054084777832,0.3665942721896701,0.9965009689331056,0.6488204002380371,0.3694997999403211,0.9535732865333556,0.3498611450195312,0.3853401184082031,0.8999484181404114
246,0.5018237113952637,0.3615278879801432,0.9971768856048584,0.5018237113952637,0.2652797326749728,0.9971768856048584,0.5658375740051269,0.3571200900607639,0.9973524808883668,0.4378098487854004,0.3659356858995226,0.9971768856048584,0.6458310604095459,0.3764018164740668,0.9641993045806884,0.3473439931869507,0.3869179195827908,0.933523952960968
247,0.501815915107727,0.3604154798719617,0.9973881840705872,0.501815915107727,0.2652131478701896,0.9973881840705872,0.5650834083557129,0.3553717295328776,0.997984766960144,0.4385484218597412,0.365459230211046,0.9973881840705872,0.6493655681610108,0.3824043273925781,0.9804177284240724,0.3463879585266113,0.3923369937472873,0.9534404277801514
248,0.5021782636642456,0.3604116439819336,0.9972700476646424,0.5021782636642456,0.2651131936222305,0.9972700476646424,0.565577507019043,0.356302007039388,0.9980284571647644,0.4387790203094482,0.3645212809244791,0.9972700476646424,0.656485652923584,0.389631356133355,0.9775111675262452,0.3450001239776611,0.3928880479600694,0.9490612149238586
249,0.502441668510437,0.3606227874755859,0.9972289204597472,0.502441668510437,0.2654094771983855,0.9972289204597472,0.5658414840698243,0.3575231764051649,0.9978076815605164,0.4390418529510498,0.3637223985460069,0.9972289204597472,0.6560548782348633,0.3950643327501085,0.9726564884185792,0.3469275951385498,0.3944966210259331,0.950872004032135
250,0.5014912366867065,0.3614850785997178,0.9971936941146852,0.5014912366867065,0.2666304221570881,0.9971936941146852,0.5646632671356201,0.3586317274305555,0.9981173276901244,0.4383192062377929,0.3643384297688802,0.9971936941146852,0.6502335548400879,0.406820085313585,0.9807910919189452,0.3452016592025757,0.3961847093370225,0.959061861038208
251,0.5009271860122682,0.3614573160807292,0.9972752928733826,0.5009271860122682,0.26511081337006315,0.9972752928733826,0.5651336193084717,0.3596809387207031,0.9984196424484252,0.4367207527160645,0.3632336934407552,0.9972752928733826,0.6446898460388184,0.4211515214708116,0.9870842099189758,0.3412018299102783,0.3965265485975477,0.964181900024414
252,0.5007400035858154,0.3607816696166992,0.9974443912506104,0.5007400035858154,0.26321083058849004,0.9974443912506104,0.5657470703125,0.3584963056776258,0.9986504912376404,0.4357329368591308,0.3630670335557726,0.9974443912506104,0.6453482151031494,0.4267147911919488,0.9898277521133424,0.3392438411712646,0.4028584374321831,0.9703561067581176
253,0.5016242742538451,0.3621813880072699,0.9979773163795472,0.5016242742538451,0.26403443551933115,0.9979773163795472,0.5669900894165039,0.3592547098795572,0.9986408352851868,0.4362584590911865,0.3651080661349826,0.9979773163795472,0.6441024780273438,0.4318027072482638,0.990522563457489,0.3374366521835327,0.4115103827582465,0.9808139204978944
254,0.5019341707229614,0.3636739518907335,0.9982383251190186,0.5019341707229614,0.26170964769844,0.9982383251190186,0.5697625160217286,0.3591929117838541,0.9988279938697816,0.4341058254241943,0.3681549919976128,0.9982383251190186,0.6545623779296875,0.4309674580891927,0.9934210181236268,0.3280549526214599,0.4273351881239149,0.989414930343628
255,0.500144100189209,0.365504773457845,0.9978688955307008,0.500144100189209,0.25930462143789035,0.9978688955307008,0.570768928527832,0.3605260213216146,0.9981338381767272,0.4295192718505859,0.3704835255940755,0.9978688955307008,0.6569182395935058,0.4285830603705512,0.98291277885437,0.3199907302856445,0.4452159457736545,0.9900915622711182
256,0.500287675857544,0.3646289825439452,0.9985768795013428,0.500287675857544,0.25968418289950085,0.9985768795013428,0.5699906349182129,0.3586001502143012,0.9985768795013428,0.430584716796875,0.3706578148735894,0.9987849593162536,0.6555552005767822,0.4348950703938802,0.9937306642532348,0.3151330709457397,0.442866219414605,0.989733636379242
257,0.4990252256393432,0.3659816318088107,0.998745322227478,0.4990252256393432,0.26067012901696907,0.998745322227478,0.5689709186553955,0.3599221971299913,0.998745322227478,0.429079532623291,0.3720410664876302,0.9987794756889344,0.6515795707702636,0.4404187520345052,0.9956556558609008,0.3127248525619507,0.4518807729085286,0.9907389879226683
258,0.4989270448684693,0.369831551445855,0.998945415019989,0.4989270448684693,0.2649229181357669,0.998945415019989,0.5686224937438965,0.3639988369411892,0.999089241027832,0.429231595993042,0.3756642659505208,0.998945415019989,0.6502276420593261,0.4574700249565972,0.9955970644950868,0.3154631614685058,0.4738787333170572,0.9951477646827698
259,0.49783935546875,0.3722252527872721,0.9987611770629884,0.49783935546875,0.2654911984557191,0.9987611770629884,0.568763542175293,0.3664858076307509,0.999205768108368,0.426915168762207,0.3779646979437934,0.9987611770629884,0.650846290588379,0.4656895531548394,0.995061457157135,0.3171805381774902,0.4810986836751302,0.9931992888450624
260,0.4983283758163451,0.374958504570855,0.9986214637756348,0.4983283758163451,0.2661918767638814,0.9986214637756348,0.5706244468688965,0.3693785773383246,0.9991958737373352,0.4260323047637939,0.3805384318033854,0.9986214637756348,0.6497843265533447,0.4690274556477865,0.9941049218177797,0.3185747146606445,0.4876151190863715,0.9915283918380736
261,0.4977687358856201,0.3750683254665798,0.9984822869300842,0.4977687358856201,0.2669074936834989,0.9984822869300842,0.5696835994720459,0.3698048909505208,0.9993245601654052,0.4258538722991943,0.3803317599826389,0.9984822869300842,0.6485018730163574,0.4759376949734158,0.9948878884315492,0.3217363357543945,0.4940466139051649,0.990884244441986
262,0.4966527462005615,0.3754416783650716,0.9986244440078736,0.4966527462005615,0.2670316212568925,0.9986244440078736,0.568678617477417,0.3694655524359809,0.999229907989502,0.424626874923706,0.3814178042941623,0.9986244440078736,0.6442892551422119,0.4754222446017795,0.9930169582366944,0.3197580575942993,0.5089659796820747,0.992284655570984
263,0.4962832927703857,0.3737748887803819,0.9988935589790344,0.4962832927703857,0.2658844893827859,0.9988935589790344,0.5678471565246582,0.3665570576985677,0.9990954399108888,0.4247194290161132,0.3809927198621962,0.9988935589790344,0.638172197341919,0.4705040825737847,0.9935099482536316,0.3115888833999634,0.51756714714898,0.9930518865585328
264,0.4962787866592407,0.3745195600721571,0.9988033771514891,0.4962787866592407,0.26615515782829874,0.9988033771514891,0.5682435512542725,0.3681859758165147,0.998996078968048,0.424314022064209,0.3808531443277995,0.9988033771514891,0.6350803852081299,0.4786279890272352,0.9923271536827089,0.3124515771865844,0.5263268364800348,0.992590069770813
265,0.4968101978302001,0.3759997685750325,0.9987842440605164,0.4968101978302001,0.2668870584408243,0.9987842440605164,0.5693256378173828,0.3702655368381076,0.9987842440605164,0.4242947578430175,0.3817340003119575,0.9988756775856018,0.6325865745544433,0.4820763905843099,0.9890073537826538,0.3154114961624145,0.536958991156684,0.9929527640342712
266,0.4974359989166259,0.3777280595567491,0.9990546107292176,0.4974359989166259,0.2707747063873424,0.9990546107292176,0.5684454917907715,0.3712735493977864,0.9990546107292176,0.4264265060424804,0.3841825697157118,0.9991700649261476,0.6315013885498046,0.4889259762234158,0.9920433163642884,0.3196830987930298,0.543200429280599,0.99482524394989
267,0.4979766368865966,0.3791204240587023,0.9990233182907104,0.4979766368865966,0.27305105673642066,0.9990233182907104,0.5684005737304687,0.3727341122097439,0.9990233182907104,0.4275527000427246,0.3855067359076606,0.9992722868919371,0.6301763534545899,0.4951017591688368,0.9930992126464844,0.3216394662857055,0.5414888170030382,0.9955193996429444
268,0.4980494976043701,0.38054322136773,0.9989066123962402,0.4980494976043701,0.2735544166230525,0.9989066123962402,0.568995475769043,0.3731914944118923,0.9989066123962402,0.4271035194396972,0.3878949483235677,0.9993353486061096,0.6296214580535888,0.5018220689561632,0.9921682476997375,0.3230952024459839,0.5429600185818142,0.9955385327339172
269,0.497882318496704,0.3815530988905165,0.9988896250724792,0.497882318496704,0.2756239082884131,0.9988896250724792,0.5681039810180664,0.3740680270724826,0.9988896250724792,0.4276606559753418,0.3890381707085503,0.9992844462394714,0.6266088962554932,0.5108348846435546,0.992676079273224,0.3254359483718872,0.5466129726833767,0.995412528514862
270,0.4981436729431152,0.3818440755208333,0.9987956285476683,0.4981436729431152,0.27759938774605586,0.9987956285476683,0.567322063446045,0.3752026875813802,0.9987956285476683,0.4289652824401855,0.3884854634602864,0.999230980873108,0.6251044273376465,0.5163324568006727,0.99211323261261,0.330325174331665,0.5464043511284722,0.9953124523162842
271,0.4979610919952393,0.3815144220987955,0.9987632036209106,0.4979610919952393,0.27730731723004376,0.9987632036209106,0.5670587062835694,0.3743175082736545,0.9987632036209106,0.4288634777069092,0.3887113359239366,0.9991859793663024,0.6195682525634766,0.518768310546875,0.9917595982551576,0.3326673030853271,0.5518856472439236,0.9954511523246764
272,0.4983662128448486,0.3811400943332248,0.99867045879364,0.4983662128448486,0.27648251820126357,0.99867045879364,0.5677309513092041,0.3736150953504774,0.99867045879364,0.4290014743804932,0.3886650933159722,0.999131977558136,0.6145599842071533,0.5214171515570747,0.9924494028091432,0.3359046936035156,0.5524255540635851,0.9951363205909728
273,0.497343373298645,0.3812207963731554,0.9984763264656068,0.497343373298645,0.27671806367981167,0.9984763264656068,0.5666258811950684,0.3738973829481337,0.9984763264656068,0.4280608654022216,0.3885442097981771,0.999110996723175,0.6128744602203369,0.5229420132107205,0.991094410419464,0.3386362075805664,0.5551689995659722,0.9956907629966736
274,0.4972485303878784,0.3809110005696614,0.9984898567199708,0.4972485303878784,0.2763175990949769,0.9984898567199708,0.5665141105651855,0.3728858100043403,0.9984898567199708,0.4279829502105713,0.3889361911349826,0.9990531802177428,0.6095314979553222,0.5222258673773872,0.9913996458053588,0.3398416042327881,0.5569144354926215,0.9956127405166626
275,0.4962793588638305,0.3806346893310546,0.9983401298522948,0.4962793588638305,0.27646695927708465,0.9983401298522948,0.5652541637420654,0.3725658840603298,0.9983401298522948,0.4273045539855957,0.3887034946017795,0.9990217685699464,0.6055829524993896,0.5221360100640191,0.9909844398498536,0.3409350872039794,0.5584930419921875,0.995122253894806
276,0.4961101531982422,0.3812434514363606,0.9981436729431152,0.4961101531982422,0.27719467246515045,0.9981436729431152,0.5650146007537842,0.3732560475667317,0.9981436729431152,0.4272057056427002,0.3892308553059896,0.9990332126617432,0.6036442279815674,0.5230002933078342,0.9902670979499816,0.343064546585083,0.5605086008707683,0.9951441287994384
277,0.4960850000381469,0.3817086961534288,0.9979979395866394,0.4960850000381469,0.2780068142784408,0.9979979395866394,0.5647893905639648,0.3740081787109375,0.9979979395866394,0.4273806095123291,0.3894092135959201,0.9990094900131226,0.6004221916198731,0.5237318250868056,0.989973783493042,0.3457406997680664,0.5593736012776692,0.995176076889038
278,0.4960399866104126,0.3818185594346787,0.9978824257850648,0.4960399866104126,0.2780708867020295,0.9978824257850648,0.5647889137268066,0.3742424011230468,0.9978824257850648,0.4272910594940186,0.3893947177463107,0.9989953637123108,0.5995575904846191,0.5271871354844835,0.9900084733963012,0.3469743490219116,0.561689207288954,0.9952374696731568
279,0.4958221912384033,0.3817252688937717,0.9973589777946472,0.4958221912384033,0.2784233753022693,0.9973589777946472,0.5642734050750733,0.3741606818305121,0.9973589777946472,0.4273709774017334,0.3892898559570312,0.9989743232727052,0.5963696956634521,0.5265883127848308,0.9878228902816772,0.3482418060302734,0.5654956817626953,0.9948756098747252
280,0.4958173513412475,0.3813180287679035,0.9971121549606324,0.4958173513412475,0.27847925799760287,0.9971121549606324,0.5640491962432861,0.3746264987521701,0.9971121549606324,0.427585506439209,0.3880095587836371,0.9989370703697203,0.5935765743255615,0.5326932695176866,0.9854931235313416,0.349636697769165,0.5658372667100694,0.9945008754730223
281,0.4951565980911254,0.3821948157416449,0.9971488118171692,0.4951565980911254,0.2805431441135868,0.9971488118171692,0.5626967906951904,0.3766455332438151,0.9971488118171692,0.4276164054870605,0.3877440982394748,0.9989387392997742,0.5905877590179444,0.5383427513970269,0.9865753054618835,0.350905179977417,0.5665717230902778,0.994761049747467
282,0.4949226140975952,0.3820866054958767,0.9971928000450134,0.4949226140975952,0.2804207236230998,0.9971928000450134,0.5625275135040283,0.3772560967339409,0.9971928000450134,0.4273177146911621,0.3869171142578125,0.998939335346222,0.5903409957885742,0.542322752210829,0.9873530864715576,0.3519414663314819,0.5666378445095486,0.994978368282318
283,0.4946118116378784,0.3822459750705295,0.996856451034546,0.4946118116378784,0.28028461856429887,0.996856451034546,0.5624067783355713,0.3773124694824218,0.996856451034546,0.4268168449401855,0.3871794806586371,0.9989461302757264,0.5877960681915283,0.5446300082736545,0.9866896867752076,0.3533901691436767,0.5668364630805122,0.995170533657074
284,0.4942575931549072,0.3817988713582356,0.9968777894973756,0.4942575931549072,0.27966575709069974,0.9968777894973756,0.5621940135955811,0.3772469838460286,0.9968777894973756,0.4263211727142334,0.3863507588704427,0.9989376664161682,0.58702712059021,0.5451158311631944,0.9871752858161926,0.3546474933624267,0.5665003882514106,0.99530291557312
285,0.4940448760986328,0.381907738579644,0.9969238638877868,0.4940448760986328,0.27917596773567666,0.9969238638877868,0.5624088287353516,0.3777900695800781,0.9969238638877868,0.425680923461914,0.38602540757921,0.9988937973976136,0.5843979835510253,0.5427188449435764,0.9876796007156372,0.3556790351867676,0.5666020711263021,0.9950762391090392
286,0.4937806129455566,0.3823159535725912,0.997025191783905,0.4937806129455566,0.2795764280306703,0.997025191783905,0.5621770858764649,0.3786805894639757,0.997025191783905,0.4253841400146484,0.3859513176812066,0.9988930821418762,0.5833240985870362,0.543111080593533,0.9885898232460022,0.3561388969421387,0.5659721374511719,0.9951372742652892
287,0.4935598850250243,0.3818073696560329,0.9969152212142944,0.4935598850250243,0.2790269631069868,0.9969152212142944,0.5619890689849854,0.3782754686143663,0.9969152212142944,0.4251307010650634,0.3853392706976996,0.9988790154457092,0.5823681831359864,0.5441093868679471,0.9863330721855164,0.3556241035461426,0.5666271633572049,0.9947360157966614
288,0.4930135011672973,0.3811154471503364,0.9968042373657228,0.4930135011672973,0.2784149097143384,0.9968042373657228,0.5613476753234863,0.3768523322211372,0.9968042373657228,0.4246793270111084,0.3853785620795356,0.9988868832588196,0.5796943187713623,0.5429022471110027,0.9842877388000488,0.3555877208709717,0.5665702395968967,0.9942737221717834
289,0.4925068378448486,0.381090333726671,0.9965606331825256,0.4925068378448486,0.27820611637830966,0.9965606331825256,0.560938835144043,0.3764450920952691,0.9965606331825256,0.4240748405456543,0.3857355753580729,0.9989328980445862,0.5771132469177246,0.5396054161919488,0.9833987951278688,0.3551793575286865,0.5676740010579427,0.9943684935569764
290,0.4912808656692504,0.3809894349839952,0.9964480400085448,0.4912808656692504,0.2778351823657358,0.9964480400085448,0.5598806858062744,0.3761614905463324,0.9964480400085448,0.4226810455322266,0.385817379421658,0.9989436268806458,0.5759276866912841,0.5383519066704644,0.9828207492828368,0.3547789573669433,0.5706033494737414,0.9944425225257874
291,0.4898412227630615,0.3816451602511935,0.9964014291763306,0.4898412227630615,0.2792936959126289,0.9964014291763306,0.5579677581787109,0.3778116014268663,0.9964014291763306,0.4217146873474121,0.3854787190755208,0.9989463686943054,0.5750034809112549,0.5407890319824219,0.9822096824645996,0.3543203592300415,0.5705110761854384,0.994139552116394
292,0.4893266201019287,0.3818229251437717,0.9964904189109802,0.4893266201019287,0.27906461183748704,0.9964904189109802,0.5577242851257325,0.3779799143473307,0.9964904189109802,0.420928955078125,0.3856659359402127,0.99896502494812,0.5752429962158203,0.5425779978434245,0.9820141196250916,0.3540300130844116,0.5709844801161025,0.9941708445549012
293,0.4887700796127319,0.3818057378133137,0.9965537786483764,0.4887700796127319,0.27801787979799925,0.9965537786483764,0.5578707218170166,0.3782531314425998,0.9965537786483764,0.4196694374084472,0.3853583441840277,0.9989480376243592,0.5756105422973633,0.5446976979573568,0.981467068195343,0.3538386344909668,0.5724198235405816,0.993886649608612
