frame,Chest_x,Chest_y,Chest_conf,Nose_x,Nose_y,Nose_conf,Left Shoulder_x,Left Shoulder_y,Left Shoulder_conf,Right Shoulder_x,Right Shoulder_y,Right Shoulder_conf,Left Elbow_x,Left Elbow_y,Left Elbow_conf,Right Elbow_x,Right Elbow_y,Right Elbow_conf
0,0.502883791923523,0.5708324432373046,0.9994356036186218,0.502883791923523,0.38713092238675506,0.9994356036186218,0.6253451824188232,0.5695912255181207,0.9994356036186218,0.3804224014282226,0.5720736609564887,0.999763548374176,0.6907938957214356,0.842021009657118,0.9751710891723632,0.2935960531234741,0.853902096218533,0.9873385429382324
1,0.5028832197189331,0.5708310233222114,0.9994356036186218,0.5028832197189331,0.38712983267551415,0.9994356036186218,0.6253443717956543,0.5695880042182074,0.9994356036186218,0.3804220676422119,0.5720740424262153,0.999763548374176,0.6907959938049316,0.8420274522569444,0.9751654267311096,0.2935950756072998,0.8539070977105034,0.9873360991477966
2,0.5021769285202027,0.5699529647827148,0.9995865225791932,0.5021769285202027,0.38582457232270784,0.9995865225791932,0.6249219894409179,0.5686233944363064,0.9995865225791932,0.3794318675994873,0.5712825351291233,0.9997852444648744,0.6997952461242676,0.8364153544108073,0.9811628460884094,0.2822127103805542,0.845658450656467,0.9904667735099792
3,0.502485716342926,0.5674306021796333,0.9996994733810424,0.502485716342926,0.3860464024565796,0.9996994733810424,0.6234081268310547,0.5671237521701389,0.9996994733810424,0.3815633058547973,0.5677374521891276,0.9997512698173524,0.7130853176116944,0.8361288282606337,0.9831620454788208,0.2701819896697998,0.8290072970920139,0.9901779294013976
4,0.5025702238082885,0.5659030702379015,0.999766170978546,0.5025702238082885,0.384287817948407,0.999766170978546,0.6236455917358399,0.5653070661756727,0.9998083710670472,0.3814948558807373,0.5664990743001302,0.999766170978546,0.7262089729309082,0.8198396470811632,0.99042809009552,0.2556164741516113,0.8126087612575955,0.9902334213256836
5,0.5029939770698547,0.5640644921196831,0.9998028874397278,0.5029939770698547,0.3808848514164126,0.9998028874397278,0.6251131534576416,0.5636867947048612,0.9998675584793092,0.3808748006820678,0.5644421895345052,0.9998028874397278,0.7354866027832031,0.8074778238932292,0.9949437975883484,0.2443646430969238,0.7899838765462239,0.993994414806366
6,0.5023515224456787,0.5623555501302083,0.9997984766960144,0.5023515224456787,0.3778672300482545,0.9997984766960144,0.625324821472168,0.5601986355251736,0.9999215602874756,0.3793782234191895,0.5645124647352431,0.9997984766960144,0.7513375282287598,0.7914343092176649,0.9973182082176208,0.2296628475189209,0.7792409261067709,0.9943066239356996
7,0.4996503829956055,0.5574271519978842,0.9997881054878236,0.4996503829956055,0.3710608177384054,0.9997881054878236,0.6238594055175781,0.5544698503282335,0.9999386072158812,0.3754413604736328,0.5603844536675348,0.9997881054878236,0.7606497764587402,0.765226067437066,0.9982823133468628,0.215423321723938,0.7601685418023003,0.9947220087051392
8,0.4989009141921997,0.5571467293633354,0.9997815489768982,0.4989009141921997,0.3648495619425406,0.9997815489768982,0.6270368099212646,0.5531532287597656,0.9999632835388184,0.3707650184631347,0.5611402299669054,0.9997815489768982,0.7729236602783203,0.7428898281521268,0.9992365837097168,0.203412389755249,0.7394087049696181,0.9951619505882264
9,0.4990837335586547,0.5558022393120661,0.9997612833976746,0.4990837335586547,0.3615445889565193,0.9997612833976746,0.6285444259643554,0.5524110582139757,0.9999639987945556,0.3696230411529541,0.5591934204101563,0.9997612833976746,0.7769240379333496,0.717525143093533,0.999241828918457,0.1970726251602172,0.7199131435818142,0.9958577752113342
10,0.4976830720901489,0.5529894722832573,0.999758780002594,0.4976830720901489,0.35953786091183515,0.999758780002594,0.6266048908233642,0.5495481279161242,0.9999654293060304,0.3687612533569336,0.5564308166503906,0.999758780002594,0.7848441123962402,0.6935418023003472,0.999357521533966,0.1925450325012207,0.6898719787597656,0.9966108202934264
11,0.4965681552886962,0.551507462395562,0.9997010231018066,0.4965681552886962,0.3576213380261616,0.9997010231018066,0.6257601737976074,0.5473962571885851,0.9999479055404664,0.3673761367797851,0.5556186676025391,0.9997010231018066,0.7871047019958496,0.6683316548665365,0.998740017414093,0.1823922872543334,0.6728226555718316,0.9952529668807985
12,0.496340537071228,0.5465659035576714,0.9997418522834778,0.496340537071228,0.35541817688298544,0.9997418522834778,0.6237519264221192,0.5442842271592881,0.9999395608901978,0.3689291477203369,0.5488475799560547,0.9997418522834778,0.7917681694030761,0.6477845509847006,0.998422384262085,0.1885676622390747,0.6490119086371527,0.9952953457832336
13,0.4973640918731689,0.5420879575941298,0.9996527433395386,0.4973640918731689,0.35732275273598335,0.9996527433395386,0.6205332279205322,0.5407136281331381,0.9999395608901978,0.3741949558258056,0.5434622870551216,0.9996527433395386,0.7902334213256836,0.6217784881591797,0.998702883720398,0.193207836151123,0.6185775756835937,0.9944158792495728
14,0.5010276317596436,0.5341588973999023,0.9996237754821776,0.5010276317596436,0.3582508779898525,0.9996237754821776,0.6182990550994873,0.5337870279947917,0.9998608827590942,0.3837562084197998,0.534530766805013,0.9996237754821776,0.7791653156280518,0.5940227932400174,0.997805655002594,0.1990690469741821,0.6022724999321831,0.9944900274276732
15,0.5017566680908203,0.5293612586127387,0.9995575547218324,0.5017566680908203,0.35765834727351575,0.9995575547218324,0.6162111759185791,0.5275646633572049,0.9998602867126464,0.3873021602630615,0.5311578538682725,0.9995575547218324,0.7680760383605957,0.5683459387885199,0.9986691474914552,0.2131503820419311,0.5937418619791667,0.9961498975753784
16,0.4995618104934692,0.5319705327351888,0.9991457462310792,0.4995618104934692,0.36108661214951343,0.9991457462310792,0.6134696006774902,0.530132802327474,0.9997866749763488,0.3856540203094482,0.5338082631429036,0.9991457462310792,0.7847408294677735,0.5619861602783203,0.9981741905212402,0.2263628005981445,0.5930803087022569,0.9913448095321656
17,0.4985193729400635,0.5316191779242622,0.9991907477378844,0.4985193729400635,0.36214718893909065,0.9991907477378844,0.6114519119262696,0.5282992892795139,0.9997754693031312,0.3855868339538574,0.5349390665690105,0.9991907477378844,0.777891206741333,0.5433634440104167,0.9981791973114014,0.2217873573303222,0.5751883188883463,0.9917278289794922
18,0.5000091791152954,0.5309022479587131,0.9995323419570924,0.5000091791152954,0.36022604952129944,0.9995323419570924,0.6137621879577637,0.5282410939534505,0.9997935891151428,0.3862561702728271,0.5335634019639757,0.9995323419570924,0.7669189929962158,0.528772481282552,0.9974812865257264,0.2165049314498901,0.5526048024495442,0.9949402809143066
19,0.4998130917549133,0.5306058883666992,0.999474823474884,0.4998130917549133,0.3607453593617388,0.999474823474884,0.6130079746246337,0.5273971557617188,0.9997419714927672,0.3866182088851929,0.5338146209716796,0.999474823474884,0.7654986381530762,0.5162776099310981,0.9967218041419984,0.2090996742248535,0.543415535820855,0.9932686686515808
20,0.4981247425079345,0.5294244766235352,0.9992087483406068,0.4981247425079345,0.3636221859393341,0.9992087483406068,0.6086069107055664,0.5260118696424696,0.9996902942657472,0.3876425743103027,0.5328370836046007,0.9992087483406068,0.753882884979248,0.5068619622124566,0.9972153902053832,0.208322525024414,0.5337553236219618,0.9904791712760924
21,0.4983350515365601,0.530741712782118,0.9988627433776855,0.4983350515365601,0.3698897047314463,0.9988627433776855,0.6054366111755372,0.5254002888997396,0.9996427297592164,0.391233491897583,0.5360831366644965,0.9988627433776855,0.7655436515808105,0.4978662278917101,0.9974948167800904,0.23179771900177,0.550479507446289,0.9881856441497804
22,0.4986954689025878,0.5301358540852865,0.9988512992858888,0.4986954689025878,0.368663362446006,0.9988512992858888,0.6061726093292237,0.5240673489040799,0.9996283054351808,0.3912183284759521,0.536204359266493,0.9988512992858888,0.7768310546875,0.4942698584662543,0.9974265694618224,0.2300723075866699,0.5447682698567708,0.9901760220527648
23,0.4977489948272705,0.5297523710462781,0.9986671209335328,0.4977489948272705,0.36922740459068504,0.9986671209335328,0.6046174049377442,0.5241216447618272,0.999620795249939,0.3908805847167969,0.5353830973307292,0.9986671209335328,0.7739652156829834,0.4981944613986545,0.997057318687439,0.2346012830734253,0.5423440721299914,0.9839211702346802
24,0.4981595158576966,0.5291346020168728,0.9986079335212708,0.4981595158576966,0.36886476656479583,0.9986079335212708,0.6048317432403565,0.5230335659450955,0.9996334314346312,0.3914872884750366,0.5352356380886502,0.9986079335212708,0.7760499000549317,0.4976990169949001,0.997262477874756,0.2376372098922729,0.5433309343126085,0.985457479953766
25,0.4982884883880615,0.5289597829182943,0.9986497759819032,0.4982884883880615,0.36928894340047735,0.9986497759819032,0.6045682907104493,0.5229919009738498,0.9996020197868348,0.3920086860656738,0.5349276648627387,0.9986497759819032,0.7736985683441162,0.4980586581759982,0.997021734714508,0.2336756229400634,0.5441415574815538,0.9854468107223512
26,0.4978173613548279,0.5286496056450738,0.9987949132919312,0.4978173613548279,0.369919482380199,0.9987949132919312,0.6034327983856201,0.5220716688368056,0.9995427131652832,0.3922019243240356,0.535227542453342,0.9987949132919312,0.765793752670288,0.4960881551106771,0.997225284576416,0.2233969926834106,0.5429142422146267,0.9885453581809998
27,0.4980295300483703,0.5304512659708659,0.9990021586418152,0.4980295300483703,0.3730476986193426,0.9990021586418152,0.6027648448944092,0.5239691840277778,0.9995532631874084,0.3932942152023315,0.536933347913954,0.9990021586418152,0.7519539356231689,0.499749035305447,0.9975131750106812,0.2239941358566284,0.5500000423855251,0.9910921454429626
28,0.4987274169921875,0.5284686194525825,0.9992654919624328,0.4987274169921875,0.36385215551595373,0.9992654919624328,0.6083964347839356,0.5244041442871094,0.9996278285980223,0.3890583992004394,0.5325330946180555,0.9992654919624328,0.7523029327392579,0.5068737453884549,0.996674418449402,0.205257225036621,0.5314619276258681,0.9911504983901978
29,0.4987221837043761,0.5297722286648221,0.9994421601295472,0.4987221837043761,0.36108720714846365,0.9994421601295472,0.6110913276672363,0.525335947672526,0.9997362494468688,0.3863530397415161,0.5342085096571181,0.9994421601295472,0.7628672599792481,0.5145144568549262,0.9971740245819092,0.2040416479110717,0.5371504889594184,0.993016481399536
30,0.4996111154556274,0.5292602327134874,0.999531865119934,0.4996111154556274,0.36026738823939025,0.999531865119934,0.6122000694274903,0.525206798977322,0.9997649788856506,0.3870221614837646,0.5333136664496527,0.999531865119934,0.7665315628051758,0.5236403147379557,0.997276484966278,0.2107635736465454,0.5461375342475043,0.9935389161109924
31,0.4986771702766418,0.5309529410468208,0.9993287324905396,0.4986771702766418,0.36356232630967034,0.9993287324905396,0.6101879119873047,0.5266496870252821,0.9997045397758484,0.387166428565979,0.5352561950683594,0.9993287324905396,0.7713131904602051,0.5361253102620442,0.9978345036506652,0.2164627075195312,0.5660152859157986,0.9927650094032288
32,0.4988510727882385,0.5318462159898546,0.9992384910583496,0.4988510727882385,0.3621579469304307,0.9992384910583496,0.611926794052124,0.5284901936848958,0.9997716546058656,0.385775351524353,0.5352022382948134,0.9992384910583496,0.7710264682769775,0.5508472018771702,0.9984208345413208,0.2205754995346069,0.5762755499945746,0.993270456790924
33,0.4986392498016357,0.5321997748480902,0.9992138147354126,0.4986392498016357,0.36320449046153075,0.9992138147354126,0.6112561225891113,0.5289579603407119,0.999778687953949,0.3860223770141601,0.5354415893554687,0.9992138147354126,0.768016767501831,0.5593499925401476,0.9986132383346558,0.221419620513916,0.5944906870524088,0.9936367273330688
34,0.5012269496917725,0.5323304282294379,0.9995545744895936,0.5012269496917725,0.35965269762171515,0.9995545744895936,0.6163112640380859,0.5295256720648871,0.9998778104782104,0.386142635345459,0.5351351843939887,0.9995545744895936,0.7662562370300293,0.5676918453640408,0.998844027519226,0.2058954000473022,0.5874541388617621,0.995352268218994
35,0.5012008309364319,0.5352333704630534,0.9996631145477296,0.5012008309364319,0.3580478438331679,0.9996631145477296,0.6193122863769531,0.533533689710829,0.999897837638855,0.3830893754959106,0.5369330512152778,0.9996631145477296,0.7730034828186035,0.5860468546549479,0.998927652835846,0.2024622201919555,0.5903340657552083,0.9957481026649476
36,0.5018118977546692,0.5394489288330078,0.9997037053108216,0.5018118977546692,0.35614014352455237,0.9997037053108216,0.6240160465240479,0.5400950537787543,0.9998981952667236,0.3796077489852905,0.5388028038872613,0.9997037053108216,0.787468147277832,0.6040716383192274,0.9979060888290404,0.1987553834915161,0.5998749203152127,0.9942345023155212
37,0.5000537037849426,0.545625729031033,0.9996063113212584,0.5000537037849426,0.36079027804441144,0.9996063113212584,0.6232773303985596,0.5455830891927084,0.9999051094055176,0.3768300771713256,0.5456683688693577,0.9996063113212584,0.7902457237243652,0.6159712473551432,0.9974853992462158,0.1927132606506347,0.6100368075900607,0.9929991960525512
38,0.4997949361801147,0.5464615927802192,0.9996769428253174,0.4997949361801147,0.3607217895634369,0.9996769428253174,0.6236204147338867,0.5459499782986111,0.9999157190322876,0.3759694576263427,0.5469732072618273,0.9996769428253174,0.7900475025177002,0.6304506513807508,0.997598111629486,0.1909488677978515,0.6308318244086372,0.9940826296806335
39,0.4995814085006713,0.5495336320665147,0.9997389912605286,0.4995814085006713,0.35972201367484463,0.9997389912605286,0.6261223316192627,0.5493350558810763,0.999926209449768,0.37304048538208,0.5497322082519531,0.9997389912605286,0.7949796676635742,0.6443567911783854,0.9976661205291748,0.1844674825668334,0.6475486331515842,0.9942798614501952
40,0.5002279877662659,0.5519816080729166,0.9997350573539734,0.5002279877662659,0.3589739553172114,0.9997350573539734,0.6288990497589111,0.5515552096896701,0.9999287128448486,0.3715569257736206,0.5524080064561632,0.9997350573539734,0.7954083442687988,0.6552536858452691,0.9975798726081848,0.1830886840820312,0.6591662089029948,0.9935808181762696
41,0.4996630430221557,0.5562279383341471,0.9997301697731018,0.4996630430221557,0.3593134955121771,0.9997301697731018,0.6309372901916503,0.5554946475558811,0.9999288320541382,0.3683887958526611,0.5569612291124132,0.9997301697731018,0.7964887619018555,0.6696918487548829,0.9976367950439452,0.1783961772918701,0.6695665571424696,0.993686020374298
42,0.4993385314941406,0.5586543824937609,0.9997475743293762,0.4993385314941406,0.3616599317214529,0.9997475743293762,0.6306681632995605,0.5586312188042535,0.999936819076538,0.3680088996887207,0.5586775461832683,0.9997475743293762,0.7957312583923339,0.6829236348470052,0.9978347420692444,0.1770492076873779,0.6822443644205729,0.9942806959152222
43,0.5011773586273194,0.5587547302246094,0.9997337460517884,0.5011773586273194,0.36242183849692905,0.9997337460517884,0.6320635318756104,0.5579586029052734,0.999948501586914,0.3702911853790283,0.5595508575439453,0.9997337460517884,0.7941846370697021,0.6928391350640191,0.9986844658851624,0.1837224960327148,0.6847539265950521,0.995433509349823
44,0.5015800476074218,0.5570898691813151,0.999748170375824,0.5015800476074218,0.35911168882362937,0.999748170375824,0.6335524082183838,0.5552308400472005,0.9999648332595824,0.3696076869964599,0.5589488983154297,0.999748170375824,0.7927468776702881,0.7010519239637587,0.9992015957832336,0.1883013486862182,0.6910353766547309,0.9958828687667848
45,0.5022228360176086,0.5562544080946181,0.9997958540916444,0.5022228360176086,0.358083935450846,0.9997958540916444,0.6343282699584961,0.5547811720106337,0.9999656677246094,0.3701174020767211,0.5577276441786024,0.9997958540916444,0.7926018714904786,0.7116565280490451,0.9991466999053956,0.1893058538436889,0.7017606099446615,0.9960873126983644
46,0.5023836135864257,0.5556002722846137,0.999793827533722,0.5023836135864257,0.35873496339268485,0.999793827533722,0.6336180686950683,0.5540561252170139,0.9999617338180542,0.3711491584777832,0.5571444193522136,0.999793827533722,0.7875120162963867,0.7183968438042535,0.9990745782852172,0.1944928646087646,0.7067728678385417,0.9957749247550964
47,0.502236008644104,0.5547708087497287,0.9997867941856384,0.502236008644104,0.3584828809381635,0.9997867941856384,0.6330680847167969,0.5521352979871962,0.9999622106552124,0.3714039325714111,0.5574063195122613,0.9997867941856384,0.784214448928833,0.7266241285536025,0.99910706281662,0.1980654954910278,0.7190170288085938,0.995519518852234
48,0.5027935147285462,0.5564808527628581,0.999793827533722,0.5027935147285462,0.36032166381299086,0.999793827533722,0.6335347175598145,0.5536066267225478,0.9999535083770752,0.3720523118972778,0.5593550788031684,0.999793827533722,0.7755570411682129,0.7312079535590278,0.9988497495651244,0.2052461385726928,0.7329312642415364,0.9953770637512208
49,0.5032413482666016,0.5557658089531793,0.9997959733009338,0.5032413482666016,0.36053201764713355,0.9997959733009338,0.6333724975585937,0.5532296498616537,0.9999507665634156,0.3731101989746094,0.5583019680447049,0.9997959733009338,0.7743642807006836,0.7454544915093316,0.9986035227775574,0.2086852073669433,0.7409250895182292,0.9953391551971436
50,0.5039302825927734,0.5565582699245877,0.9997853636741638,0.5039302825927734,0.36130053092393477,0.9997853636741638,0.6340959548950196,0.5552925533718533,0.9999407529830932,0.3737646102905273,0.557823986477322,0.9997853636741638,0.7751199722290039,0.7584661695692274,0.9979475140571594,0.2111265897750854,0.7512237548828125,0.994455635547638
51,0.5032475471496582,0.5570136811998155,0.9997749924659728,0.5032475471496582,0.3630055342347263,0.9997749924659728,0.6325785636901855,0.5555979834662543,0.9999194145202636,0.3739165306091309,0.5584293789333767,0.9997749924659728,0.7677181243896485,0.7631334940592448,0.9972018003463744,0.2189852952957153,0.7582839118109809,0.9945399165153505
52,0.5041872978210449,0.557078234354655,0.9997791647911072,0.5041872978210449,0.3627848835817483,0.9997791647911072,0.6336848735809326,0.554229736328125,0.9999074935913086,0.3746897220611572,0.5599267323811848,0.9997791647911072,0.763425064086914,0.7667479621039497,0.9969335794448853,0.2245520114898681,0.765684085422092,0.9947429895401
53,0.5053757905960083,0.5568044026692709,0.9997743964195251,0.5053757905960083,0.36386225004446626,0.9997743964195251,0.6339669704437256,0.5537226782904731,0.9998960494995116,0.376784610748291,0.5598861270480686,0.9997743964195251,0.7585875511169433,0.7706754896375868,0.9963735938072203,0.2311291933059692,0.7738926357693142,0.994863212108612
54,0.5061193823814392,0.5582664489746094,0.9997813105583192,0.5061193823814392,0.36618670362044903,0.9997813105583192,0.6341263771057128,0.554828135172526,0.9998728036880492,0.3781123876571655,0.5617047627766927,0.9997813105583192,0.7539719581604004,0.7773460388183594,0.9951868653297424,0.2371816873550415,0.7806154039171007,0.994720220565796
55,0.5066749811172485,0.5584155188666449,0.9997945427894592,0.5066749811172485,0.36741260593038483,0.9997945427894592,0.6339701652526856,0.555220455593533,0.9998435974121094,0.3793797969818115,0.5616105821397569,0.9997945427894592,0.7511761665344239,0.7868285285101997,0.9942793846130372,0.2444905281066894,0.7801349216037327,0.9946499466896056
56,0.5064072132110595,0.558746083577474,0.9997989535331726,0.5064072132110595,0.36772458052438883,0.9997989535331726,0.6336953163146972,0.5548515319824219,0.9998096823692322,0.3791191101074219,0.562640635172526,0.9997989535331726,0.7460780620574952,0.7872476365831164,0.9934065341949464,0.2485977172851562,0.7875734117296007,0.993893027305603
57,0.5073360443115235,0.5598156399197048,0.9997912049293518,0.5073360443115235,0.36827937420343937,0.9997912049293518,0.6349753379821778,0.5561876508924696,0.9998047947883606,0.3796967506408691,0.5634436289469401,0.9997912049293518,0.742907190322876,0.7958213806152343,0.9927727580070496,0.2518813610076904,0.7984024047851562,0.9929918050765992
58,0.5074883580207825,0.5607393476698134,0.9997534155845642,0.5074883580207825,0.3700907059241739,0.9997534155845642,0.6345406532287597,0.5572905646430122,0.9997534155845642,0.3804360628128052,0.5641881306966146,0.999777615070343,0.7373562335968018,0.796954854329427,0.9902744293212892,0.2564980030059814,0.8056532118055556,0.9917816519737244
59,0.5077104806900024,0.5607860989040798,0.999713122844696,0.5077104806900024,0.37075813279292413,0.999713122844696,0.6343354701995849,0.5568771362304688,0.999713122844696,0.3810854911804199,0.564695061577691,0.999788463115692,0.7356678009033203,0.8024605645073785,0.9882175326347352,0.2633178472518921,0.8074696011013455,0.9921520352363586
60,0.508182692527771,0.5614581214057075,0.9997031092643738,0.508182692527771,0.3714560392382036,0.9997031092643738,0.6348027229309082,0.5579704284667969,0.9997031092643738,0.3815626621246338,0.5649458143446181,0.9998086094856262,0.7321327209472657,0.8010895623101129,0.9892838597297668,0.2701859712600708,0.8107120090060764,0.9929487705230712
61,0.5077926397323609,0.561594263712565,0.9996732473373412,0.5077926397323609,0.3714976360472527,0.9996732473373412,0.6344683647155762,0.5578487820095486,0.9996732473373412,0.3811169147491455,0.5653397454155816,0.9998093247413636,0.7307677268981934,0.8061712476942274,0.98845636844635,0.2740039110183715,0.8150646633572048,0.993115246295929
62,0.5083688020706176,0.5625814014010959,0.999631404876709,0.5083688020706176,0.37253151506682036,0.999631404876709,0.6350131511688233,0.5588291168212891,0.999631404876709,0.3817244529724121,0.5663336859809027,0.9998241066932678,0.7278561115264892,0.8054377237955729,0.9874727725982666,0.2774973630905151,0.8181416829427083,0.9932923316955566
63,0.5082349181175232,0.563100708855523,0.9996143579483032,0.5082349181175232,0.3726311887087183,0.9996143579483032,0.6351675987243652,0.5596461825900607,0.9996143579483032,0.3813022375106811,0.5665552351209853,0.999817430973053,0.7268294334411621,0.8138743082682292,0.985443115234375,0.2813312530517578,0.8242039150661893,0.99289870262146
64,0.508557653427124,0.5640742195977105,0.9996013045310974,0.508557653427124,0.3735444218527121,0.9996013045310974,0.635560131072998,0.5619725969102648,0.9996013045310974,0.38155517578125,0.5661758422851563,0.9997934699058532,0.7263745784759521,0.825295172797309,0.9824999570846558,0.285811185836792,0.8240144517686632,0.9928823709487916
65,0.5088513135910034,0.5643924289279514,0.9995543360710144,0.5088513135910034,0.37431341112985916,0.9995543360710144,0.6355471611022949,0.5619522094726562,0.9995543360710144,0.3821554660797119,0.5668326483832465,0.999788463115692,0.7188718795776368,0.8124203152126737,0.9837263226509094,0.2897548675537109,0.8245266384548611,0.9930883049964904
66,0.5097791194915772,0.5653205023871528,0.9994852542877196,0.5097791194915772,0.37523488781138714,0.9994852542877196,0.6364917755126953,0.5636442396375868,0.9994852542877196,0.383066463470459,0.5669967651367187,0.9997796416282654,0.7166743755340577,0.8145082261827257,0.979935348033905,0.2924385070800781,0.8242561340332031,0.9926978945732116
67,0.5099207639694213,0.5650436613294814,0.999461591243744,0.5099207639694213,0.3750706645181237,0.999461591243744,0.6365657806396484,0.5640824211968316,0.999461591243744,0.3832757472991943,0.5660049014621311,0.9997733235359192,0.7156492710113526,0.8193726433648003,0.9777631163597108,0.295002818107605,0.8249160766601562,0.992708384990692
68,0.5097302198410034,0.5652066972520616,0.9994301199913024,0.5097302198410034,0.37504182736767755,0.9994301199913024,0.6365036964416504,0.5643196529812283,0.9994301199913024,0.3829567432403564,0.5660937415228949,0.9997594952583312,0.7133053779602051,0.8197970920138888,0.9762858152389526,0.2981353282928466,0.8266952514648438,0.9917335510253906
69,0.5098350286483765,0.5650026745266384,0.9994233846664428,0.5098350286483765,0.3753833525604299,0.9994233846664428,0.6362376689910889,0.5633936140272352,0.9994233846664428,0.383432388305664,0.5666117350260417,0.9997597336769104,0.7109149932861328,0.817997063530816,0.977611780166626,0.3002091646194458,0.8284230550130208,0.9915298223495485
70,0.5100085020065308,0.5657273610432942,0.9993844032287598,0.5100085020065308,0.37557974420645135,0.9993844032287598,0.6367610931396485,0.5639481438530816,0.9993844032287598,0.3832559108734131,0.5675065782335069,0.9997530579566956,0.7087782382965088,0.8165682474772136,0.9766079187393188,0.3018709182739257,0.8319424947102865,0.9904943108558656
71,0.5102392077445984,0.566180059644911,0.9993483424186708,0.5102392077445984,0.37621423327475,0.9993483424186708,0.6368707656860352,0.5644131554497613,0.9993483424186708,0.3836076498031616,0.5679469638400607,0.999743640422821,0.7072090148925781,0.8175599839952257,0.9747536182403564,0.3034000635147095,0.8322597079806857,0.990410327911377
72,0.5103647112846375,0.5663531833224826,0.9992839694023132,0.5103647112846375,0.3760623352500482,0.9992839694023132,0.6372170925140381,0.5649122026231553,0.9992839694023132,0.3835123300552368,0.5677941640218099,0.999756634235382,0.7057388305664063,0.8191010369194879,0.9731565117836,0.3045337677001953,0.8352614508734809,0.9899690747261048
73,0.5105331897735597,0.5667292488945854,0.999221920967102,0.5105331897735597,0.3767395698523106,0.999221920967102,0.637186336517334,0.5654324001736111,0.999221920967102,0.3838800430297852,0.5680260976155599,0.9997560381889344,0.7044140338897705,0.821262698703342,0.9712286591529846,0.3057905197143554,0.8354844835069445,0.9894949793815612
74,0.5107859373092651,0.5669553968641493,0.9991987347602844,0.5107859373092651,0.37713815553767727,0.9991987347602844,0.6373299121856689,0.5664908515082465,0.9991987347602844,0.3842419624328613,0.5674199422200521,0.999742329120636,0.7032056331634522,0.826674313015408,0.969862461090088,0.306786847114563,0.8354359944661458,0.989474892616272
75,0.5110729932785034,0.5682438956366644,0.9991632699966432,0.5110729932785034,0.3786148744297968,0.9991632699966432,0.6374907493591309,0.5676095750596788,0.9991632699966432,0.384655237197876,0.5688782162136502,0.9997410178184508,0.7008005142211914,0.8230221218532986,0.9694201946258544,0.3077085971832275,0.8356453789605035,0.98927503824234
76,0.5110514163970947,0.5684924443562825,0.99918395280838,0.5110514163970947,0.3791946438738861,0.99918395280838,0.6372491836547851,0.5680526309543186,0.99918395280838,0.3848536491394043,0.5689322577582465,0.999733865261078,0.6997011661529541,0.8253304375542535,0.9698768258094788,0.308298659324646,0.8353436787923177,0.9891448616981506
77,0.5117556691169739,0.5694755130343967,0.9991562366485596,0.5117556691169739,0.3799341573661441,0.9991562366485596,0.6381165027618408,0.569608645968967,0.9991562366485596,0.3853948354721069,0.5693423800998264,0.9997310042381288,0.6997554779052735,0.8290955437554254,0.9682751297950744,0.3091048955917358,0.8354491339789496,0.9888845682144164
78,0.5116726636886596,0.571003426445855,0.9991360306739808,0.5116726636886596,0.3814084115616951,0.9991360306739808,0.6380691051483154,0.5707596249050564,0.9991360306739808,0.3852762222290039,0.5712472279866536,0.9997298121452332,0.6989797115325928,0.8288873460557725,0.967766523361206,0.3097627401351929,0.8363655938042535,0.9888855218887328
79,0.5116690874099732,0.5728669908311632,0.9991098046302797,0.5116690874099732,0.3826277073471505,0.9991098046302797,0.6384950637817383,0.572634760538737,0.9991098046302797,0.384843111038208,0.5730992211235895,0.9997256398200988,0.6993619918823242,0.8299781799316406,0.9653699398040771,0.3096091508865356,0.8374677870008681,0.9881325364112854
80,0.511645233631134,0.5738046434190538,0.9991403818130492,0.511645233631134,0.3841849344421443,0.9991403818130492,0.6380527019500732,0.5726072523328993,0.9991403818130492,0.3852377653121948,0.5750020345052084,0.9997380375862122,0.6995672702789306,0.8295228746202257,0.965913474559784,0.3098389863967895,0.8377675374348958,0.9888454079627992
81,0.5119552850723266,0.5712272855970595,0.999230980873108,0.5119552850723266,0.38289003381949005,0.999230980873108,0.6375031471252441,0.5696186065673828,0.999230980873108,0.3864074230194091,0.5728359646267361,0.999755322933197,0.7005502700805664,0.8306914435492622,0.9703044295310974,0.308868670463562,0.8385052151150174,0.9897876977920532
82,0.5119688510894775,0.5725973129272461,0.9993537068367004,0.5119688510894775,0.38345206560217804,0.9993537068367004,0.6380642890930176,0.5720044877794054,0.9993537068367004,0.3858734130859375,0.5731901380750868,0.9997316002845764,0.705098819732666,0.833974117702908,0.971486270427704,0.3056117296218872,0.8410129123263889,0.9878530502319336
83,0.511397123336792,0.571835094028049,0.999417781829834,0.511397123336792,0.3828372510488959,0.999417781829834,0.6373953342437744,0.5715376536051432,0.999417781829834,0.3853989124298095,0.5721325344509549,0.9997504353523254,0.7076382637023926,0.8281961229112413,0.9737719297409058,0.3028205871582031,0.8348106384277344,0.9895830154418944
84,0.5109061956405639,0.5715959125094944,0.9995148181915284,0.5109061956405639,0.38242329905883155,0.9995148181915284,0.6370195865631103,0.5709440443250868,0.9995148181915284,0.3847928047180176,0.5722477806939019,0.9997628331184388,0.7125170230865479,0.8276685078938802,0.9760220646858216,0.2963303565979004,0.8327679104275174,0.9909691214561462
85,0.5105522036552429,0.5708677715725369,0.9996414184570312,0.5105522036552429,0.3814113767314976,0.9996414184570312,0.6368403434753418,0.5688496907552083,0.9996414184570312,0.384264063835144,0.5728858523898654,0.9997804760932922,0.7205207824707032,0.8250063578287761,0.9818586111068726,0.2895928382873535,0.8318177964952257,0.9913130402565002
86,0.5111296892166137,0.5687596850925021,0.9996709823608398,0.5111296892166137,0.3798366215622548,0.9996709823608398,0.6370430946350097,0.5657777998182508,0.9996709823608398,0.3852162837982177,0.5717415703667534,0.9998162388801576,0.7264614105224609,0.8160939534505208,0.9865962862968444,0.2801562309265136,0.8201095581054687,0.9925352334976196
87,0.512488842010498,0.56730105082194,0.9998019337654114,0.512488842010498,0.3777767517824024,0.9998019337654114,0.6388142108917236,0.5648301018608941,0.9998098015785216,0.3861634731292724,0.5697719997829861,0.9998019337654114,0.7338967323303223,0.811452145046658,0.9927868247032166,0.271117091178894,0.8062349955240885,0.9933080673217772
88,0.5135706186294555,0.5647622214423286,0.9998064637184144,0.5135706186294555,0.37440590363600024,0.9998064637184144,0.640456247329712,0.5625905354817708,0.9998713731765748,0.3866849899291992,0.5669339074028863,0.9998064637184144,0.7450450897216797,0.7926647610134548,0.9955025315284728,0.2575807094573974,0.7966136508517795,0.99401593208313
89,0.5141963243484498,0.5624869028727213,0.9997981190681458,0.5141963243484498,0.37088551241114426,0.9997981190681458,0.6419124126434326,0.5603323618570963,0.9999051094055176,0.3864802360534668,0.5646414438883464,0.9997981190681458,0.7579833030700683,0.7778605143229167,0.9972947239875792,0.2463350296020507,0.7779356214735244,0.995418906211853
90,0.5125172853469848,0.5594981723361545,0.9997718930244446,0.5125172853469848,0.3659771865414804,0.9997718930244446,0.6415239810943604,0.558126237657335,0.9999268054962158,0.3835105895996094,0.560870107014974,0.9997718930244446,0.7701693534851074,0.761424085828993,0.9976957440376282,0.2357879400253296,0.7570271809895833,0.9952104687690736
91,0.5113899946212769,0.556577491760254,0.9997770190238952,0.5113899946212769,0.3603536515034371,0.9997770190238952,0.6421860694885254,0.5543004777696398,0.999947190284729,0.3805939197540283,0.558854505750868,0.9997770190238952,0.7767983436584472,0.7329566107855903,0.9987815022468568,0.2249102354049682,0.7368695576985677,0.9960312247276306
92,0.5118032932281493,0.5536125818888347,0.99978905916214,0.5118032932281493,0.358776349055835,0.99978905916214,0.6416716575622559,0.5511973063151042,0.9999673366546632,0.3819349288940429,0.5560278574625651,0.99978905916214,0.791025447845459,0.7180653042263455,0.9993011951446532,0.2085308074951171,0.7205559624565973,0.9970567226409912
93,0.5114797115325928,0.5479836146036784,0.9997461438179016,0.5114797115325928,0.3563372558129427,0.9997461438179016,0.6391989707946777,0.5445936838785808,0.9999473094940186,0.3837604522705078,0.551373545328776,0.9997461438179016,0.7905733108520507,0.6790802001953125,0.9987583160400392,0.2015851736068725,0.6936291164822048,0.996122658252716
94,0.5093841075897216,0.5438823699951172,0.9997038245201112,0.5093841075897216,0.3533916050821196,0.9997038245201112,0.6362765312194825,0.5388080173068577,0.9999440908432008,0.3824916839599609,0.5489567226833767,0.9997038245201112,0.786932897567749,0.6578127119276259,0.998864769935608,0.1958433389663696,0.6737962086995443,0.9953911304473876
95,0.5116532564163208,0.5379254659016928,0.9997095465660096,0.5116532564163208,0.35281587605641695,0.9997095465660096,0.6349401473999023,0.5324958801269531,0.9999371767044068,0.3883663654327393,0.5433550516764323,0.9997095465660096,0.7924546241760254,0.6318409389919705,0.9988780617713928,0.1993494033813476,0.648865720960829,0.9957798719406128
96,0.5130815505981445,0.5314999474419488,0.9996763467788696,0.5130815505981445,0.3507167241757507,0.9996763467788696,0.6335647583007813,0.5284364488389757,0.9998908042907716,0.3925983428955078,0.5345634460449219,0.9996763467788696,0.7940207481384277,0.6081377241346572,0.9979525804519652,0.2119187355041503,0.6199874877929688,0.99490886926651
97,0.5135141849517821,0.5302791595458984,0.9996782541275024,0.5135141849517821,0.3507961715565459,0.9996782541275024,0.6330875873565673,0.5258521609836154,0.9998944997787476,0.393940782546997,0.5347061581081815,0.9996782541275024,0.7893466949462891,0.5856370290120443,0.9983195662498474,0.2140549421310424,0.6036730024549696,0.9965077042579652
98,0.5111695766448975,0.5288975609673394,0.9994955062866212,0.5111695766448975,0.3547125428259449,0.9994955062866212,0.6271707057952881,0.523571268717448,0.9998650550842284,0.3951684474945068,0.5342238532172309,0.9994955062866212,0.7894525527954102,0.5713926527235244,0.9988013505935668,0.2203054189682007,0.6007233513726129,0.9950609803199768
99,0.5125687479972839,0.5287206861707899,0.9993244409561156,0.5125687479972839,0.3578043680074364,0.9993244409561156,0.6263540744781494,0.5227054595947266,0.9998268485069276,0.3987834215164184,0.5347359127468533,0.9993244409561156,0.7848153114318848,0.5491850111219618,0.9986705780029296,0.2346137046813964,0.5880610571967231,0.9953699707984924
100,0.5143589973449707,0.5245168050130209,0.999442994594574,0.5143589973449707,0.3549881327560624,0.999442994594574,0.6272801399230957,0.5198119269476996,0.9997974038124084,0.4014378547668457,0.529221683078342,0.999442994594574,0.7718734264373779,0.5229601542154948,0.9975811243057252,0.2276009559631347,0.5624985588921441,0.9965741634368896
101,0.5104575872421264,0.5270017835828993,0.9993360638618468,0.5104575872421264,0.36144541038723177,0.9993360638618468,0.6206728458404541,0.5211421118842231,0.9997811913490297,0.4002423286437988,0.5328614552815755,0.9993360638618468,0.778801679611206,0.5124120500352648,0.998569130897522,0.232900071144104,0.5685975816514757,0.9959612488746644
102,0.5103965282440186,0.5258666780259874,0.9991647005081176,0.5103965282440186,0.36216185282851887,0.9991647005081176,0.6193073272705079,0.5188506656222873,0.9997711777687072,0.4014857292175293,0.5328826904296875,0.9991647005081176,0.7915470123291015,0.5010732862684462,0.9983633160591124,0.2356499433517456,0.5678289625379774,0.993578553199768
103,0.5099928379058838,0.5232268863254124,0.9989614486694336,0.5099928379058838,0.36170568487380944,0.9989614486694336,0.6174668312072754,0.516556379530165,0.9997518658638,0.4025188446044921,0.5298973931206598,0.9989614486694336,0.7867188453674316,0.4938126881917318,0.9983465671539308,0.2411977767944336,0.5551671769883898,0.9919845461845398
104,0.5094047069549561,0.5226648754543728,0.9990713596343994,0.5094047069549561,0.3621334459447126,0.9990713596343994,0.6161846160888672,0.5154860602484809,0.9997486472129822,0.4026247978210449,0.5298436906602647,0.9990713596343994,0.798756217956543,0.4856451670328776,0.9978048205375672,0.2354479074478149,0.550014156765408,0.9906657934188844
105,0.5086070537567138,0.5203684277004665,0.9990252256393432,0.5086070537567138,0.36349953070232216,0.9990252256393432,0.6129555702209473,0.5134251064724392,0.9996700286865234,0.4042585372924804,0.527311748928494,0.9990252256393432,0.7807883262634278,0.4723964267306857,0.9973340034484864,0.2431681871414184,0.542221196492513,0.9911950826644896
106,0.508667778968811,0.5192954381306967,0.9988784193992616,0.508667778968811,0.3626375693450742,0.9988784193992616,0.6128753662109375,0.5123531341552734,0.999641180038452,0.4044601917266845,0.5262377421061198,0.9988784193992616,0.776094913482666,0.4691407097710503,0.9971290230751038,0.2450170278549194,0.539417012532552,0.9904859662055968
107,0.5087515830993652,0.5183944702148438,0.9988908171653748,0.5087515830993652,0.3630091589557576,0.9988908171653748,0.6121196269989013,0.5116137186686198,0.9995865225791932,0.4053835391998291,0.5251752217610677,0.9988908171653748,0.7725274085998535,0.4648045433892144,0.9955487251281738,0.2477628231048584,0.538481436835395,0.989521861076355
108,0.5078624486923218,0.5197688208685981,0.9987586736679076,0.5078624486923218,0.36220220986366514,0.9987586736679076,0.6126457691192627,0.5123672485351562,0.9996557235717772,0.4030791282653808,0.52717039320204,0.9987586736679076,0.7874266624450683,0.4563385857476128,0.9966083765029908,0.2465657234191894,0.5349055820041233,0.9901745319366456
109,0.5075036287307739,0.519062508477105,0.998607575893402,0.5075036287307739,0.36208049291849626,0.998607575893402,0.611859655380249,0.5111618041992188,0.9996328353881836,0.4031476020812988,0.5269632127549914,0.998607575893402,0.7872454643249511,0.4515870836046007,0.9959989786148072,0.2513995409011841,0.5350991990831163,0.9890059232711792
110,0.507120943069458,0.5179992039998372,0.9987720847129822,0.507120943069458,0.3614313773400585,0.9987720847129822,0.6110996246337891,0.5088714599609375,0.9995653033256532,0.4031422615051269,0.5271269480387369,0.9987720847129822,0.7856086730957031,0.4501381344265408,0.995317816734314,0.2494111061096191,0.5342608557807075,0.9904581308364868
111,0.5073342323303223,0.5185118357340495,0.9987887740135192,0.5073342323303223,0.3619193491401445,0.9987887740135192,0.6113523483276367,0.5096492343478732,0.9995580315589904,0.4033161163330078,0.5273744371202257,0.9987887740135192,0.7852849960327148,0.4497666252983941,0.99523264169693,0.2506861686706543,0.5326096852620442,0.9909578561782836
112,0.5071461200714111,0.5179468790690105,0.9988559484481812,0.5071461200714111,0.36294936405371026,0.9988559484481812,0.6101396560668946,0.509594217936198,0.9995375871658324,0.4041525840759277,0.5262995402018229,0.9988559484481812,0.780689287185669,0.4510682000054253,0.9952087998390198,0.2514448642730713,0.5301926506890191,0.9907743334770204
113,0.5072544336318969,0.5178138732910156,0.9989063739776612,0.5072544336318969,0.3634170500631201,0.9989063739776612,0.6099095344543457,0.5102795918782552,0.9995325803756714,0.4045993328094482,0.525348154703776,0.9989063739776612,0.7754517078399659,0.4537550184461805,0.9956194758415222,0.2520810604095459,0.5279551188151042,0.9911483526229858
114,0.5077022790908814,0.5174972958034939,0.9989243149757384,0.5077022790908814,0.36372666519191293,0.9989243149757384,0.6099472522735596,0.5100787268744574,0.9995282888412476,0.4054573059082031,0.5249158647325304,0.9989243149757384,0.7725438117980957,0.4609162224663628,0.9965948462486268,0.2507966756820678,0.5269663916693793,0.9924582242965698
115,0.5082317352294922,0.5184911092122396,0.9989030361175536,0.5082317352294922,0.364779889287791,0.9989030361175536,0.6105289459228516,0.5124718560112848,0.9995984435081482,0.4059345245361328,0.5245103624131945,0.9989030361175536,0.77906813621521,0.4691249423556857,0.9969704151153564,0.251452898979187,0.5277957492404514,0.9910972118377686
116,0.5091859817504882,0.5179304758707682,0.99898499250412,0.5091859817504882,0.3642051312095211,0.99898499250412,0.6115034103393555,0.512097422281901,0.9995511174201964,0.406868553161621,0.5237635294596354,0.99898499250412,0.7779842853546143,0.4753854115804036,0.9965421557426452,0.2500690698623657,0.5344193352593316,0.9923059344291688
117,0.509239387512207,0.5205663681030273,0.9990229606628418,0.509239387512207,0.3619041110291701,0.9990229606628418,0.6148661136627197,0.5149707370334201,0.9996498823165894,0.4036126613616943,0.5261619991726345,0.9990229606628418,0.7922878265380859,0.483602311876085,0.9960477948188782,0.2469220876693725,0.5395008511013455,0.9908483028411864
118,0.5106097698211669,0.5223134994506836,0.9992602467536926,0.5106097698211669,0.36000007209911156,0.9992602467536926,0.6186225414276123,0.5158005608452692,0.9996814727783204,0.4025969982147216,0.5288264380560981,0.9992602467536926,0.7934132575988769,0.4969242519802517,0.9968721270561218,0.2301308870315551,0.5440991719563802,0.9919620156288148
119,0.5106513500213623,0.5238289515177409,0.9991576671600342,0.5106513500213623,0.3623146968175365,0.9991576671600342,0.6181529998779297,0.517700915866428,0.9997361302375792,0.4031497001647949,0.5299569871690538,0.9991576671600342,0.7846041679382324,0.4970241122775607,0.9980236291885376,0.2307055234909057,0.5500421735975477,0.9932424426078796
120,0.5123461008071899,0.5244795269436306,0.9991182684898376,0.5123461008071899,0.3614331575791129,0.9991182684898376,0.6209060192108155,0.5190107133653429,0.999767005443573,0.4037861824035644,0.5299483405219184,0.9991182684898376,0.7853127479553222,0.5095222896999783,0.9982473850250244,0.2366475105285644,0.5639078776041667,0.9941417574882508
121,0.5138617277145385,0.5258001115587023,0.999245285987854,0.5138617277145385,0.3598094706667779,0.999245285987854,0.6243776798248291,0.5201472812228732,0.9997865557670592,0.403345775604248,0.5314529418945313,0.999245285987854,0.7907733917236328,0.5250198788113064,0.9985526204109192,0.2337469816207885,0.5718296474880642,0.9953896999359132
122,0.5135080337524414,0.52724240620931,0.9993712306022644,0.5135080337524414,0.357708488228777,0.9993712306022644,0.6264176845550538,0.5221905178493924,0.999826729297638,0.4005983829498291,0.5322942945692274,0.9993712306022644,0.7943806171417236,0.541157235039605,0.9985527396202089,0.2267748117446899,0.5695126427544488,0.9952155351638794
123,0.5141167640686035,0.5274436314900717,0.99935382604599,0.5141167640686035,0.3571432314028438,0.99935382604599,0.6275697708129883,0.5231665293375651,0.9998241066932678,0.4006637573242187,0.5317207336425781,0.99935382604599,0.7957819938659668,0.5555520799424913,0.998446762561798,0.2306254386901855,0.5781287299262152,0.9951878786087036
124,0.5152935981750488,0.5285337448120118,0.999262034893036,0.5152935981750488,0.35789946059063865,0.999262034893036,0.6290261268615722,0.5262137095133463,0.9998183846473694,0.4015610694885254,0.5308537801106771,0.999262034893036,0.800006103515625,0.5706606970893012,0.9979997277259828,0.2341221809387207,0.5925473954942492,0.9942955374717712
125,0.5144628763198853,0.5273280885484484,0.999344289302826,0.5144628763198853,0.3584823884373389,0.999344289302826,0.6269947052001953,0.5246454450819228,0.9998342990875244,0.4019310474395752,0.530010732014974,0.999344289302826,0.7948096752166748,0.5739894443088107,0.9985407590866088,0.2291538953781128,0.6025259229871962,0.9950631260871888
126,0.515111780166626,0.5275881237453884,0.9993502497673036,0.515111780166626,0.36062611872728717,0.9993502497673036,0.6263984203338623,0.5254074520534939,0.9998300075531006,0.4038251399993896,0.529768795437283,0.9993502497673036,0.7896150588989258,0.5832124922010634,0.9981679916381836,0.2244923830032348,0.6089366065131293,0.9950344562530518
127,0.5160061359405518,0.5290204577975803,0.9993242025375366,0.5160061359405518,0.3603560899096665,0.9993242025375366,0.6284445285797119,0.5280123392740885,0.9998302459716796,0.4035677433013916,0.530028576321072,0.9993242025375366,0.7894303798675537,0.5990921444363064,0.9980658888816832,0.2254714727401733,0.6128971947564019,0.9941784143447876
128,0.5186713933944702,0.5292156007554796,0.99958735704422,0.5186713933944702,0.3549218407896604,0.99958735704422,0.634864091873169,0.5300700293646918,0.999900221824646,0.4024786949157715,0.5283611721462673,0.99958735704422,0.8030287742614746,0.61414672003852,0.9983559250831604,0.2206808567047119,0.6106012556287977,0.9954503178596495
129,0.5188508987426758,0.5309617996215821,0.9996104836463928,0.5188508987426758,0.35610481623442225,0.9996104836463928,0.6354220390319825,0.5311677720811632,0.9998964071273804,0.4022797584533691,0.5307558271620009,0.9996104836463928,0.8018071174621582,0.6208292643229166,0.99778014421463,0.2156723737716674,0.6185575273301867,0.9952002763748168
130,0.518669295310974,0.5327706442938911,0.9995930790901184,0.518669295310974,0.35679039976053994,0.9995930790901184,0.6359823703765869,0.5340602450900608,0.9999191761016846,0.4013562202453613,0.5314810434977214,0.9995930790901184,0.8009992599487304,0.6358109792073567,0.9983813762664796,0.2186329364776611,0.6270609113905165,0.9942014813423156
131,0.5183307647705078,0.5380745781792535,0.9996211528778076,0.5183307647705078,0.3591345200304093,0.9996211528778076,0.6376218795776367,0.5373407151963976,0.9999237060546876,0.3990396499633789,0.5388084411621094,0.9996211528778076,0.8008926391601563,0.6461776733398438,0.9984435439109802,0.2068024396896362,0.641544681125217,0.995008111000061
132,0.5192805409431457,0.5405954149034289,0.9996521472930908,0.5192805409431457,0.3596759570538629,0.9996521472930908,0.6398934841156005,0.5405121697319879,0.9999457597732544,0.3986675977706909,0.5406786600748698,0.9996521472930908,0.8032796859741211,0.6625809987386068,0.9989783763885498,0.2064118862152099,0.6494490729437934,0.9954903721809388
133,0.5181476354599,0.5423209508260092,0.999685287475586,0.5181476354599,0.35768837984724505,0.999685287475586,0.6412351131439209,0.5418494754367404,0.9999438524246216,0.3950601577758789,0.5427924262152778,0.999685287475586,0.800731086730957,0.6696359422471788,0.9989047050476074,0.2012664318084716,0.6622938368055555,0.995697259902954
134,0.5184988260269164,0.5437975565592448,0.9996408224105836,0.5184988260269164,0.3601216085935102,0.9996408224105836,0.6409482955932617,0.5432640075683594,0.9999276399612428,0.3960493564605712,0.5443311055501302,0.9996408224105836,0.7938053131103515,0.675287840101454,0.9984331727027892,0.2026000022888183,0.6691755930582682,0.9954444169998168
135,0.5174658536911011,0.5459186342027452,0.9995759129524232,0.5174658536911011,0.3627801560796521,0.9995759129524232,0.6395581722259521,0.5459258609347873,0.9999243021011353,0.39537353515625,0.5459114074707031,0.9995759129524232,0.7862961769104004,0.690224117702908,0.9983293414115906,0.2021482467651367,0.6788688659667969,0.9950125813484192
136,0.5166631221771241,0.548721800910102,0.9996846914291382,0.5166631221771241,0.36043411181585416,0.9996846914291382,0.6421871185302734,0.5481892479790582,0.9999557733535768,0.3911391258239746,0.5492543538411458,0.9996846914291382,0.7874241828918457,0.7080957200792101,0.9992382526397704,0.2037970781326294,0.6879624260796441,0.9969221949577332
137,0.5175843000411987,0.5504219055175781,0.9997453093528748,0.5175843000411987,0.3617383052138942,0.9997453093528748,0.6433686733245849,0.5493352678087022,0.999952793121338,0.3917999267578125,0.551508543226454,0.9997453093528748,0.7857917785644531,0.7227875603569879,0.9991698265075684,0.2032937526702881,0.7028794182671441,0.9970568418502808
138,0.5175534725189209,0.551180648803711,0.9997606873512268,0.5175534725189209,0.36080279948431215,0.9997606873512268,0.6444626331329346,0.5496355268690322,0.9999476671218872,0.3906443119049072,0.5527257707383898,0.9997606873512268,0.7858291149139405,0.7274751451280382,0.998960256576538,0.2076871156692505,0.7140702141655816,0.9969713687896729
139,0.5171958208084106,0.5525260501437717,0.9997702240943908,0.5171958208084106,0.36047710647677866,0.9997702240943908,0.6452170848846436,0.5508201599121094,0.9999481439590454,0.3891745567321777,0.554231940375434,0.9997702240943908,0.7819699287414551,0.7346813625759548,0.9989635944366456,0.2118409395217895,0.7311697218153211,0.9967227578163148
140,0.5173809766769409,0.5542591094970704,0.9997643828392028,0.5173809766769409,0.362353297740413,0.9997643828392028,0.6453178405761719,0.5539624532063802,0.9999384880065918,0.3894441127777099,0.5545557657877604,0.9997643828392028,0.7813813209533691,0.7532608879937066,0.9984762072563172,0.2199331045150757,0.7360235426161025,0.9962664246559144
141,0.5163199186325074,0.5559647878011067,0.9997389912605286,0.5163199186325074,0.36386106561711273,0.9997389912605286,0.6443876266479492,0.5553574456108941,0.999929666519165,0.3882522106170654,0.5565721299913194,0.9997389912605286,0.7741987705230713,0.7569832695855034,0.9981833100318908,0.226363205909729,0.7430082533094619,0.995810866355896
142,0.5163611650466919,0.557073614332411,0.9997515082359314,0.5163611650466919,0.3653732708714349,0.9997515082359314,0.6441572666168213,0.5560465070936415,0.9999067783355712,0.3885650634765625,0.5581007215711805,0.9997515082359314,0.7686389923095703,0.7607335408528646,0.9973813891410828,0.2295064926147461,0.752439456515842,0.9955543875694276
143,0.5172711610794067,0.5578317854139541,0.9997420907020568,0.5172711610794067,0.36669604936974853,0.9997420907020568,0.6446917533874512,0.5569242689344618,0.9998939037322998,0.3898505687713623,0.5587393018934462,0.9997420907020568,0.7647453308105469,0.7666827731662327,0.9970489144325256,0.2363780498504638,0.7572848849826389,0.99566912651062
144,0.5186956882476806,0.5591130150689019,0.9997190833091736,0.5186956882476806,0.3687361544853495,0.9997190833091736,0.6456103324890137,0.5582029554578993,0.9998910427093506,0.3917810440063476,0.5600230746799045,0.9997190833091736,0.7610496044158935,0.7757868448893229,0.9966333508491516,0.2424209833145141,0.7666735331217448,0.9954203963279724
145,0.5186985254287719,0.5601981480916342,0.9997486472129822,0.5186985254287719,0.37067584225384775,0.9997486472129822,0.6450367927551269,0.5586135864257813,0.9998823404312134,0.392360258102417,0.561782709757487,0.9997486472129822,0.7588177680969238,0.7813756306966145,0.9959419369697572,0.2441070318222045,0.777167002360026,0.9951488375663756
146,0.5189372777938843,0.5611643897162544,0.999755561351776,0.5189372777938843,0.3727690290219422,0.999755561351776,0.6445263862609864,0.5597647772894965,0.9998648166656494,0.3933481693267822,0.5625640021430122,0.999755561351776,0.7551448822021485,0.7839595370822483,0.9955419898033142,0.2504896402359008,0.7803745693630643,0.9949495792388916
147,0.5189710021018982,0.5621806038750543,0.9997751116752625,0.5189710021018982,0.3742825305642702,0.9997751116752625,0.6442291259765625,0.5608321295844184,0.9998421669006348,0.3937128782272339,0.5635290781656901,0.9997751116752625,0.751790189743042,0.7884033203125,0.9948977828025818,0.2537304878234863,0.7869425455729167,0.9945170283317566
148,0.5192888259887696,0.5637344572279188,0.9997813105583192,0.5192888259887696,0.3753691942146594,0.9997813105583192,0.6448624610900879,0.5628370073106553,0.9998111128807068,0.3937151908874511,0.5646319071451823,0.9997813105583192,0.7507773876190186,0.7977389865451389,0.9931383728981018,0.2584097385406494,0.7930418226453994,0.9937052130699158
149,0.5196607112884521,0.5646215438842773,0.999756157398224,0.5196607112884521,0.3753982621075462,0.999756157398224,0.6458075523376465,0.5639088100857205,0.999801218509674,0.3935138702392578,0.5653342776828342,0.999756157398224,0.7465355873107911,0.8029349433051215,0.993031084537506,0.2649752616882324,0.7941650390625,0.9935184121131896
150,0.5197351813316345,0.5651924557156033,0.9997797608375548,0.5197351813316345,0.37573879557854106,0.9997797608375548,0.6460330963134766,0.5641233232286241,0.9997877478599548,0.3934372663497925,0.5662615882025824,0.9997797608375548,0.7430267333984375,0.80653076171875,0.9929224252700806,0.2698808193206787,0.7988680521647136,0.9941297769546508
151,0.5197282195091247,0.5657666736178928,0.9997591376304626,0.5197282195091247,0.3758170825174585,0.9997591376304626,0.6463541507720947,0.5644229465060764,0.9997591376304626,0.3931022882461548,0.5671104007297092,0.9997962117195128,0.740269136428833,0.8099732293023003,0.9921148419380188,0.2751056432723999,0.8069512261284723,0.9940590858459472
152,0.5195110678672791,0.5661220126681857,0.9997110962867736,0.5195110678672791,0.37633328418756135,0.9997110962867736,0.6460089683532715,0.5634641859266493,0.9997110962867736,0.3930131673812866,0.5687798394097222,0.9997982382774352,0.7365901947021485,0.8069659762912327,0.9908377528190612,0.2809852361679077,0.8113130357530381,0.9937171936035156
153,0.5193588972091675,0.5668621487087674,0.9996668100357056,0.5193588972091675,0.37609298287532655,0.9996668100357056,0.6465094566345215,0.5641517639160156,0.9996668100357056,0.3922083377838135,0.5695725335015192,0.9998095631599426,0.7351735591888428,0.8106085035536025,0.9894102811813354,0.2839364051818848,0.8195651584201389,0.9931430816650392
154,0.5196004033088684,0.5664466010199654,0.9996165037155152,0.5196004033088684,0.37553626668236567,0.9996165037155152,0.6468513011932373,0.5640451219346788,0.9996165037155152,0.3923495054244995,0.5688480801052518,0.9998170733451844,0.7309344291687012,0.8074556138780382,0.9888641834259032,0.2875975847244262,0.8223086886935764,0.9926992058753968
155,0.5197257757186889,0.5669615003797743,0.9995525479316713,0.5197257757186889,0.37569687421361936,0.9995525479316713,0.6472277641296387,0.5655545552571615,0.9995525479316713,0.3922237873077392,0.5683684455023872,0.9998077750205994,0.7297195434570313,0.8126454671223958,0.9856987595558168,0.2903243780136108,0.8233118693033854,0.9919975399971008
156,0.5195878744125366,0.5669107437133789,0.9995481371879578,0.5195878744125366,0.37578685787905713,0.9995481371879578,0.646995735168457,0.5654773288302951,0.9995481371879578,0.3921800136566162,0.5683441585964627,0.9997950196266174,0.7285943984985351,0.8149130079481337,0.9844731688499452,0.2938244581222534,0.8254661560058594,0.9916511178016664
157,0.5198494434356689,0.5668905682033962,0.9995089769363404,0.5198494434356689,0.3768945368635377,0.9995089769363404,0.6465060234069824,0.5655176374647353,0.9995089769363404,0.3931928634643554,0.5682634989420573,0.9997746348381042,0.7262605667114258,0.8178215026855469,0.9823110103607178,0.2974969387054443,0.8255986531575521,0.9914174675941468
158,0.5195961713790893,0.5676063113742404,0.9995228052139282,0.5195961713790893,0.37807154976060275,0.9995228052139282,0.645948839187622,0.5666212293836805,0.9995228052139282,0.3932435035705566,0.5685913933648004,0.9997593760490416,0.7246992588043213,0.8250684950086805,0.9827447533607484,0.301530385017395,0.8282996283637153,0.991073191165924
159,0.5197691202163697,0.5678875393337673,0.9994696974754332,0.5197691202163697,0.3788562879954428,0.9994696974754332,0.6457866668701172,0.5669772677951389,0.9994696974754332,0.3937515735626221,0.5687978108723958,0.9997565150260924,0.7210123062133789,0.8232550726996528,0.9809159636497498,0.3048639059066772,0.8345226711697049,0.9899426698684692
160,0.5196141481399537,0.5677093929714627,0.9994766116142272,0.5196141481399537,0.37794343519374574,0.9994766116142272,0.6461166381835938,0.5662735409206814,0.9994766116142272,0.3931116580963135,0.569145245022244,0.9997441172599792,0.7171092510223389,0.8192185295952691,0.9826139807701112,0.3083400011062622,0.8382558186848958,0.9902003407478333
161,0.5199099659919739,0.5681833902994792,0.9994404911994934,0.5199099659919739,0.378385739025305,0.9994404911994934,0.646434211730957,0.5668037414550782,0.9994404911994934,0.3933857202529907,0.5695630391438802,0.9997467398643494,0.7149512767791748,0.8202022976345487,0.9816319942474364,0.3101685762405395,0.8419077555338542,0.9901793003082277
162,0.5201852798461915,0.5688792546590169,0.9993932247161864,0.5201852798461915,0.37935027622557416,0.9993932247161864,0.6465361595153809,0.5682099660237631,0.9993932247161864,0.3938344001770019,0.5695485432942708,0.9997277855873108,0.7154463291168213,0.8297746446397569,0.9784039855003356,0.3121216297149658,0.8410159640842014,0.9901970624923706
163,0.5204079627990723,0.5689009560479058,0.9993714690208436,0.5204079627990723,0.37879297082985164,0.9993714690208436,0.6471453189849854,0.5683267805311415,0.9993714690208436,0.3936706066131591,0.5694751315646701,0.9997268319129944,0.713596248626709,0.8286175198025174,0.9768242239952089,0.3134005308151245,0.8424929300944011,0.9903765320777892
164,0.520527708530426,0.56982421875,0.9993638396263124,0.520527708530426,0.3791809477472844,0.9993638396263124,0.6476230144500732,0.570054202609592,0.9993638396263124,0.3934324026107788,0.569594234890408,0.9997114539146424,0.713499641418457,0.8358375549316406,0.9755755066871644,0.3156103372573852,0.8418061998155382,0.9899023771286012
165,0.5212921142578125,0.5693685955471464,0.9993574023246764,0.5212921142578125,0.37956517924161015,0.9993574023246764,0.6478261947631836,0.5699909210205079,0.9993574023246764,0.3947580337524414,0.5687462700737848,0.9997119307518004,0.7126234531402588,0.8357320997450087,0.9746267795562744,0.317010235786438,0.8386956956651476,0.9901138544082642
166,0.5210622549057007,0.569779798719618,0.9993228912353516,0.5210622549057007,0.37917374285671646,0.9993228912353516,0.6481245040893555,0.5712456173366971,0.9993228912353516,0.3940000057220459,0.5683139801025391,0.9997134804725648,0.7114771366119385,0.8399097866482205,0.9727622866630554,0.3179237604141235,0.8389060974121094,0.989615797996521
167,0.5211522102355957,0.5697076585557725,0.9992892742156982,0.5211522102355957,0.379167745413601,0.9992892742156982,0.6481698036193848,0.5712210337320963,0.9992892742156982,0.3941346168518066,0.5681942833794488,0.9997099041938782,0.7101052284240723,0.8400927225748698,0.971235454082489,0.3184387683868408,0.8387282477484809,0.9897039532661438
168,0.5212594032287597,0.5705743365817599,0.999292492866516,0.5212594032287597,0.3793280795795312,0.999292492866516,0.6487467288970947,0.5721853892008464,0.999292492866516,0.3937720775604248,0.5689632839626736,0.9997043013572692,0.709613847732544,0.8404750400119357,0.971318542957306,0.3188803672790527,0.8388883802625868,0.989315390586853
169,0.5217341184616089,0.5701996697319879,0.9992679953575134,0.5217341184616089,0.37865427659975615,0.9992679953575134,0.6494231700897217,0.5716180165608724,0.9992679953575134,0.3940450668334961,0.5687813229031033,0.9997066855430604,0.7073226928710937,0.8343516031901042,0.972272515296936,0.3199010610580444,0.8390713161892361,0.989607870578766
170,0.5219295740127563,0.5702211380004882,0.9992287158966064,0.5219295740127563,0.3779772921559722,0.9992287158966064,0.6500807762145996,0.5719276428222656,0.9992287158966064,0.3937783718109131,0.568514633178711,0.999708354473114,0.7065830230712891,0.83283445570204,0.9707244038581848,0.3201047420501709,0.8403839959038628,0.9890252947807312
171,0.5223721027374267,0.5703733656141493,0.9992425441741944,0.5223721027374267,0.37785106317221234,0.9992425441741944,0.6506921768188476,0.5730602688259548,0.9992425441741944,0.3940520286560058,0.5676864624023438,0.9997150301933287,0.7066733837127686,0.8364952087402344,0.9706330895423888,0.3204503297805786,0.8397776285807291,0.989282250404358
172,0.5228338122367859,0.5700980928209093,0.9992181062698364,0.5228338122367859,0.3775654824845825,0.9992181062698364,0.6511539936065673,0.5730907440185546,0.9992181062698364,0.3945136308670044,0.5671054416232639,0.9997100234031676,0.7067286491394043,0.8420644972059462,0.9692087173461914,0.3211977005004883,0.8392764621310764,0.9890429377555848
173,0.5231503367424011,0.5697520785861545,0.9991891980171204,0.5231503367424011,0.37712344577155593,0.9991891980171204,0.651533555984497,0.572787094116211,0.9991891980171204,0.3947671175003052,0.566717063056098,0.9997206330299376,0.7057887077331543,0.839994388156467,0.969516396522522,0.3216241598129272,0.8385320875379775,0.989415407180786
174,0.5235299110412597,0.5698596318562825,0.9991812109947203,0.5235299110412597,0.37726653616794703,0.9991812109947203,0.6518969058990478,0.5725601196289063,0.9991812109947203,0.3951629161834716,0.5671591440836589,0.9997081160545348,0.7051331996917725,0.8416515774197049,0.969025194644928,0.3220701456069946,0.8386653476291233,0.9896135926246644
175,0.5237338066101074,0.5701532151963976,0.9991233944892884,0.5237338066101074,0.3774918557070392,0.9991233944892884,0.6521420001983642,0.5730518764919705,0.9991233944892884,0.3953256130218506,0.5672545539008247,0.9996984004974364,0.7040059089660644,0.8407428317599827,0.9681482911109924,0.3221386432647705,0.8394223531087239,0.9892030358314514
176,0.5239598274230957,0.570143296983507,0.9991114735603333,0.5239598274230957,0.3777993978321575,0.9991114735603333,0.6521518230438232,0.5732347276475694,0.9991114735603333,0.3957678318023682,0.5670518663194445,0.9996970891952516,0.7033668518066406,0.8432342529296875,0.9683167934417723,0.3221568584442139,0.8396936204698351,0.9893218278884888
177,0.5242695331573486,0.5699556774563259,0.9991193413734436,0.5242695331573486,0.3784074255712093,0.9991193413734436,0.6519250869750977,0.5732801225450304,0.9991193413734436,0.3966139793395996,0.5666312323676215,0.9996957778930664,0.7028703689575195,0.8415513780381945,0.9692428708076476,0.3226049184799194,0.8392637464735243,0.989629089832306
178,0.5243831872940063,0.5704785452948676,0.9991344809532166,0.5243831872940063,0.3793504612563402,0.9991344809532166,0.6517577171325684,0.5738341437445746,0.9991344809532166,0.3970086574554443,0.5671229468451606,0.9996976852416992,0.7028057098388671,0.841385481092665,0.9701693654060364,0.3226217746734619,0.83917236328125,0.9896502494812012
179,0.5244367361068726,0.5705206976996527,0.999152421951294,0.5244367361068726,0.37978837180068503,0.999152421951294,0.6515532970428467,0.5736423068576388,0.999152421951294,0.3973201751708984,0.5673990885416667,0.9996992349624634,0.7029509544372559,0.8405407375759548,0.9710946679115297,0.3223139524459839,0.8401775783962674,0.9893988370895386
180,0.5247194051742554,0.5707270516289604,0.9991387128829956,0.5247194051742554,0.3798344241970393,0.9991387128829956,0.6519386768341064,0.5740149603949652,0.9991387128829956,0.3975001335144043,0.5674391428629557,0.9997170567512512,0.7055296897888184,0.8389460245768229,0.9697614312171936,0.3205887079238891,0.8412673102484809,0.9895803332328796
181,0.5248014330863953,0.5711026509602865,0.9992364645004272,0.5248014330863953,0.3805399849870341,0.9992364645004272,0.651786994934082,0.5748815748426649,0.9992364645004272,0.3978158712387085,0.567323727077908,0.9997100234031676,0.7071971416473388,0.8397526211208768,0.9718722105026244,0.3184227466583252,0.8366071065266927,0.9901517033576964
182,0.5248931765556335,0.5720041275024415,0.9992833733558656,0.5248931765556335,0.3812847629917578,0.9992833733558656,0.6519500255584717,0.5767711215549045,0.9992833733558656,0.3978363275527954,0.5672371334499783,0.9997052550315856,0.710977840423584,0.8451282925075955,0.970771551132202,0.3154732942581176,0.83724365234375,0.9895027875900269
183,0.524716067314148,0.5716531965467664,0.9994080066680908,0.524716067314148,0.38109885818714445,0.9994080066680908,0.6516857147216797,0.5757655249701605,0.9994080066680908,0.3977464199066162,0.5675408681233723,0.9996967315673828,0.7141273975372314,0.8358456929524739,0.9766977429389954,0.3123283624649048,0.8354730394151476,0.9899790287017822
184,0.5244065523147583,0.573253525627984,0.999450147151947,0.5244065523147583,0.38214977425070906,0.999450147151947,0.6517026424407959,0.5784595489501954,0.999450147151947,0.3971104621887207,0.5680475023057726,0.99971741437912,0.721942663192749,0.8419587877061632,0.9754788279533386,0.3064674615859985,0.8312166849772136,0.9888328313827516
185,0.524661409854889,0.5729078080919054,0.9994669556617736,0.524661409854889,0.3815861763928401,0.9994669556617736,0.6521106243133545,0.5779205322265625,0.9994669556617736,0.3972121953964233,0.5678950839572483,0.999733030796051,0.7270819664001464,0.8326402452256945,0.9770283102989196,0.3016728639602661,0.8221224466959636,0.9906398057937622
186,0.525060772895813,0.572589365641276,0.9995823502540588,0.525060772895813,0.37994228905063915,0.9995823502540588,0.6534266471862793,0.5766909281412761,0.9995823502540588,0.3966948986053467,0.568487803141276,0.9997652173042296,0.7323743820190429,0.8236728244357638,0.9838836789131165,0.2954947710037231,0.8167260064019097,0.9917535781860352
187,0.5261803865432739,0.5731316248575846,0.9996738433837892,0.5261803865432739,0.381836869728952,0.9996738433837892,0.6536601066589356,0.5767065684000651,0.9996738433837892,0.3987006664276123,0.5695566813151042,0.9997872710227966,0.7391660690307618,0.8187425401475694,0.9877381324768066,0.2879914760589599,0.8146783616807726,0.9927200078964232
188,0.5272915244102478,0.5717774709065755,0.999775230884552,0.5272915244102478,0.38072838603573356,0.999775230884552,0.6546203136444092,0.5748583475748698,0.999775230884552,0.3999627351760864,0.5686965942382812,0.9997767806053162,0.7483118534088135,0.8122715420193143,0.9920044541358948,0.2804307460784912,0.8073028564453125,0.9935670495033264
189,0.5281333446502685,0.5714867697821723,0.999755322933197,0.5281333446502685,0.38006105763345477,0.999755322933197,0.6557187080383301,0.5743345472547743,0.999832034111023,0.400547981262207,0.5686389923095703,0.999755322933197,0.7593164443969727,0.8060034010145399,0.994508683681488,0.2728070735931396,0.7912521362304688,0.9937584400177002
190,0.528109359741211,0.5668664296468099,0.9995647072792052,0.528109359741211,0.3740185936820574,0.9995647072792052,0.6566632747650146,0.5685716417100695,0.9998527765274048,0.3995554447174072,0.5651612175835503,0.9995647072792052,0.7681543350219726,0.7955004374186198,0.9955944418907166,0.2593674182891846,0.7929802788628473,0.9916165471076964
191,0.5275694608688355,0.5641965442233616,0.9995513558387756,0.5275694608688355,0.37218618951970367,0.9995513558387756,0.655543327331543,0.5671045939127605,0.9998948574066162,0.3995955944061279,0.5612884945339627,0.9995513558387756,0.7758987426757813,0.7802816602918837,0.9972489476203918,0.2542901039123535,0.7716548495822483,0.9925497770309448
192,0.5277079582214356,0.5630758709377712,0.9995580315589904,0.5277079582214356,0.36926256530334167,0.9995580315589904,0.6568873882293701,0.5658339606391058,0.9999164342880248,0.398528528213501,0.5603177812364366,0.9995580315589904,0.787819242477417,0.766030036078559,0.9981131553649902,0.2479367494583129,0.7553021748860677,0.9934127926826476
193,0.5276185274124146,0.5619835323757596,0.9995772242546082,0.5276185274124146,0.36628935819679753,0.9995772242546082,0.6580482006072998,0.564922587076823,0.9999333620071412,0.3971888542175293,0.5590444776746962,0.9995772242546082,0.7990365982055664,0.7553101433648004,0.998473346233368,0.2395146131515503,0.743176523844401,0.993514895439148
194,0.5278497457504272,0.5595304277208116,0.9996780157089232,0.5278497457504272,0.3630651374613868,0.9996780157089232,0.6588141441345214,0.5613371531168619,0.9999552965164183,0.396885347366333,0.5577237023247613,0.9996780157089232,0.8062799453735352,0.7388195461697049,0.9992133378982544,0.2250577449798584,0.7332787407769097,0.9957029223442078
195,0.527121651172638,0.5579053243001302,0.9996914863586426,0.527121651172638,0.36290476833200236,0.9996914863586426,0.6570639133453369,0.5617918226453993,0.9999486207962036,0.397179388999939,0.5540188259548611,0.9996914863586426,0.8109662055969238,0.7173967997233073,0.9989830851554872,0.2187531232833862,0.7159372965494791,0.9952946305274964
196,0.5267912387847901,0.5530873192681207,0.9995813965797424,0.5267912387847901,0.3657920315714652,0.9995813965797424,0.6515961170196534,0.5569138420952691,0.9999184608459472,0.4019863605499267,0.5492607964409723,0.9995813965797424,0.7984118461608887,0.6884114583333333,0.9979859590530396,0.2180062532424926,0.6970576816134982,0.9944755434989928
197,0.5273362398147583,0.549214235941569,0.9995984435081482,0.5273362398147583,0.36349132043828136,0.9995984435081482,0.6511476516723633,0.5501925574408637,0.9999343156814576,0.4035248279571533,0.5482359144422743,0.9995984435081482,0.8064633369445801,0.6694430457221137,0.9988501071929932,0.219634747505188,0.6774707370334201,0.9949001669883728
198,0.5270186901092528,0.5444003211127387,0.9994730353355408,0.5270186901092528,0.3659357021109264,0.9994730353355408,0.6459927082061767,0.5451551649305556,0.9998689889907836,0.4080446720123291,0.5436454772949219,0.9994730353355408,0.8090784072875976,0.6561255984836154,0.997395634651184,0.2086946010589599,0.6725135803222656,0.9928491115570068
199,0.5291584968566895,0.5368975957234701,0.9993240833282472,0.5291584968566895,0.3578611933890677,0.9993240833282472,0.6485142707824707,0.537558110555013,0.9998513460159302,0.4098027229309082,0.5362370808919271,0.9993240833282472,0.8103153228759765,0.6382725185818142,0.9976800084114076,0.2279764413833618,0.6528971778021918,0.9915350675582886
200,0.5325780868530273,0.5363014221191407,0.999393105506897,0.5325780868530273,0.3630675354036922,0.999393105506897,0.6480667114257812,0.5359189775254991,0.9997747540473938,0.4170894622802734,0.5366838667127821,0.999393105506897,0.7999722480773925,0.6107910580105251,0.9966192245483398,0.2424251317977905,0.6366359710693359,0.993669331073761
201,0.5319950819015502,0.5343452665540906,0.99946528673172,0.5319950819015502,0.36461469754654485,0.99946528673172,0.6451303482055664,0.5323021782769097,0.9996849298477172,0.4188598155975341,0.5363883548312717,0.99946528673172,0.7805551052093506,0.5836592356363932,0.9965696334838868,0.2471406698226928,0.6317770216200087,0.9956438541412354
202,0.5310259103775025,0.5332329220241971,0.999198853969574,0.5310259103775025,0.3638925996935721,0.999198853969574,0.6438804626464844,0.5302658928765192,0.9997366070747375,0.4181713581085205,0.536199951171875,0.999198853969574,0.7758260726928711,0.5706876542833116,0.9981977343559264,0.2583078622817993,0.6255667792426215,0.9956127405166626
203,0.5313242435455322,0.5331041759914822,0.9992196559906006,0.5313242435455322,0.3604954359279797,0.9992196559906006,0.6463755130767822,0.5308941735161675,0.9997623562812804,0.4162729740142822,0.5353141784667969,0.9992196559906006,0.7963624000549316,0.5671692742241754,0.998009979724884,0.2590456485748291,0.6094466315375434,0.9951776266098022
204,0.530504298210144,0.5327576531304253,0.9993093013763428,0.530504298210144,0.3580778537464414,0.9993093013763428,0.6469079971313476,0.5293625725640191,0.9997931122779846,0.4141005992889404,0.5361527336968316,0.9993093013763428,0.8052497863769531,0.5537810855441623,0.9985878467559814,0.256745719909668,0.5899024115668403,0.9950181245803832
205,0.5306894779205322,0.532003190782335,0.999237060546875,0.5306894779205322,0.3606321538562107,0.999237060546875,0.6449051380157471,0.5293121337890625,0.9997422099113464,0.4164738178253174,0.5346942477756076,0.999237060546875,0.7879999160766602,0.5443053351508247,0.9980092644691468,0.2570749759674072,0.5661915249294704,0.9920092821121216
206,0.5291974544525146,0.5307122972276477,0.9990944862365724,0.5291974544525146,0.36614373625999586,0.9990944862365724,0.6388879776000976,0.5285227457682292,0.9995775818824768,0.4195069313049316,0.532901848687066,0.9990944862365724,0.7724507331848145,0.5323972913953993,0.9942026734352112,0.2861323356628418,0.537825690375434,0.9693787097930908
207,0.5301196098327636,0.530423821343316,0.9988753199577332,0.5301196098327636,0.36530677780059495,0.9988753199577332,0.6401774406433105,0.528315183851454,0.9997169375419616,0.4200617790222168,0.532532458835178,0.9988753199577332,0.7883052349090576,0.5274683210584853,0.9963560104370116,0.2843329668045044,0.5292795817057292,0.9676899313926696
208,0.5299598217010497,0.5291101243760851,0.9987271428108216,0.5299598217010497,0.36339949491741746,0.9987271428108216,0.6404190063476562,0.5273160722520617,0.99972802400589,0.4195006370544433,0.5309041765001085,0.9987271428108216,0.7937309265136718,0.5170600043402778,0.9965303540229796,0.2798772573471069,0.5264042324490017,0.9683080911636353
209,0.5297390460968018,0.527112070719401,0.998556673526764,0.5297390460968018,0.3630867959548056,0.998556673526764,0.6390846252441407,0.526108635796441,0.9997419714927672,0.4203934669494629,0.5281155056423611,0.998556673526764,0.7942625999450683,0.5082351260715061,0.9969075322151184,0.2893161535263061,0.5220840877956814,0.9587035179138184
210,0.5288386344909668,0.5240372551812066,0.9988677501678468,0.5288386344909668,0.36155617044209065,0.9988677501678468,0.6371574401855469,0.5233927408854167,0.9996601343154908,0.4205198287963867,0.5246817694769965,0.9988677501678468,0.7860479831695557,0.5018570793999566,0.9955111742019652,0.2778910875320434,0.5172426859537761,0.9677419662475586
211,0.5283621788024901,0.5237856970893011,0.998902440071106,0.5283621788024901,0.35923314088157554,0.998902440071106,0.6380634307861328,0.5234707302517361,0.999642848968506,0.4186609268188476,0.5241006639268663,0.998902440071106,0.7898459434509277,0.500358623928494,0.9945367574691772,0.2731327056884766,0.5180600060356988,0.9666669368743896
212,0.5276158571243286,0.5234625074598525,0.998971939086914,0.5276158571243286,0.35854605192688543,0.998971939086914,0.6375597000122071,0.5231441921657987,0.9996193647384644,0.4176720142364502,0.5237808227539062,0.998971939086914,0.7881277084350586,0.4965756310356988,0.9941402077674866,0.2743232488632202,0.5156504737006293,0.9620202779769896
213,0.5276161432266235,0.5227752261691623,0.9989732503890992,0.5276161432266235,0.35919562421317297,0.9989732503890992,0.6366679668426514,0.5222542656792535,0.9995631575584412,0.4185643196105957,0.5232961866590712,0.9989732503890992,0.7823098182678223,0.4963814629448784,0.993195652961731,0.2753066062927246,0.5153265211317274,0.963508129119873
214,0.5278770208358765,0.5226692411634657,0.998950719833374,0.5278770208358765,0.35830325510433914,0.998950719833374,0.6374460697174072,0.5213225894504123,0.999566614627838,0.4183079719543457,0.5240158928765191,0.998950719833374,0.7758955955505371,0.4979529910617404,0.994098663330078,0.2760524988174438,0.5155665927463108,0.9622325897216796
215,0.5291091442108153,0.5238683912489149,0.9989506006240844,0.5291091442108153,0.3607034981361704,0.9989506006240844,0.6378791332244873,0.5226695590549045,0.9995331764221193,0.4203391551971435,0.5250672234429253,0.9989506006240844,0.7735514640808105,0.4992182413736979,0.9924883842468262,0.2757753372192383,0.517668448554145,0.9650239944458008
216,0.5287386655807496,0.5237241321139865,0.9989124536514282,0.5287386655807496,0.36357437398802167,0.9989124536514282,0.6354848384857178,0.5216405656602647,0.9995703101158142,0.4219924926757812,0.5258076985677084,0.9989124536514282,0.7696854591369628,0.5020746019151475,0.9948263764381408,0.2776214361190796,0.5235446506076389,0.9700874090194702
217,0.5281259775161743,0.5257460064358181,0.9989314675331116,0.5281259775161743,0.3649565209158445,0.9989314675331116,0.6352686405181884,0.522461658053928,0.9996931552886964,0.4209833145141601,0.5290303548177083,0.9989314675331116,0.7812035560607911,0.5041264004177517,0.9967700242996216,0.2758298397064209,0.5246793535020616,0.9738306999206544
218,0.5279061555862427,0.526323954264323,0.9990371465682985,0.5279061555862427,0.36736269343029015,0.9990371465682985,0.6338564395904541,0.5240738762749566,0.9995731711387634,0.4219558715820312,0.5285740322536893,0.9990371465682985,0.7620622158050537,0.5117460462782119,0.9956068396568298,0.2846428155899048,0.5299309624565972,0.965791404247284
219,0.5282385349273682,0.527772331237793,0.9991639852523804,0.5282385349273682,0.36753358212379056,0.9991639852523804,0.635013198852539,0.5244663238525391,0.9995556473731996,0.4214638710021973,0.5310783386230469,0.9991639852523804,0.7595444679260254,0.5198382907443576,0.9953473210334778,0.2827226638793945,0.5394090440538194,0.9726250767707824
220,0.5277027606964111,0.528479618496365,0.9994561076164246,0.5277027606964111,0.3650850945553997,0.9994561076164246,0.6365717887878418,0.5248449961344401,0.9995245933532716,0.4188337326049804,0.53211424085829,0.9994561076164246,0.7566829681396484,0.5226847330729166,0.9957830905914308,0.2574508666992187,0.5538730621337891,0.9894136190414428
221,0.5288880586624145,0.5299502902560764,0.9994539618492126,0.5288880586624145,0.36441850615078636,0.9994539618492126,0.639139986038208,0.52519285413954,0.9996606111526488,0.4186361312866211,0.5347077263726129,0.9994539618492126,0.7726102828979492,0.5325850592719183,0.997072696685791,0.2515450000762939,0.5780567169189453,0.9936047196388244
222,0.5295026779174805,0.5294058269924588,0.9993770718574524,0.5295026779174805,0.3585056936609915,0.9993770718574524,0.6433098793029786,0.5240443335639106,0.999805748462677,0.4156954765319824,0.5347673204210069,0.9993770718574524,0.8036755561828614,0.5525780995686849,0.997701108455658,0.2516300201416016,0.601907475789388,0.993122398853302
223,0.5307551860809325,0.5287796868218316,0.9994526505470276,0.5307551860809325,0.35797315621513226,0.9994526505470276,0.6444508552551269,0.5224627176920573,0.9997979998588562,0.4170595169067382,0.5350966559516059,0.9994526505470276,0.8021094322204589,0.5625239902072483,0.997584104537964,0.2475095033645629,0.622898186577691,0.9936200976371764
224,0.5310978412628173,0.5290541330973307,0.9994887113571168,0.5310978412628173,0.36197411510227484,0.9994887113571168,0.6423040866851807,0.5227166917588976,0.999795377254486,0.4198915958404541,0.5353915744357639,0.9994887113571168,0.7864212036132813,0.5673915439181858,0.9980679154396056,0.2503307104110718,0.6274021572536892,0.994899332523346
225,0.5313335657119751,0.5308214611477322,0.9995356798171996,0.5313335657119751,0.36093403704791027,0.9995356798171996,0.6444663524627685,0.5254912482367622,0.9998475313186646,0.4182007789611816,0.5361516740587022,0.9995356798171996,0.7945502758026123,0.5818098704020183,0.9981181621551514,0.2476128339767456,0.6313287523057726,0.99456524848938
226,0.530606484413147,0.532197274102105,0.9994303584098816,0.530606484413147,0.35652165158327037,0.9994303584098816,0.6476577281951904,0.5282708062065973,0.9998905658721924,0.4135552406311035,0.5361237419976128,0.9994303584098816,0.8110708236694336,0.6042516496446397,0.998239278793335,0.2456835269927978,0.6315572526719835,0.9914310574531556
227,0.5292553901672363,0.5339615292019314,0.9994460940361024,0.5292553901672363,0.3547124521774619,0.9994460940361024,0.6486562252044678,0.5291093614366319,0.9998693466186525,0.4098545551300049,0.5388136969672309,0.9994460940361024,0.8074742317199707,0.6158304426405165,0.9969857335090636,0.2234097242355346,0.6488366444905599,0.9885051846504213
228,0.5285121440887451,0.5390489366319444,0.9995936751365662,0.5285121440887451,0.35906561612317406,0.9995936751365662,0.6483984470367432,0.5340885162353516,0.9998786449432372,0.408625841140747,0.5440093570285374,0.9995936751365662,0.8083963394165039,0.6281205071343317,0.9971342086791992,0.2085689783096313,0.6593527899848091,0.9937250018119812
229,0.5281659364700317,0.5402488496568467,0.9995717406272888,0.5281659364700317,0.36059466439832966,0.9995717406272888,0.6478591442108155,0.5359758165147569,0.9998993873596193,0.408472728729248,0.5445218827989367,0.9995717406272888,0.8124320983886719,0.6428399827745226,0.9976240992546082,0.2094659328460693,0.6664350721571181,0.9925501346588136
230,0.5281673669815063,0.5416803995768229,0.999614119529724,0.5281673669815063,0.35926794902670683,0.999614119529724,0.6497384071350097,0.5386702643500434,0.9999204874038696,0.4065963268280029,0.5446905348036024,0.999614119529724,0.8163677215576172,0.6545091840955947,0.9979799389839172,0.2166591644287109,0.6724728478325738,0.9932471513748168
231,0.5283376455307007,0.5461011674669054,0.9995667338371276,0.5283376455307007,0.3608566291421261,0.9995667338371276,0.6518204689025879,0.5442727830674913,0.9998973608016968,0.4048548221588134,0.5479295518663194,0.9995667338371276,0.8103256225585938,0.6684443155924479,0.9966030120849608,0.2182952880859375,0.6881490919325087,0.992704689502716
232,0.529068922996521,0.5485441631740995,0.9996740818023682,0.529068922996521,0.35878726337397776,0.9996740818023682,0.6555672645568847,0.5472858428955079,0.99993896484375,0.4025705814361572,0.549802483452691,0.9996740818023682,0.8161874771118164,0.6870937771267361,0.9984816908836364,0.2156753063201904,0.6941105312771267,0.9944380521774292
233,0.5305336713790894,0.5527036243014865,0.99970144033432,0.5305336713790894,0.3587439057412715,0.99970144033432,0.6598304271697998,0.551117918226454,0.9999560117721558,0.4012369155883789,0.5542893303765191,0.99970144033432,0.8211428642272949,0.7032247755262587,0.9990156888961792,0.2165065765380859,0.7067836337619358,0.9949068427085876
234,0.5323180198669434,0.5549192852444118,0.9997137188911438,0.5323180198669434,0.3595898321011197,0.9997137188911438,0.6625365257263184,0.5543768988715277,0.9999555349349976,0.4020995140075684,0.555461671617296,0.9997137188911438,0.8193044662475586,0.7183182610405816,0.9991360306739808,0.2190014123916626,0.712848154703776,0.9952646493911744
235,0.5327264070510864,0.5574373245239257,0.9996671676635742,0.5327264070510864,0.36261309605430236,0.9996671676635742,0.6626056671142578,0.556475830078125,0.9999486207962036,0.402847146987915,0.5583988189697265,0.9996671676635742,0.8138282775878907,0.7270963880750868,0.9989773035049438,0.2250455617904663,0.7208914015028212,0.9946780204772948
236,0.5347183465957641,0.5583541870117188,0.9996228218078612,0.5347183465957641,0.36345184157416355,0.9996228218078612,0.6646531105041504,0.5581682417127821,0.999946355819702,0.4047835826873779,0.5585401323106554,0.9996228218078612,0.8138411521911622,0.7523675706651476,0.9984593391418456,0.2304714918136596,0.7290959676106771,0.9941498041152954
237,0.5339630365371704,0.5576640446980794,0.9995967745780944,0.5339630365371704,0.3641053398845026,0.9995967745780944,0.6630021095275879,0.5575359768337673,0.9999334812164308,0.4049239635467529,0.5577921125623915,0.9995967745780944,0.8022451400756836,0.7543159484863281,0.9981393814086914,0.2364661693572998,0.736201900906033,0.9934049248695374
238,0.5335442781448364,0.5592725329928928,0.9995941519737244,0.5335442781448364,0.36445475528142524,0.9995941519737244,0.6634226322174073,0.5594791836208768,0.99992835521698,0.4036659240722656,0.5590658823649088,0.9995941519737244,0.8001776695251465,0.7562924702962239,0.9978811144828796,0.238534140586853,0.745131089952257,0.9931570887565612
239,0.5339565753936767,0.5597246593899197,0.9996022582054138,0.5339565753936767,0.36561833953191997,0.9996022582054138,0.6633605480194091,0.5599742041693794,0.9999103546142578,0.4045526027679443,0.5594751146104601,0.9996022582054138,0.7936437129974365,0.7612079196506076,0.9971621632575988,0.2440593242645263,0.7553088717990452,0.9925886392593384
240,0.5343489170074462,0.5608730951944987,0.9995827078819276,0.5343489170074462,0.3678075430146227,0.9995827078819276,0.6630550384521484,0.5619186401367188,0.9999008178710938,0.4056427955627441,0.5598275502522786,0.9995827078819276,0.791206169128418,0.77471923828125,0.9963296055793762,0.2493364572525024,0.7651770697699652,0.9919396042823792
241,0.5350933074951172,0.5616787168714735,0.9996077418327332,0.5350933074951172,0.3689271200479328,0.9996077418327332,0.6635922908782959,0.5624100579155816,0.9998825788497924,0.4065943241119384,0.5609473758273654,0.9996077418327332,0.7854033470153808,0.7789218478732639,0.9952378273010254,0.2519163370132446,0.7755022684733073,0.9919254183769226
242,0.5356729984283447,0.5636124716864692,0.9996347427368164,0.5356729984283447,0.3705184119362838,0.9996347427368164,0.6643933296203614,0.5651382022433811,0.999853253364563,0.4069526672363281,0.5620867411295573,0.9996347427368164,0.7781805992126465,0.7867567274305556,0.9934223294258118,0.2572877645492554,0.7843036227756076,0.9920558333396912
243,0.5356674432754517,0.5637786441379123,0.9996697902679444,0.5356674432754517,0.37104652373215186,0.9996697902679444,0.6641551494598389,0.5640886942545573,0.9998507499694824,0.4071797370910645,0.5634685940212674,0.9996697902679444,0.7726535797119141,0.7915089925130209,0.9937793612480164,0.2614709854125976,0.7916876051161025,0.9923628568649292
244,0.5351864576339722,0.5653641806708443,0.9997009038925172,0.5351864576339722,0.37307652151548254,0.9997009038925172,0.6633781433105469,0.5655136108398438,0.9998101592063904,0.4069947719573974,0.5652147505018447,0.9997009038925172,0.7717820167541504,0.7986785888671875,0.9915890097618104,0.2685028791427612,0.7957383897569444,0.9917610883712769
245,0.5345294952392579,0.5669189029269748,0.9997305274009703,0.5345294952392579,0.37442964793472844,0.9997305274009703,0.6628546714782715,0.5674239264594184,0.9997753500938416,0.4062043190002441,0.5664138793945312,0.9997305274009703,0.7671212196350098,0.8032992045084636,0.98979914188385,0.2743309736251831,0.8025692409939236,0.991262435913086
246,0.5336746454238892,0.5672426435682508,0.9997245669364928,0.5336746454238892,0.37524527950336867,0.9997245669364928,0.6616727352142334,0.5674404991997613,0.9997746348381042,0.4056765556335449,0.5670447879367404,0.9997245669364928,0.7635234832763672,0.8074824015299479,0.9892078042030334,0.277269697189331,0.8134685940212674,0.9904198050498962
247,0.532905912399292,0.5696747673882379,0.9997161030769348,0.532905912399292,0.37662946902499733,0.9997161030769348,0.6616024017333985,0.5699859619140625,0.9997161030769348,0.4042094230651855,0.5693635728624132,0.9998095631599426,0.7593849182128907,0.8170875549316406,0.9874112010002136,0.2816112756729126,0.8155407375759549,0.9923487901687622
248,0.5319957971572876,0.5709896087646484,0.9996626377105712,0.5319957971572876,0.3778824652614154,0.9996626377105712,0.6607289791107178,0.5721143934461805,0.9996626377105712,0.4032626152038574,0.5698648240831163,0.9998076558113098,0.7585816860198975,0.8307372199164497,0.9825963973999025,0.284778356552124,0.8209737141927084,0.9909002780914308
249,0.5303326368331909,0.5700743357340495,0.9996490478515624,0.5303326368331909,0.378145632206817,0.9996490478515624,0.6582850456237793,0.570198482937283,0.9996490478515624,0.4023802280426025,0.569950188530816,0.9998206496238708,0.7510986804962159,0.8239390903049045,0.9842065572738647,0.2891343116760254,0.822255367702908,0.9915458559989928
250,0.5295257568359375,0.5697917726304795,0.9996346235275269,0.5295257568359375,0.37816887715182673,0.9996346235275269,0.6572737216949462,0.5701936509874131,0.9996346235275269,0.4017777919769287,0.569389894273546,0.9998045563697816,0.7481495380401612,0.8275712754991319,0.9841065406799316,0.2910750150680542,0.825301530626085,0.9912394881248474
251,0.5285684823989868,0.56981324089898,0.9996023774147034,0.5285684823989868,0.3785951174894812,0.9996023774147034,0.6560468673706055,0.5701178656684027,0.9996023774147034,0.4010900974273682,0.5695086161295573,0.9997888207435608,0.7431364059448242,0.8256341722276476,0.9831141233444214,0.2953266143798828,0.8261544121636285,0.9913206696510316
252,0.5275921821594238,0.5690514458550346,0.999560534954071,0.5275921821594238,0.37853934382460375,0.999560534954071,0.6546001434326172,0.5692161136203342,0.999560534954071,0.4005842208862304,0.5688867780897352,0.999774158000946,0.7403727531433105,0.8315688239203559,0.9815434813499452,0.298350977897644,0.828965081108941,0.9905421137809752
253,0.5269841194152832,0.5690020455254449,0.9995068311691284,0.5269841194152832,0.3788132353519954,0.9995068311691284,0.653775978088379,0.569417741563585,0.9995068311691284,0.4001922607421875,0.5685863494873047,0.9997604489326476,0.736836576461792,0.8318787468804254,0.9799548983573914,0.3022590160369873,0.8317780388726128,0.9897363185882568
254,0.5260717391967773,0.5679492526584201,0.9994465708732604,0.5260717391967773,0.37893059312237387,0.9994465708732604,0.6520833015441895,0.5684194776746961,0.9994465708732604,0.4000601768493652,0.5674790276421441,0.99977308511734,0.732749080657959,0.831226094563802,0.978460967540741,0.3054579257965087,0.8341783311631944,0.9900798797607422
255,0.5257729530334473,0.5699831008911134,0.9994531273841858,0.5257729530334473,0.379868786469686,0.9994531273841858,0.6525118350982666,0.5709893120659723,0.9994531273841858,0.3990340709686279,0.5689768897162544,0.999756157398224,0.7326460838317871,0.839888678656684,0.9774178862571716,0.3084673881530761,0.8392319573296441,0.988657534122467
256,0.5253880977630615,0.5708225462171767,0.9994438290596008,0.5253880977630615,0.38109600649821546,0.9994438290596008,0.6518646240234375,0.57223023308648,0.9994438290596008,0.3989115715026855,0.5694148593478733,0.999760925769806,0.7298830032348633,0.8383165995279948,0.9774682521820068,0.3100311517715454,0.8426778157552083,0.9887675642967224
257,0.5249955534934998,0.5708317650689019,0.9994020462036132,0.5249955534934998,0.3829867177690104,0.9994020462036132,0.6502069473266602,0.5729922400580512,0.9994020462036132,0.3997841596603393,0.5686712900797526,0.9997383952140808,0.7265396118164062,0.843900638156467,0.9740549325942992,0.3129590272903442,0.8415690104166667,0.98874694108963
258,0.5247499465942382,0.5705795288085938,0.9993767142295836,0.5247499465942382,0.3833040517168127,0.9993767142295836,0.6495741844177246,0.5731313069661458,0.9993767142295836,0.3999257087707519,0.5680277506510417,0.9997321963310242,0.7240010261535644,0.8443795945909288,0.9724788069725036,0.314617395401001,0.8411922878689236,0.9892476201057434
259,0.5250210762023926,0.5712367587619358,0.9993942975997924,0.5250210762023926,0.38373221777723443,0.9993942975997924,0.6500018119812012,0.5735973782009549,0.9993942975997924,0.400040340423584,0.5688761393229167,0.999729573726654,0.7216238498687744,0.8449493408203125,0.9740766882896424,0.3163101196289062,0.8436314053005642,0.9898235201835632
260,0.5257035970687867,0.5710774103800456,0.9993871450424194,0.5257035970687867,0.38292346259730975,0.9993871450424194,0.6511271476745606,0.5728421529134115,0.9993871450424194,0.4002800464630127,0.5693126678466797,0.9997150301933287,0.720890474319458,0.8467364841037326,0.9756102561950684,0.3184277296066284,0.8431997511121961,0.9901502132415771
261,0.525995135307312,0.5707722134060329,0.999403715133667,0.525995135307312,0.3828957259732184,0.999403715133667,0.6512363910675049,0.5723338656955295,0.999403715133667,0.4007538795471191,0.5692105611165365,0.999710977077484,0.718678092956543,0.8454425387912327,0.976789653301239,0.3203661441802978,0.8437726338704427,0.9903022646903992
262,0.5264521598815918,0.5717394510904947,0.9994183778762816,0.5264521598815918,0.3840335559704708,0.9994183778762816,0.6515832901000976,0.5729783799913194,0.9994183778762816,0.4013210296630859,0.5705005221896702,0.9997265934944152,0.7175136566162109,0.845813496907552,0.9774407744407654,0.321906590461731,0.8459530300564236,0.9907978773117064
263,0.5258575677871704,0.5718595928615994,0.9993809461593628,0.5258575677871704,0.3854786482705314,0.9993809461593628,0.6501111030578614,0.5721856435139974,0.9993809461593628,0.4016040325164794,0.5715335422092014,0.9997220635414124,0.715808916091919,0.8484268188476562,0.9753807187080384,0.3236284255981445,0.8466754489474826,0.9902442693710328
264,0.5271622657775878,0.5732153150770399,0.9994124174118042,0.5271622657775878,0.38586891985210525,0.9994124174118042,0.652056884765625,0.5740777757432726,0.9994124174118042,0.4022676467895508,0.5723528544108073,0.9997050166130066,0.7152216911315918,0.8521346198187933,0.9779886603355408,0.3247863054275512,0.8493933783637153,0.9907345771789552
265,0.527467155456543,0.5745389726426866,0.9994221925735474,0.527467155456543,0.38750870012533806,0.9994221925735474,0.6521368026733398,0.5766100141737196,0.9994221925735474,0.4027975082397461,0.5724679311116536,0.9997130036354064,0.7141138076782226,0.8560532463921441,0.9778113961219788,0.327074384689331,0.8474159240722656,0.9905933737754822
266,0.5277349233627319,0.5746968375311958,0.9993934631347656,0.5277349233627319,0.38712538186686857,0.9993934631347656,0.6527698040008545,0.5764829423692491,0.9993934631347656,0.4027000427246093,0.5729107326931424,0.9997075200080872,0.7133667945861817,0.8568767971462674,0.97699373960495,0.3292168140411377,0.848262447781033,0.9904346466064452
267,0.5276837825775147,0.5751705805460612,0.9993884563446044,0.5276837825775147,0.3881272405815269,0.9993884563446044,0.6523547172546387,0.5776486290825738,0.9993884563446044,0.4030128479003906,0.5726925320095486,0.9996988773345948,0.7121477127075195,0.8576910230848525,0.9767518043518066,0.3301278591156006,0.8484544542100695,0.9905024766921996
268,0.5279292821884155,0.57645509507921,0.9993529915809632,0.5279292821884155,0.38959970815721057,0.9993529915809632,0.6524487972259522,0.5800103081597222,0.9993529915809632,0.4034097671508789,0.5728998819986979,0.9997201561927797,0.7108192920684815,0.8563760545518663,0.9755582809448242,0.3319430828094482,0.8480819702148438,0.9909082651138306
269,0.5284172773361205,0.576714981926812,0.999342143535614,0.5284172773361205,0.3895676894516644,0.999342143535614,0.6531155109405518,0.5807918972439237,0.999342143535614,0.4037190437316894,0.5726380666097005,0.999717652797699,0.7104055881500244,0.8610605875651042,0.974898636341095,0.3329870700836181,0.8489013671875,0.9908738136291504
270,0.5289768695831298,0.5750275505913629,0.9993059635162354,0.5289768695831298,0.3878540055483901,0.9993059635162354,0.653734540939331,0.5775098164876302,0.9993059635162354,0.4042191982269287,0.5725452846950955,0.9997201561927797,0.7079887866973877,0.8558289421929254,0.9759570956230164,0.3345005989074707,0.8490348815917969,0.9912521243095398
271,0.5291902780532837,0.5743596606784397,0.9992988109588624,0.5291902780532837,0.3879216350039843,0.9992988109588624,0.653456449508667,0.5768942515055339,0.9992988109588624,0.4049241065979004,0.5718250698513455,0.9997203946113586,0.7065932273864746,0.8565130445692274,0.9764446020126344,0.3357862949371338,0.8493024190266927,0.9913123250007628
272,0.5289119720458985,0.5749152501424153,0.9992451667785645,0.5289119720458985,0.3895212727590071,0.9992451667785645,0.6524697303771972,0.5779889848497178,0.9992451667785645,0.4053542137145996,0.5718415154351129,0.9997186064720154,0.7049609184265136,0.8570648193359375,0.9752638339996338,0.3377342224121094,0.8496420118543837,0.9909301400184632
273,0.5288690805435181,0.5755351808336047,0.9992159605026244,0.5288690805435181,0.39074067929452816,0.9992159605026244,0.6520188808441162,0.5789209577772353,0.9992159605026244,0.4057192802429199,0.5721494038899739,0.9997143149375916,0.70386962890625,0.8567971971299914,0.9744042158126832,0.339152717590332,0.8502740648057726,0.9905382394790648
274,0.5289246559143066,0.5766522725423178,0.999201476573944,0.5289246559143066,0.39196125317519237,0.999201476573944,0.6520007610321045,0.5802041371663411,0.999201476573944,0.4058485507965088,0.5731004079182943,0.999700665473938,0.7035389900207519,0.8559953477647569,0.9724063277244568,0.3404791355133056,0.8522111680772569,0.9894202947616576
275,0.5290131330490112,0.5776041666666667,0.9991408586502076,0.5290131330490112,0.39285269720762056,0.9991408586502076,0.6521085262298584,0.5818223741319445,0.9991408586502076,0.405917739868164,0.5733859592013889,0.9997032284736632,0.7030434608459473,0.8575429280598958,0.9697179198265076,0.3412476778030395,0.8529149373372396,0.9887774586677552
276,0.5292428970336914,0.5786780039469401,0.9991058707237244,0.5292428970336914,0.39414146060362454,0.9991058707237244,0.6521494865417481,0.584059821234809,0.9991058707237244,0.4063363075256347,0.5732961866590712,0.9997020363807678,0.7025447845458984,0.8605717129177517,0.9667860269546508,0.3416741371154785,0.8538863288031684,0.9885722398757936
277,0.5297724008560181,0.5790285534328885,0.9990849494934082,0.5297724008560181,0.3948260556585389,0.9990849494934082,0.6524470329284668,0.584612782796224,0.9990849494934082,0.4070977687835693,0.5734443240695529,0.9996981620788574,0.702597188949585,0.8598214891221788,0.9654607772827148,0.3419728279113769,0.8535814073350695,0.988329529762268
278,0.5297224044799804,0.5791751861572265,0.9990739822387696,0.5297224044799804,0.3954500163783179,0.9990739822387696,0.6520534992218018,0.5852823893229167,0.9990739822387696,0.4073913097381592,0.5730679829915365,0.9996987581253052,0.7022555351257325,0.8599490695529514,0.9652310609817504,0.3418201446533203,0.8535074022081163,0.9883580803871156
279,0.5297441959381104,0.5790533913506402,0.9990801811218262,0.5297441959381104,0.39545951784992694,0.9990801811218262,0.6519991874694824,0.5849251217312283,0.9990801811218262,0.4074892044067383,0.5731816609700521,0.9997017979621888,0.7024714469909668,0.8607511732313368,0.9651504755020142,0.3416131973266602,0.8537228054470486,0.9883843660354614
280,0.5296772956848145,0.5789467281765408,0.999100923538208,0.5296772956848145,0.3955411266951172,0.999100923538208,0.6518280982971192,0.5843534257676867,0.999100923538208,0.4075264930725097,0.5735400305853949,0.999699592590332,0.7022068500518799,0.8578220791286892,0.9664162397384644,0.3409716129302979,0.8529202779134114,0.9883129000663756
281,0.529739260673523,0.5781618965996637,0.9991552829742432,0.529739260673523,0.3953434298331495,0.9991552829742432,0.6514955043792725,0.5836302015516494,0.9991552829742432,0.4079830169677734,0.572693591647678,0.9997028708457948,0.7024304389953613,0.8571643405490451,0.969416618347168,0.3407256126403808,0.8523161146375868,0.9891408681869508
282,0.5295615196228027,0.5776061164008246,0.999210000038147,0.5295615196228027,0.3948427765624905,0.999210000038147,0.65132737159729,0.5819195217556423,0.999210000038147,0.4077956676483154,0.573292711046007,0.9997040629386902,0.7023872852325439,0.8539857652452257,0.9729545712471008,0.3401444673538208,0.850297376844618,0.990132212638855
283,0.5294672727584839,0.5773820877075195,0.9992257356643676,0.5294672727584839,0.39455062771257665,0.9992257356643676,0.6512965679168701,0.5811529795328776,0.9992257356643676,0.4076379776000977,0.5736111958821615,0.9997239708900452,0.7032512664794922,0.8535118103027344,0.9741438627243042,0.3379977703094482,0.8486590915256076,0.9909237027168274
284,0.5291918039321899,0.5771641413370768,0.9992591738700868,0.5291918039321899,0.3939179488414003,0.9992591738700868,0.651302433013916,0.5807791815863715,0.9992591738700868,0.4070811748504638,0.5735491010877821,0.999734342098236,0.703735637664795,0.8527452256944444,0.975555181503296,0.3358935832977295,0.8478960673014323,0.9914411306381226
285,0.5291907310485839,0.5768141216701932,0.9993602633476256,0.5291907310485839,0.39319092090215135,0.9993602633476256,0.6515478134155274,0.5805944654676649,0.9993602633476256,0.4068336486816406,0.5730337778727214,0.9997413754463196,0.7059667110443115,0.8573493957519531,0.9770062565803528,0.3331650257110595,0.8463266160753038,0.9920424818992616
286,0.5291398525238037,0.5768441942003038,0.9993736147880554,0.5291398525238037,0.3931133775891126,0.9993736147880554,0.6515645980834961,0.5807555304633246,0.9993736147880554,0.4067151069641113,0.572932857937283,0.9997383952140808,0.7088466167449952,0.8597296820746527,0.9753924012184144,0.3299004554748535,0.8443671332465278,0.9916967153549194
287,0.5290304183959961,0.5755594041612413,0.999401330947876,0.5290304183959961,0.3921783751927978,0.999401330947876,0.651246166229248,0.5786181979709202,0.999401330947876,0.4068146705627441,0.5725006103515625,0.9997549653053284,0.7113688468933106,0.8519031100802952,0.9760344624519348,0.3259287595748901,0.8417726304796007,0.9914347529411316
288,0.528736662864685,0.575049082438151,0.9994768500328064,0.528736662864685,0.3923035932047937,0.9994768500328064,0.6505372524261475,0.5777406904432508,0.9994768500328064,0.4069360733032227,0.5723574744330512,0.999749481678009,0.7151781558990479,0.8468890719943576,0.9783888459205629,0.3200829982757568,0.8342500474717882,0.991960346698761
289,0.5285084247589111,0.5753555509779189,0.999551236629486,0.5285084247589111,0.3921926459126919,0.999551236629486,0.6505543708801269,0.5792668236626519,0.999551236629486,0.4064624786376953,0.5714442782931858,0.9997518658638,0.722081184387207,0.8508335537380642,0.9789413213729858,0.3152429103851318,0.8296700371636285,0.9913462996482848
290,0.528398060798645,0.5729561275906033,0.9995926022529602,0.528398060798645,0.3905823686044825,0.9995926022529602,0.6499312877655029,0.5764174143473307,0.9995926022529602,0.4068648338317871,0.5694948408338759,0.9997811913490297,0.7275723457336426,0.8390087551540799,0.9830852150917052,0.3078043460845947,0.824664052327474,0.9920094013214112
291,0.528777813911438,0.5721723768446181,0.9996234178543092,0.528777813911438,0.38877868947704697,0.9996234178543092,0.6509641647338867,0.5764856550428602,0.9996234178543092,0.4065914630889892,0.5678590986463758,0.9997766613960266,0.7344330310821533,0.8342245313856337,0.9838825464248656,0.300053071975708,0.8145343356662327,0.9932143688201904
292,0.5298379898071289,0.5707115809122721,0.999716579914093,0.5298379898071289,0.3853002579089597,0.999716579914093,0.6533988952636719,0.5741069793701172,0.999716579914093,0.4062770843505859,0.567316182454427,0.9997898936271667,0.7417703151702881,0.8277476840549045,0.9870758652687072,0.2927694082260131,0.8085705227322049,0.9943026304244996
293,0.5305296421051026,0.5702259487575955,0.9997708201408386,0.5305296421051026,0.38423227474633914,0.9997708201408386,0.6544909477233887,0.5731497870551215,0.9997708201408386,0.4065683364868164,0.5673021104600694,0.9998032450675964,0.7516175270080566,0.8221021864149306,0.9895837903022766,0.2834300756454467,0.802896711561415,0.9949146509170532
294,0.530770206451416,0.5683267169528537,0.9997798800468444,0.530770206451416,0.3823133360832628,0.9997798800468444,0.6547678947448731,0.5699957529703776,0.9998338222503662,0.406772518157959,0.5666576809353299,0.9997798800468444,0.7588035583496093,0.808660888671875,0.993572473526001,0.2741703271865844,0.7886557685004341,0.9955734014511108
295,0.0206487119197845,0.337804094950358,0.4017837643623352,0.0206487119197845,0.30628879233759776,0.4017837643623352,0.0,0.3339234670003255,0.4017837643623352,0.041297423839569,0.3416847229003906,0.9825814366340636,0.0243135705590248,0.3320309533013237,0.113730140030384,0.0801940441131591,0.3521396213107639,0.9791472554206848
296,0.5279472351074219,0.5608925925360786,0.9995967745780944,0.5279472351074219,0.37400210491580205,0.9995967745780944,0.6525394439697265,0.5614935980902778,0.999923586845398,0.4033550262451172,0.5602915869818793,0.9995967745780944,0.7749575138092041,0.784434339735243,0.99793940782547,0.2550862312316894,0.7592443678114149,0.9948707818984984
297,0.5289199113845825,0.5602829827202691,0.9996119141578674,0.5289199113845825,0.3730389994880793,0.9996119141578674,0.6537486553192139,0.5606629265679254,0.9999450445175172,0.4040911674499511,0.5599030388726128,0.9996119141578674,0.7860631942749023,0.7656422932942708,0.9988526105880736,0.2501409769058227,0.7382717556423611,0.99547678232193
298,0.5290318012237549,0.559928109910753,0.9996834993362428,0.5290318012237549,0.36976699940748115,0.9996834993362428,0.6558012008666992,0.5610167185465494,0.9999545812606812,0.4022624015808105,0.5588395012749566,0.9996834993362428,0.7949971199035645,0.7518096923828125,0.9991928935050964,0.2392479419708252,0.7259170532226562,0.9958114624023438
299,0.5290106534957886,0.5573696348402235,0.9996893405914308,0.5290106534957886,0.36540050374514566,0.9996893405914308,0.6569900512695312,0.5574462890625,0.9999618530273438,0.4010312557220459,0.5572929806179471,0.9996893405914308,0.8012519836425781,0.7308853149414063,0.9994254112243652,0.2279836177825927,0.7106320699055989,0.9966037273406982
300,0.5280405044555664,0.5559596379597982,0.999687433242798,0.5280405044555664,0.3670088925304593,0.999687433242798,0.6540026187896728,0.5570874955919054,0.9999592304229736,0.4020783901214599,0.554831780327691,0.999687433242798,0.8012975692749024,0.7126391092936198,0.9993684887886048,0.2257701158523559,0.6949732462565105,0.9966901540756226
301,0.5271928787231446,0.5525889078776042,0.9996449947357178,0.5271928787231446,0.3667873142987712,0.9996449947357178,0.6510578632354737,0.5534134758843317,0.999951958656311,0.4033278942108154,0.5517643398708767,0.9996449947357178,0.8070289611816406,0.690504625108507,0.9990097284317015,0.2245166778564453,0.6845041063096788,0.995855987071991
302,0.5271707773208618,0.5503017425537109,0.9996942281723022,0.5271707773208618,0.3661913872093961,0.9996942281723022,0.6499093532562256,0.5509402804904514,0.999941110610962,0.404432201385498,0.5496632046169705,0.9996942281723022,0.809775447845459,0.6673705630832248,0.9984979629516602,0.2192337274551391,0.6715777079264323,0.9959927797317504
303,0.528360390663147,0.5440799713134765,0.9996652603149414,0.528360390663147,0.366069199630478,0.9996652603149414,0.6470185279846191,0.5460109286838107,0.9999208450317384,0.4097022533416748,0.5421490139431424,0.9996652603149414,0.810973834991455,0.6533321804470487,0.9980469942092896,0.2330625534057617,0.654829830593533,0.9953782558441162
304,0.5299117088317871,0.541629261440701,0.9996104836463928,0.5299117088317871,0.3639143734789849,0.9996104836463928,0.6483871459960937,0.542152362399631,0.9999150037765504,0.4114362716674805,0.5411061604817708,0.9996104836463928,0.808922290802002,0.6349011739095052,0.9986096620559692,0.241900634765625,0.6304237789577908,0.9955872297286988
305,0.5313225030899047,0.5408578660753038,0.999630093574524,0.5313225030899047,0.36494987186975514,0.999630093574524,0.64858980178833,0.5398082309299045,0.9998968839645386,0.4140552043914794,0.5419075012207031,0.999630093574524,0.8186643600463868,0.6237970564100478,0.9984112977981568,0.2411604166030883,0.6262841966417101,0.9959012866020204
306,0.5293904304504394,0.5370044284396702,0.9995548129081726,0.5293904304504394,0.362916729383758,0.9995548129081726,0.6454357624053955,0.5352584415011936,0.9998384714126588,0.4133450984954834,0.5387504153781467,0.9995548129081726,0.8019570350646973,0.589250734117296,0.9978513717651368,0.2435806512832641,0.6168607499864366,0.9959653615951538
307,0.530399489402771,0.535286119249132,0.9994745850563048,0.530399489402771,0.36067220115064363,0.9994745850563048,0.6468059062957764,0.5344698588053386,0.999829888343811,0.4139930725097656,0.5361023796929254,0.9994745850563048,0.803071403503418,0.5755013359917535,0.9982187151908876,0.2547277688980102,0.5988986968994141,0.9957361221313475
308,0.5291654825210571,0.5343619876437717,0.9994624257087708,0.5291654825210571,0.35674085449225085,0.9994624257087708,0.6475762367248535,0.5334733327229818,0.9997977614402772,0.4107547283172607,0.5352506425645617,0.9994624257087708,0.8125385284423828,0.5621040344238282,0.9970694184303284,0.2497619152069091,0.576552497016059,0.994560182094574
309,0.5285251379013061,0.5308497111002604,0.9994627833366394,0.5285251379013061,0.3564183713260359,0.9994627833366394,0.644789171218872,0.5285106658935547,0.9997591376304626,0.4122611045837402,0.5331887563069662,0.9994627833366394,0.7953265190124512,0.5423413594563802,0.9970546960830688,0.2428331613540649,0.5653443230523003,0.993906557559967
310,0.5281020402908325,0.5303787867228189,0.9993070363998412,0.5281020402908325,0.35883087104769607,0.9993070363998412,0.6424602508544922,0.5291074540879991,0.9997233748435974,0.4137438297271728,0.5316501193576388,0.9993070363998412,0.788089370727539,0.5290075090196398,0.9969467520713806,0.2457154273986816,0.5375211503770616,0.9926276803016664
311,0.5266657829284669,0.5281345579359267,0.9992345571517944,0.5266657829284669,0.36027740875160175,0.9992345571517944,0.6385653495788575,0.5270558251274957,0.9997033476829528,0.4147662162780762,0.5292132907443576,0.9992345571517944,0.7840376853942871,0.5218857235378689,0.9969266057014464,0.2532890796661377,0.5317362467447917,0.9904993176460266
312,0.5252705812454224,0.5264758004082575,0.999030828475952,0.5252705812454224,0.3607659945755138,0.999030828475952,0.6357430458068848,0.5260716332329645,0.9997405409812928,0.4147981166839599,0.5268799675835504,0.999030828475952,0.7850001335144043,0.5135410308837891,0.9974543452262878,0.2616436719894409,0.5283226860894097,0.9873637557029724
313,0.5243080139160157,0.5254379696316189,0.9988256096839904,0.5243080139160157,0.36109127782415273,0.9988256096839904,0.6338723182678223,0.5252525753445095,0.9997498393058776,0.414743709564209,0.5256233639187283,0.9988256096839904,0.791695499420166,0.5078212314181858,0.996682107448578,0.2704577445983886,0.515853034125434,0.9696322083473206
314,0.5240445375442504,0.5244482040405274,0.9987592697143556,0.5240445375442504,0.3601400945817985,0.9987592697143556,0.6335830211639404,0.5246850331624349,0.9997710585594176,0.4145060539245605,0.5242113749186198,0.9987592697143556,0.797588300704956,0.504329596625434,0.9967124462127686,0.2813508987426757,0.5108430650499132,0.9631538987159728
315,0.524481987953186,0.522513665093316,0.9983912110328674,0.524481987953186,0.3592368380326736,0.9983912110328674,0.6333314895629882,0.5231249491373698,0.9997860789299012,0.4156324863433838,0.5219023810492621,0.9983912110328674,0.8020244598388672,0.5011340671115452,0.9959567189216614,0.2952778339385986,0.5048477596706814,0.9424756169319152
316,0.5241608619689941,0.52177062564426,0.998308539390564,0.5241608619689941,0.35832164389873367,0.998308539390564,0.6331249237060547,0.5224185095893012,0.9997954964637756,0.4151968002319336,0.5211227416992188,0.998308539390564,0.8038157463073731,0.500494384765625,0.9959039092063904,0.3000889539718628,0.5038644578721788,0.9407148361206056
317,0.5241384506225586,0.5211345036824544,0.998339056968689,0.5241384506225586,0.35778526892353946,0.998339056968689,0.6330358505249023,0.5218091752794054,0.9998064637184144,0.4152410507202148,0.5204598320855035,0.998339056968689,0.8042308807373046,0.5005025227864583,0.9964014291763306,0.2998122215270996,0.5033007303873698,0.9424896240234376
318,0.5243165016174316,0.5201634936862521,0.9981275200843812,0.5243165016174316,0.3586487151532215,0.9981275200843812,0.631991195678711,0.5207903967963324,0.9998038411140442,0.4166418075561523,0.5195365905761719,0.9981275200843812,0.8020105361938477,0.499826176961263,0.9961989521980286,0.3025779485702514,0.5035164727105035,0.9319077730178832
319,0.5243448734283447,0.5201494216918945,0.9980685114860536,0.5243448734283447,0.36009640146049526,0.9980685114860536,0.6310465335845947,0.5204240163167317,0.9998002648353576,0.4176432132720947,0.5198748270670573,0.9980685114860536,0.7967461585998535,0.5020562489827474,0.996610462665558,0.2993391036987304,0.5041358523898655,0.933472216129303
320,0.5242604494094849,0.5219879998101129,0.9984024167060852,0.5242604494094849,0.36029043829340507,0.9984024167060852,0.6320587158203125,0.521835454305013,0.9997978806495668,0.4164621829986572,0.5221405453152127,0.9984024167060852,0.7979575157165527,0.5050937228732639,0.9968132376670836,0.2801236867904663,0.5115779452853733,0.9570420980453492
321,0.5248372554779053,0.5246823416815863,0.9987143278121948,0.5248372554779053,0.3601855421761724,0.9987143278121948,0.6344958305358886,0.5235392252604166,0.9997795224189758,0.4151786804199219,0.525825458102756,0.9987143278121948,0.7974822998046875,0.5076459248860677,0.9972386360168456,0.269782543182373,0.5251508924696181,0.9809906482696532
322,0.524888563156128,0.5258286370171441,0.9985647797584534,0.524888563156128,0.3660632577817087,0.9985647797584534,0.6313902378082276,0.5244768778483073,0.9997612833976746,0.4183868885040283,0.5271803961859809,0.9985647797584534,0.7747475624084472,0.5166996849907769,0.997589111328125,0.2807098865509033,0.5268646240234375,0.9678910374641418
323,0.525697898864746,0.5281227747599284,0.9986969828605652,0.525697898864746,0.36539345694057823,0.9986969828605652,0.6341534614562988,0.525544187757704,0.9997023940086364,0.4172423362731933,0.5307013617621528,0.9986969828605652,0.7659257888793946,0.524286354912652,0.997073769569397,0.2724615335464477,0.5391864352756076,0.9768412709236144
324,0.5260068893432617,0.53180054558648,0.9991322159767152,0.5260068893432617,0.3604912150609981,0.9991322159767152,0.6401818275451661,0.529127671983507,0.9997556805610656,0.4118319511413574,0.5344734191894531,0.9991322159767152,0.7901299476623536,0.5344186570909288,0.997297465801239,0.2533311605453491,0.5586484697129991,0.993596076965332
325,0.5258677721023559,0.5334118313259548,0.9993377327919006,0.5258677721023559,0.36385222473453516,0.9993377327919006,0.638868761062622,0.5304523044162326,0.99977046251297,0.4128667831420898,0.536371358235677,0.9993377327919006,0.7906090259552002,0.5486647711859809,0.9980238676071168,0.2527511596679687,0.5827233632405598,0.9968223571777344
326,0.5263898372650146,0.5334451463487413,0.9992684721946716,0.5263898372650146,0.3633805021893277,0.9992684721946716,0.6397261142730712,0.5304280175103082,0.9997883439064026,0.413053560256958,0.5364622751871745,0.9992684721946716,0.797612476348877,0.5628295474582248,0.9977668523788452,0.2515384674072266,0.6043212042914496,0.9956287145614624
327,0.5250401020050048,0.5328570471869575,0.9993855953216552,0.5250401020050048,0.36321521625447445,0.9993855953216552,0.6381051063537597,0.5302719116210938,0.9998111128807068,0.41197509765625,0.5354421827528212,0.9993855953216552,0.8024410247802735,0.5697035047743055,0.9978014826774596,0.2481135129928589,0.613790300157335,0.995564579963684
328,0.5256517648696899,0.5339802424112956,0.9994304776191713,0.5256517648696899,0.36753438502450125,0.9994304776191713,0.6365923404693603,0.5317049662272135,0.999842643737793,0.4147111892700195,0.5362555185953776,0.9994304776191713,0.7942145347595215,0.5787739647759331,0.9985264539718628,0.2483546495437622,0.6232108645968967,0.996282160282135
329,0.5248558759689331,0.5356093512641059,0.9994590878486632,0.5248558759689331,0.3663518770400136,0.9994590878486632,0.6376675605773926,0.533157942030165,0.9998729228973388,0.4120441913604736,0.5380607604980469,0.9994590878486632,0.7998503684997559,0.5982693142361111,0.9984984397888184,0.2386670112609863,0.6307819366455079,0.99573814868927
330,0.5245764255523682,0.5364266501532661,0.9994837045669556,0.5245764255523682,0.36424606685946503,0.9994837045669556,0.6393611907958985,0.5357015397813585,0.999893307685852,0.4097916603088379,0.5371517605251737,0.9994837045669556,0.8075135231018067,0.6172687106662327,0.9984715580940248,0.2405924320220947,0.6288101196289062,0.9948246479034424
331,0.5236703157424927,0.5392597198486329,0.9994937181472778,0.5236703157424927,0.3632263102236331,0.9994937181472778,0.6410258769989013,0.5391567654079861,0.9999300241470336,0.406314754486084,0.5393626742892795,0.9994937181472778,0.8083979606628418,0.6303902520073785,0.9986867308616638,0.2292078495025634,0.642847400241428,0.9948415160179138
332,0.5236682653427124,0.5437514834933811,0.9995906949043274,0.5236682653427124,0.3618234727611887,0.9995906949043274,0.644944429397583,0.5422595553927951,0.9999300241470336,0.4023921012878418,0.545243411593967,0.9995906949043274,0.8097169876098633,0.6459238688151042,0.998609185218811,0.2121118783950805,0.6619607289632161,0.9958154559135436
333,0.5219150066375733,0.5455113304985895,0.9996078610420228,0.5219150066375733,0.36331765119251774,0.9996078610420228,0.643372917175293,0.5444608900282119,0.999935507774353,0.4004570960998535,0.546561770968967,0.9996078610420228,0.8063003540039062,0.6566077338324653,0.998514711856842,0.2126272439956665,0.6785389370388455,0.9956403970718384
334,0.521408224105835,0.5495255364312066,0.999573051929474,0.521408224105835,0.36626410661807196,0.999573051929474,0.6435732841491699,0.5480240715874566,0.9999394416809082,0.3992431640625,0.5510270012749566,0.999573051929474,0.8062577247619629,0.6660441080729167,0.9983022212982178,0.2125003099441528,0.692724100748698,0.9948559999465942
335,0.5201758861541748,0.5515034357706705,0.9996104836463928,0.5201758861541748,0.3663084868457156,0.9996104836463928,0.6436343669891358,0.5504126654730903,0.9999531507492064,0.3967174053192138,0.5525942060682508,0.9996104836463928,0.804139232635498,0.6793702019585504,0.9989067316055298,0.2118269205093383,0.7051328870985243,0.995368480682373
336,0.5189258813858032,0.5542643441094293,0.999659299850464,0.5189258813858032,0.3684868407888626,0.999659299850464,0.6427775382995605,0.5543187883165147,0.9999620914459229,0.3950742244720459,0.5542098999023437,0.999659299850464,0.8016923904418946,0.6888663397894965,0.999202311038971,0.2116320371627807,0.7113335503472222,0.9954522252082824
337,0.5184731960296631,0.5530055363972981,0.9996436834335328,0.5184731960296631,0.37043259228424213,0.9996436834335328,0.6401880264282227,0.5533422258165147,0.9999635219573976,0.3967583656311035,0.5526688469780816,0.9996436834335328,0.7924638748168945,0.6942373487684462,0.9994736313819884,0.2186038732528686,0.7168220520019531,0.9959543943405152
338,0.5186680793762206,0.5531582090589735,0.9996175765991212,0.5186680793762206,0.37030471356711525,0.9996175765991212,0.6405682563781738,0.5524336496988932,0.9999669790267944,0.3967679023742675,0.5538827684190538,0.9996175765991212,0.7879730224609375,0.7010565016004774,0.9996032118797302,0.2269318580627441,0.7230744255913628,0.9959810972213744
339,0.5186295986175536,0.5541854858398437,0.9995864033699036,0.5186295986175536,0.36968074670266526,0.9995864033699036,0.6416315555572509,0.553641594780816,0.9999656677246094,0.3956276416778564,0.5547293768988715,0.9995864033699036,0.7894370079040527,0.7141220940483941,0.9995429515838624,0.2330960035324096,0.725812021891276,0.9951321482658386
340,0.5194954395294189,0.5547161738077799,0.9995248317718506,0.5194954395294189,0.3696071814038888,0.9995248317718506,0.6429014205932617,0.5546576605902778,0.9999598264694214,0.3960894584655762,0.5547746870252821,0.9995248317718506,0.7861579895019531,0.7227300008138021,0.9994016885757446,0.2377532243728637,0.7350235833062067,0.9943220615386964
341,0.5187333583831787,0.5547594070434569,0.9995759129524232,0.5187333583831787,0.36996079377508423,0.9995759129524232,0.6419206619262695,0.5530563354492187,0.9999539852142334,0.3955460548400878,0.5564624786376953,0.9995759129524232,0.7837088108062744,0.7279986063639323,0.9993465542793274,0.2385710716247558,0.7448807610405817,0.994478702545166
342,0.518631887435913,0.5550375196668837,0.999559223651886,0.518631887435913,0.3703051901831362,0.999559223651886,0.6417687416076661,0.5529301113552517,0.9999514818191528,0.3954950332641601,0.5571449279785157,0.999559223651886,0.779932689666748,0.7348769293891059,0.9993430972099304,0.244402003288269,0.7513668484157986,0.9945893287658693
343,0.5187982439994812,0.5556658426920573,0.9995341300964355,0.5187982439994812,0.3711052566244121,0.9995341300964355,0.6418315887451171,0.5543490939670139,0.9999451637268066,0.3957648992538452,0.5569825914171007,0.9995341300964355,0.7756120204925537,0.7422476874457465,0.9991268515586852,0.2474745750427246,0.7627641465928819,0.993754744529724
344,0.5182546854019164,0.5560699462890626,0.9995236396789552,0.5182546854019164,0.3719233791434287,0.9995236396789552,0.641010856628418,0.5546504550509983,0.9999418258666992,0.395498514175415,0.5574894375271268,0.9995236396789552,0.7746089935302735,0.7516111585828993,0.9990274906158448,0.2496243000030517,0.7694159613715278,0.993713676929474
345,0.5199392080307006,0.5566783481174045,0.999716341495514,0.5199392080307006,0.37269242872719177,0.999716341495514,0.6425615310668945,0.5537501864963108,0.9999247789382936,0.3973168849945068,0.5596065097384982,0.999716341495514,0.7724981784820557,0.7544482760959201,0.99851793050766,0.2531758546829223,0.7739089965820313,0.9955134987831116
346,0.0458055585622787,0.343779797024197,0.9845853447914124,0.0458055585622787,0.30120891747269474,0.9845853447914124,0.0174396514892578,0.3446924845377604,0.9845853447914124,0.0741714656352996,0.3428671095106337,0.9959579110145568,0.0061174869537353,0.3739538404676649,0.8112808465957642,0.101737642288208,0.384260982937283,0.9802040457725524
347,0.5208386182785034,0.5589509963989258,0.9997010231018066,0.5208386182785034,0.3738259489514384,0.9997010231018066,0.6442371845245362,0.5568355136447483,0.9998773336410522,0.3974400520324707,0.5610664791531033,0.9997010231018066,0.7670029640197754,0.7685847812228732,0.9972311854362488,0.2605886936187744,0.7858087327745226,0.9949186444282532
348,0.520900022983551,0.5601123385959201,0.9996967315673828,0.520900022983551,0.3748972002267764,0.9996967315673828,0.6443543910980225,0.5577609592013889,0.9998563528060912,0.3974456548690795,0.5624637179904514,0.9996967315673828,0.7634663581848145,0.7761171129014757,0.9965920448303224,0.2656253099441528,0.7888991461859809,0.9947803020477296
349,0.5202893257141112,0.5596503151787652,0.9997305274009703,0.5202893257141112,0.3739669023527483,0.9997305274009703,0.6440455913543701,0.5568062252468533,0.9998440742492676,0.3965330600738525,0.562494405110677,0.9997305274009703,0.7601728916168213,0.7828277587890625,0.9960340857505798,0.2715009450912475,0.7937635633680555,0.995074450969696
350,0.5179176330566406,0.5616503609551324,0.99976247549057,0.5179176330566406,0.3780879259219544,0.99976247549057,0.6402745246887207,0.5595477210150824,0.9998210072517396,0.3955607414245605,0.5637530008951823,0.99976247549057,0.7544060707092285,0.7863282945421007,0.9953052997589112,0.2747085332870483,0.7980105929904514,0.9946097135543824
351,0.5176039099693298,0.5616651111178927,0.9997549653053284,0.5176039099693298,0.3790657919143777,0.9997549653053284,0.6393194198608398,0.5596087561713324,0.9998016953468324,0.3958884000778198,0.5637214660644532,0.9997549653053284,0.7526788711547852,0.79438230726454,0.9943958520889282,0.2786107301712036,0.804493882921007,0.9941714406013488
352,0.5176511287689209,0.5628674189249674,0.9997629523277284,0.5176511287689209,0.3796291136168488,0.9997629523277284,0.6398068428039551,0.5619892968071831,0.9997629523277284,0.3954954147338867,0.5637455410427518,0.9997795224189758,0.7471692085266113,0.7946573893229166,0.9934980869293212,0.2824368000030517,0.8101025051540799,0.9941419959068298
353,0.5182118892669677,0.5638004514906141,0.999728262424469,0.5182118892669677,0.3801474271150849,0.999728262424469,0.6406460762023926,0.5643340216742622,0.999728262424469,0.3957777023315429,0.5632668813069661,0.9997702240943908,0.7418941497802735,0.796962653266059,0.992832899093628,0.2869434833526611,0.8132402208116319,0.994099497795105
354,0.517095685005188,0.5637496524386936,0.9996935129165648,0.517095685005188,0.38076107336476017,0.9996935129165648,0.6390746593475342,0.5655585394965278,0.9996935129165648,0.3951167106628418,0.5619407653808594,0.999761998653412,0.7402195453643798,0.8055892944335937,0.9903584122657776,0.290235161781311,0.8184054904513889,0.9928479194641112
355,0.5164999961853027,0.5636081695556641,0.9996157884597778,0.5164999961853027,0.3817806328616294,0.9996157884597778,0.6377104759216309,0.5649901496039497,0.9996157884597778,0.3952895164489746,0.5622261895073785,0.9997373223304749,0.7372815132141113,0.8092836168077256,0.9869149327278136,0.2927426099777221,0.8166574266221788,0.9924449324607848
356,0.5158804893493653,0.5634354061550564,0.999601423740387,0.5158804893493653,0.38243157508031667,0.999601423740387,0.6365426063537598,0.5647447374131944,0.999601423740387,0.3952183723449707,0.5621260748969183,0.9997256398200988,0.7337118148803711,0.8107950846354167,0.9873838424682616,0.2963205337524414,0.81910646226671,0.992115557193756
357,0.5156684994697571,0.5628728866577148,0.9995465874671936,0.5156684994697571,0.38275649415742014,0.9995465874671936,0.6357417583465577,0.5638933393690321,0.9995465874671936,0.3955952405929565,0.5618524339463976,0.9997207522392272,0.7289623260498047,0.8054601033528646,0.9871019721031188,0.2997110366821289,0.8195955064561632,0.992221176624298
358,0.5151607990264893,0.5617614322238498,0.9995494484901428,0.5151607990264893,0.3819117142269591,0.9995494484901428,0.6350605964660645,0.5617023468017578,0.9995494484901428,0.3952610015869141,0.5618205176459419,0.99969220161438,0.727194356918335,0.8074629041883681,0.987612783908844,0.3031782388687133,0.8224933200412327,0.9916715025901794
359,0.5146169900894164,0.5616146087646485,0.9995111227035522,0.5146169900894164,0.38297383716238326,0.9995111227035522,0.6337091445922851,0.5622496710883247,0.9995111227035522,0.3955248355865478,0.5609795464409723,0.9996726512908936,0.7265952110290528,0.8186872694227431,0.9845043420791626,0.3051278352737426,0.8256798638237848,0.9913792610168456
360,0.514295220375061,0.5607371012369792,0.9995500445365906,0.514295220375061,0.38237037430520937,0.9995500445365906,0.6332063674926758,0.5607056087917752,0.9995500445365906,0.3953840732574463,0.5607685936821831,0.9996606111526488,0.7235521793365478,0.8207616170247396,0.9859840273857116,0.3093624353408813,0.8298636542426215,0.9915394186973572
361,0.5137987017631531,0.560892825656467,0.9995204210281372,0.5137987017631531,0.3827495424429519,0.9995204210281372,0.6325601577758789,0.5604756249321832,0.9995204210281372,0.3950372457504272,0.5613100263807509,0.999641180038452,0.7174943923950196,0.8136719597710503,0.9859606027603148,0.3113603830337524,0.8342327541775174,0.9916953444480896
362,0.5139814615249634,0.5609195709228516,0.9994841814041138,0.5139814615249634,0.38301809355965055,0.9994841814041138,0.6325822830200195,0.5607226901584201,0.9994841814041138,0.3953806400299072,0.561116451687283,0.999630093574524,0.7148671627044678,0.8192026774088542,0.984419286251068,0.3140302658081054,0.8372212727864583,0.9917552471160888
363,0.5137013673782349,0.5620520061916775,0.9994361996650696,0.5137013673782349,0.3842642080387604,0.9994361996650696,0.6322265148162842,0.5621623145209418,0.9994361996650696,0.3951762199401855,0.5619416978624132,0.9996190071105956,0.7111527442932128,0.8219228108723958,0.9823986887931824,0.3162205457687378,0.8373491075303819,0.9915458559989928
364,0.5139584064483642,0.5631376690334744,0.9994138479232788,0.5139584064483642,0.38517015562516976,0.9994138479232788,0.6326011657714844,0.5638682895236545,0.9994138479232788,0.3953156471252441,0.5624070485432943,0.9996033310890198,0.7083968639373779,0.8299546135796441,0.9814261794090272,0.3183897256851196,0.8378685845269097,0.9910620450973512
365,0.5138520836830138,0.562584982977973,0.9993357062339784,0.5138520836830138,0.38536372378958444,0.9993357062339784,0.6319969654083252,0.5633724636501736,0.9993357062339784,0.3957072019577026,0.5617975023057725,0.9996373653411864,0.7048588275909424,0.8292585584852431,0.981190860271454,0.320132827758789,0.838170878092448,0.9912990927696228
366,0.5138579726219177,0.5629422081841363,0.9992998838424684,0.5138579726219177,0.38575718565476885,0.9992998838424684,0.631968879699707,0.5646565755208334,0.9992998838424684,0.3957470655441284,0.5612278408474393,0.9996227025985718,0.703392219543457,0.83673095703125,0.9791005849838256,0.3223575592041016,0.8390855577256945,0.9908417463302612
367,0.5137245655059814,0.5621911366780599,0.9992169141769408,0.5137245655059814,0.3847915721182489,0.9992169141769408,0.6319849491119385,0.5633817036946615,0.9992169141769408,0.3954641819000244,0.5610005696614583,0.9996277093887328,0.6993880271911621,0.8308764139811198,0.9779412746429444,0.3242408037185669,0.8405116611056858,0.9905741810798644
368,0.513279914855957,0.5608218299018013,0.9991784691810608,0.513279914855957,0.38388573702487416,0.9991784691810608,0.6312328815460205,0.5618439568413629,0.9991784691810608,0.3953269481658935,0.5597997029622396,0.9996052384376526,0.6967840671539307,0.8291496276855469,0.978766143321991,0.3266939401626587,0.8401525709364149,0.9902241826057434
369,0.5128119945526123,0.5595978842841254,0.9991269707679749,0.5128119945526123,0.3831443649208661,0.9991269707679749,0.6304461479187011,0.5601971096462673,0.9991269707679749,0.3951778411865234,0.5589986589219835,0.9995810389518738,0.6944775104522705,0.8288362291124132,0.9773868322372437,0.3289439916610718,0.8398106892903646,0.990184247493744
370,0.5127537846565247,0.5593865500556098,0.9990726709365844,0.5127537846565247,0.3827705516892866,0.9990726709365844,0.6304962635040283,0.5599848429361979,0.9990726709365844,0.395011305809021,0.5587882571750217,0.999588906764984,0.6922410488128662,0.8296335856119792,0.976691961288452,0.3306464910507202,0.839969974093967,0.9904744029045104
371,0.5127927899360656,0.5587300618489583,0.9990519881248474,0.5127927899360656,0.3814906591201159,0.9990519881248474,0.6309520721435546,0.559004889594184,0.9990519881248474,0.3946335077285766,0.5584552341037327,0.9996030926704408,0.6903511047363281,0.832806650797526,0.976123571395874,0.3316556453704834,0.8425955878363716,0.9909875988960266
