frame,Chest_x,Chest_y,Chest_conf,Nose_x,Nose_y,Nose_conf,Left Shoulder_x,Left Shoulder_y,Left Shoulder_conf,Right Shoulder_x,Right Shoulder_y,Right Shoulder_conf,Left Elbow_x,Left Elbow_y,Left Elbow_conf,Right Elbow_x,Right Elbow_y,Right Elbow_conf
0,0.4837236881256103,0.4096806844075521,0.9980242252349854,0.4837236881256103,0.31391163170653646,0.9980242252349854,0.5475337505340576,0.4075377570258247,0.9980242252349854,0.419913625717163,0.4118236117892795,0.9992285966873168,0.595297384262085,0.559395260281033,0.9906692504882812,0.3650888919830322,0.5524717966715494,0.9957097768783568
1,0.4837235927581786,0.4096793068779839,0.9980236291885376,0.4837235927581786,0.3139113531273371,0.9980236291885376,0.5475329399108887,0.4075369093153211,0.9980236291885376,0.4199142456054687,0.4118217044406467,0.9992283582687378,0.5952955722808838,0.5593916151258681,0.9906688332557678,0.3650885581970214,0.5524700588650173,0.9957091808319092
2,0.4836852550506592,0.4082928127712674,0.99826318025589,0.4836852550506592,0.3118195115883947,0.99826318025589,0.5479340553283691,0.4053637186686198,0.99826318025589,0.4194364547729492,0.4112219068739149,0.9992697834968568,0.603709602355957,0.5517448425292969,0.9914659261703492,0.3589360237121582,0.5431362575954861,0.9956681728363036
3,0.4836040258407592,0.4056812074449326,0.9985350370407104,0.4836040258407592,0.30744299161647204,0.9985350370407104,0.5490509510040283,0.4032479180230034,0.9985350370407104,0.4181571006774902,0.4081144968668619,0.9993070363998412,0.6106889724731446,0.540327623155382,0.9916489124298096,0.3500661373138428,0.5289900885687934,0.9960331320762634
4,0.4831033468246459,0.4038772583007812,0.9988716244697572,0.4831033468246459,0.30414490008404516,0.9988716244697572,0.5495670795440674,0.4020722283257378,0.9988716244697572,0.4166396141052246,0.4056822882758246,0.9993016719818116,0.6191766262054443,0.5277685377332899,0.9929131865501404,0.3432409524917602,0.5154307471381293,0.995854675769806
5,0.4821405649185181,0.3999614079793294,0.9990811347961426,0.4821405649185181,0.29810096760252236,0.9990811347961426,0.5500032901763916,0.397510740492079,0.9990811347961426,0.4142778396606445,0.4024120754665798,0.9993119239807128,0.6268362522125244,0.5108486175537109,0.9940084218978882,0.3353267431259155,0.5011147816975912,0.9957218170166016
6,0.4813252925872803,0.3957898457845051,0.9991053938865662,0.4813252925872803,0.29400001482949795,0.9991053938865662,0.5491467952728272,0.3935077243381076,0.9991053938865662,0.4135037899017334,0.3980719672309027,0.9992406368255616,0.6343969821929931,0.4918258666992187,0.995536208152771,0.3281304359436035,0.4840494791666667,0.9951021671295166
7,0.4834980726242065,0.396008555094401,0.9991409778594972,0.4834980726242065,0.29329032375757086,0.9991409778594972,0.5519516468048096,0.3941492292616102,0.9991409778594972,0.4150444984436035,0.3978678809271918,0.9993342757225036,0.6397198677062989,0.4733126322428385,0.9936002492904664,0.3263243198394775,0.4619006262885199,0.9956592917442322
8,0.4828208923339843,0.3924694697062174,0.999197781085968,0.4828208923339843,0.2914033622146922,0.999197781085968,0.5501201152801514,0.3892245822482639,0.999197781085968,0.4155216693878173,0.395714357164171,0.9993791580200196,0.6386319637298584,0.4521019829644097,0.9950869679450988,0.3238949298858642,0.4451491461859809,0.9966275095939636
9,0.4832957029342651,0.3894286685519748,0.9992092251777648,0.4832957029342651,0.29021724098727075,0.9992092251777648,0.5493319034576416,0.3857076856825087,0.9992092251777648,0.4172595024108886,0.393149651421441,0.9994254112243652,0.6427809715270996,0.4351707034640842,0.9948676824569702,0.3251361846923828,0.4235571967230903,0.9970505237579346
10,0.4825212478637695,0.3876465691460503,0.999232292175293,0.4825212478637695,0.28777381234575156,0.999232292175293,0.5490012168884277,0.3839648776584201,0.999232292175293,0.4160412788391113,0.3913282606336805,0.9993742108345032,0.6470195293426514,0.4136109246148003,0.9947316646575928,0.3174530029296875,0.4128972371419271,0.9962400197982788
11,0.4834324359893799,0.385971196492513,0.9991119503974916,0.4834324359893799,0.2893652524978956,0.9991119503974916,0.5477302551269532,0.3822751363118489,0.9991119503974916,0.4191346168518066,0.3896672566731771,0.9993537068367004,0.6446020126342773,0.3969511244032118,0.994186282157898,0.3246906757354736,0.3952612982855902,0.9966769218444824
12,0.4832797765731811,0.3827022976345485,0.9990479350090028,0.4832797765731811,0.2875262364305641,0.9990479350090028,0.5465820789337158,0.3783651563856336,0.9990479350090028,0.4199774742126465,0.3870394388834635,0.9993091821670532,0.6452877044677734,0.3827790154351128,0.9941012263298036,0.323033595085144,0.3818071153428819,0.996584177017212
13,0.4826946973800659,0.375953992207845,0.9992885589599608,0.4826946973800659,0.2795653641437153,0.9992885589599608,0.5468398094177246,0.3721284654405382,0.9994938373565674,0.4185495853424072,0.3797795189751519,0.9992885589599608,0.6478004455566406,0.366373062133789,0.997864067554474,0.3213918924331665,0.378396987915039,0.9961962699890136
14,0.4847316026687621,0.3753870646158854,0.9992875456809998,0.4847316026687621,0.2794716566620506,0.9992875456809998,0.5486083030700684,0.3724627176920573,0.9994534850120544,0.420854902267456,0.3783114115397135,0.9992875456809998,0.6517580032348633,0.3577307383219401,0.995728313922882,0.3254542350769043,0.3656207614474826,0.9961835741996764
15,0.4853371143341064,0.3749796125623914,0.9993118047714232,0.4853371143341064,0.2791623756369742,0.9993118047714232,0.5491910934448242,0.3732222239176432,0.9993413090705872,0.4214831352233886,0.3767370012071397,0.9993118047714232,0.6488224029541015,0.3482667287190755,0.9939228892326356,0.3265994310379028,0.3583271450466579,0.9964340925216676
16,0.4838545083999633,0.3718821631537543,0.9992735981941224,0.4838545083999633,0.2756523183448772,0.9992735981941224,0.5479642391204834,0.3695201026068793,0.999313473701477,0.4197447776794433,0.3742442237006293,0.9992735981941224,0.6497447490692139,0.3381163279215495,0.9968127608299256,0.3229384660720825,0.3529029846191406,0.9965243935585022
17,0.4836635112762451,0.3718837314181857,0.9992296695709229,0.4836635112762451,0.27645103957005357,0.9992296695709229,0.5472507953643799,0.3697884877522786,0.9992296695709229,0.4200762271881103,0.3739789750840929,0.9992959499359132,0.6469875335693359,0.3344173007541232,0.9968352913856506,0.3253774642944336,0.3462638854980469,0.996695637702942
18,0.4837699174880981,0.371351220872667,0.9992411136627196,0.4837699174880981,0.2759681770384742,0.9992411136627196,0.5473316192626954,0.3694985707600911,0.999278724193573,0.420208215713501,0.373203870985243,0.9992411136627196,0.6483273506164551,0.3319861094156901,0.9970236420631408,0.3266210079193115,0.3444049411349826,0.9964816570281982
19,0.4834440231323241,0.3712023417154948,0.99917334318161,0.4834440231323241,0.2773497168577921,0.99917334318161,0.5459868907928467,0.3694144778781467,0.99917334318161,0.4209011554718017,0.3729902055528429,0.999278962612152,0.6465959548950195,0.3286616431342231,0.9964078068733216,0.3257212162017822,0.3409583621554904,0.9965448975563048
20,0.4828136444091797,0.3706583870781792,0.999128758907318,0.4828136444091797,0.2777966012778068,0.999128758907318,0.5446767330169677,0.368304443359375,0.999128758907318,0.4209505558013916,0.3730123307969835,0.999263346195221,0.6466395854949951,0.3262715657552083,0.9962671399116516,0.3260926008224487,0.3398147583007812,0.9964718818664552
21,0.4823910236358643,0.3704792234632704,0.9991219639778136,0.4823910236358643,0.2775895311517833,0.9991219639778136,0.5442843914031983,0.3684549543592665,0.9991219639778136,0.4204976558685303,0.3725034925672743,0.9992895126342772,0.6458868026733399,0.3272534688313802,0.9961256384849548,0.325325059890747,0.3398104773627387,0.9965664148330688
22,0.4813256978988647,0.3701809989081488,0.9991043210029602,0.4813256978988647,0.27737892019931853,0.9991043210029602,0.5431630611419678,0.3682325575086805,0.9991043210029602,0.4194883346557617,0.3721294403076172,0.9993090629577636,0.6442190170288086,0.3301172468397352,0.996147871017456,0.3229613065719604,0.3415670606825087,0.9965862035751344
23,0.48075213432312,0.3703346464369031,0.9991175532341005,0.48075213432312,0.2771292685325565,0.9991175532341005,0.5428592681884765,0.3684109581841363,0.9991175532341005,0.4186450004577636,0.3722583346896701,0.9993413090705872,0.6422824859619141,0.3338292439778645,0.9962432384490968,0.3232992649078369,0.3440198262532552,0.996695637702942
24,0.4806728839874268,0.3703843222724066,0.9990836381912231,0.4806728839874268,0.27675648404111647,0.9990836381912231,0.543071174621582,0.3687937842475043,0.9990836381912231,0.4182745933532715,0.371974860297309,0.9993964433670044,0.6426197528839112,0.3363949669731987,0.9957389831542968,0.318821120262146,0.34821900261773,0.996892511844635
25,0.4809684991836548,0.3708059946695963,0.9991248250007628,0.4809684991836548,0.27713346249357396,0.9991248250007628,0.5433857440948486,0.3688350677490234,0.9991248250007628,0.4185512542724609,0.3727769215901693,0.9993207454681396,0.6455646514892578,0.3392073737250434,0.9955601692199708,0.3217833518981933,0.3570873684353298,0.99668151140213
26,0.4815533399581909,0.3706258985731336,0.9992831349372864,0.4815533399581909,0.27673046787111616,0.9992831349372864,0.5440994739532471,0.3681040445963541,0.999283730983734,0.4190072059631348,0.3731477525499131,0.9992831349372864,0.6487263679504395,0.3448593987358941,0.9969019889831544,0.3259200572967529,0.3643018934461806,0.9967215657234192
27,0.4815033435821533,0.3714942932128906,0.9992581009864808,0.4815033435821533,0.2779265290396958,0.9992581009864808,0.5437760353088379,0.3678624471028646,0.9992897510528564,0.4192306518554687,0.3751261393229166,0.9992581009864808,0.6461952209472657,0.3539632585313585,0.9973044395446776,0.3235441923141479,0.3696845160590278,0.9966397285461426
28,0.4808073759078979,0.3719574822319877,0.9993473887443542,0.4808073759078979,0.2774945040315554,0.9993473887443542,0.5435838222503662,0.3669566260443793,0.9994502663612366,0.4180309295654297,0.3769583384195963,0.9993473887443542,0.648173713684082,0.3600131140814887,0.9981069564819336,0.3146064758300781,0.3767833285861545,0.9969680905342102
29,0.4806219577789306,0.3735935846964517,0.9993294477462769,0.4806219577789306,0.2782344108189874,0.9993294477462769,0.5439233303070068,0.3677254570855034,0.9994458556175232,0.4173205852508544,0.3794617123074001,0.9993294477462769,0.6479400634765625,0.3702516767713759,0.9981594681739808,0.3127886056900024,0.3859096950954861,0.9970412850379944
30,0.481055474281311,0.3762718624538845,0.9992249011993408,0.481055474281311,0.28313733770719,0.9992249011993408,0.542772626876831,0.3694805569118923,0.9992249011993408,0.419338321685791,0.3830631679958767,0.9993438124656676,0.6475284099578857,0.3772370232476128,0.9974690675735474,0.3208123207092285,0.3854158613416883,0.997073531150818
31,0.4818041801452637,0.3782147937350802,0.9993122816085817,0.4818041801452637,0.2821301222608187,0.9993122816085817,0.5456068992614747,0.372519048055013,0.9993122816085817,0.4180014610290527,0.3839105394151476,0.9993244409561156,0.6509410858154296,0.3881878746880425,0.9974743723869324,0.3187919855117798,0.3962831285264757,0.9968288540840148
32,0.4815616130828857,0.3795240614149305,0.9993000030517578,0.4815616130828857,0.2822480288667889,0.9993000030517578,0.5462240219116211,0.3745859781901041,0.9993000030517578,0.4168992042541504,0.3844621446397569,0.9993483424186708,0.6457677841186523,0.397462887234158,0.9974172115325928,0.3168378114700317,0.405927997165256,0.9970014691352844
33,0.481657862663269,0.3818552017211913,0.9993601441383362,0.481657862663269,0.2809685896491212,0.9993601441383362,0.5488403797149658,0.3786750793457031,0.9993601441383362,0.4144753456115723,0.3850353240966797,0.9993971586227416,0.6495566368103027,0.4074957529703776,0.9974215030670166,0.3125386714935302,0.4155398898654514,0.9968146681785583
34,0.483028483390808,0.3846695582071939,0.9993823766708374,0.483028483390808,0.2815069723699083,0.9993823766708374,0.5517382144927978,0.3816726684570312,0.9993823766708374,0.4143187522888183,0.3876664479573568,0.9994290471076964,0.6516419410705566,0.4197091420491536,0.997148096561432,0.3131145000457763,0.4228961096869574,0.9968023300170898
35,0.4842336654663086,0.3849164538913302,0.999427616596222,0.4842336654663086,0.2810339020756348,0.999427616596222,0.5534283638000488,0.3820262061225043,0.999427616596222,0.4150389671325684,0.3878067016601562,0.9994478821754456,0.6504869937896729,0.4326961517333984,0.9961561560630798,0.3167315483093261,0.4283558315700955,0.9971140623092652
36,0.484144639968872,0.3861541748046875,0.9993383288383484,0.484144639968872,0.28297830956695963,0.9993383288383484,0.5528944492340088,0.383988528781467,0.9993383288383484,0.4153948307037353,0.388319820827908,0.9994420409202576,0.6466079711914062,0.4420438554551866,0.995890736579895,0.3200832366943359,0.4333974202473958,0.9970743656158448
37,0.4847646474838257,0.3880393981933593,0.9994088411331176,0.4847646474838257,0.28386127545774553,0.9994088411331176,0.5541887760162354,0.386069107055664,0.9994088411331176,0.415340518951416,0.3900096893310547,0.99941885471344,0.6475204467773438,0.4530626508924696,0.9963303208351136,0.3211935043334961,0.4432842678493923,0.9971815347671508
38,0.4848018884658813,0.3896677229139539,0.9993605017662048,0.4848018884658813,0.2840298861776902,0.9993605017662048,0.5552151203155518,0.3883680979410807,0.9993605017662048,0.4143886566162109,0.3909673478868272,0.9994009733200072,0.6451498508453369,0.463452657063802,0.9953800439834596,0.3192563533782959,0.4533482869466146,0.9966347813606262
39,0.4846991539001464,0.3906212488810221,0.999302625656128,0.4846991539001464,0.28506857016147313,0.999302625656128,0.555067491531372,0.3904941134982639,0.999302625656128,0.4143308162689209,0.3907483842637804,0.9993966817855836,0.6439962387084961,0.4698383331298828,0.9945698380470276,0.3219124794006348,0.4597417619493272,0.996187150478363
40,0.4850391626358032,0.3922606786092122,0.9992596507072448,0.4850391626358032,0.28684175674047474,0.9992596507072448,0.5553160667419433,0.3928387112087673,0.9992596507072448,0.4147622585296631,0.3916826460096571,0.9993830919265748,0.6432103157043457,0.476353030734592,0.9935787916183472,0.3224052190780639,0.4672913445366753,0.995716154575348
41,0.484324836730957,0.3933866500854491,0.9992243051528932,0.484324836730957,0.288397288206096,0.9992243051528932,0.5543086528778076,0.3945147620307074,0.9992243051528932,0.4143410205841064,0.3922585381401909,0.9993895292282104,0.6409099102020264,0.4866757286919488,0.9937503933906556,0.3246395111083984,0.4743952433268229,0.9957950115203856
42,0.484206223487854,0.3945225609673394,0.999234676361084,0.484206223487854,0.2895899037622066,0.999234676361084,0.5541520595550538,0.3956612904866536,0.999234676361084,0.4142603874206543,0.3933838314480252,0.9993582367897034,0.6362556457519531,0.4940880669487847,0.9936771988868712,0.3272145271301269,0.4818406422932942,0.9957643747329712
43,0.4841971874237061,0.3963675392998589,0.9992177486419678,0.4841971874237061,0.2913537643819824,0.9992177486419678,0.554205322265625,0.3967506832546658,0.9992177486419678,0.4141890525817871,0.3959843953450521,0.9993267059326172,0.6334617614746094,0.4987243228488498,0.9938395619392396,0.3274755001068115,0.4910308414035373,0.9955955147743224
44,0.4839276790618896,0.3974360783894856,0.9991008043289183,0.4839276790618896,0.29298464908370914,0.9991008043289183,0.5535613536834717,0.3971442328559028,0.9991008043289183,0.4142940044403076,0.3977279239230685,0.9993614554405212,0.6303565502166748,0.505525165134006,0.992691457271576,0.3323654651641846,0.4963096194797092,0.9956318140029908
45,0.4832074165344238,0.398202896118164,0.999115526676178,0.4832074165344238,0.2936246354261327,0.999115526676178,0.5529248237609863,0.3977558559841579,0.999115526676178,0.4134900093078613,0.3986499362521701,0.9993304014205932,0.6280043601989747,0.5128574795193143,0.9937790036201476,0.3342501640319824,0.5018486022949219,0.9956610798835754
46,0.484181785583496,0.4013621012369792,0.9990161657333374,0.484181785583496,0.29852630767494376,0.9990161657333374,0.552737808227539,0.4009610493977865,0.9990161657333374,0.4156257629394531,0.4017631530761719,0.9993663430213928,0.6258255958557128,0.5190497504340278,0.9926689863204956,0.3362404584884643,0.5075346628824869,0.9959575533866882
47,0.4840842723846435,0.4019206576877169,0.9988396763801576,0.4840842723846435,0.29934191807783617,0.9988396763801576,0.5524697303771973,0.4016961839463975,0.9988396763801576,0.4156988143920898,0.4021451314290364,0.9993641972541808,0.6224597930908203,0.5242523617214627,0.9914291501045228,0.3400359630584716,0.5118604448106554,0.9958542585372924
48,0.4839608669281006,0.4027138815985785,0.9988875985145568,0.4839608669281006,0.30074024175124353,0.9988875985145568,0.5519428253173828,0.4024615817599826,0.9988875985145568,0.4159789085388183,0.4029661814371745,0.999334990978241,0.619532299041748,0.5299670749240452,0.9921741485595704,0.3424176692962646,0.518495856391059,0.9956793189048768
49,0.4835733652114868,0.4030064900716146,0.9989018440246582,0.4835733652114868,0.30154686663261215,0.9989018440246582,0.5512085914611816,0.4022243075900608,0.9989018440246582,0.415938138961792,0.4037886725531684,0.9993647933006288,0.616806173324585,0.5324222988552517,0.9924511313438416,0.3441524505615234,0.5252465989854601,0.996052086353302
50,0.483384108543396,0.4032347361246744,0.998709797859192,0.483384108543396,0.3025940325405235,0.998709797859192,0.5504707336425781,0.4022533840603298,0.998709797859192,0.4162974834442138,0.4042160881890191,0.9993682503700256,0.6147795677185058,0.5346624586317275,0.9915926456451416,0.3468355655670166,0.5305364820692274,0.9959229230880736
51,0.4834466934204102,0.4040690528021918,0.9986114501953124,0.4834466934204102,0.3035848836827634,0.9986114501953124,0.5504212856292725,0.4026584201388888,0.9986114501953124,0.4164721012115479,0.4054796854654948,0.999347984790802,0.6138916015625,0.5430698818630643,0.9914119243621826,0.3498373985290527,0.5340037027994792,0.995954155921936
52,0.4835652112960815,0.4039355172051324,0.9984956979751588,0.4835652112960815,0.30458422791284645,0.9984956979751588,0.5497650146484375,0.4018014272054036,0.9984956979751588,0.4173654079437255,0.4060696072048611,0.9993149042129515,0.6116042137145996,0.5453391604953342,0.9906259775161744,0.3541560649871826,0.5378577338324653,0.9956220984458924
53,0.4832896471023559,0.4048340903388129,0.9984056353569032,0.4832896471023559,0.3058598286760616,0.9984056353569032,0.549219799041748,0.4021977318657769,0.9984056353569032,0.4173594951629639,0.4074704488118489,0.9993208646774292,0.6085410118103027,0.5459454854329427,0.990979552268982,0.3554208755493164,0.5437210930718316,0.995545506477356
54,0.483267593383789,0.4051042344835069,0.9982699155807496,0.483267593383789,0.3067094351756935,0.9982699155807496,0.5488128185272216,0.4025102827284071,0.9982699155807496,0.4177223682403564,0.4076981862386067,0.9993274211883544,0.6063061714172363,0.5471031188964843,0.9899987578392028,0.3585870742797851,0.5456366221110026,0.995496153831482
55,0.4832183599472046,0.4048990249633789,0.9982136487960817,0.4832183599472046,0.3071123961059136,0.9982136487960817,0.5483540534973145,0.4022121853298611,0.9982136487960817,0.4180826663970947,0.4075858645968967,0.999306321144104,0.604328727722168,0.548513666788737,0.9899918437004088,0.3605949163436889,0.5479906717936198,0.9956231713294984
56,0.4831660747528076,0.4048502816094292,0.9980384707450868,0.4831660747528076,0.30739762706705265,0.9980384707450868,0.5480904102325439,0.4024568769666883,0.9980384707450868,0.4182417392730713,0.4072436862521701,0.9992995262145996,0.6023370265960694,0.5487022823757596,0.9894551634788512,0.3628833055496215,0.5496092902289497,0.9956562519073486
57,0.4828248500823974,0.4043671290079752,0.997867465019226,0.4828248500823974,0.3076499855375785,0.997867465019226,0.5472553730010986,0.4018907335069444,0.997867465019226,0.4183943271636963,0.406843524509006,0.9992640614509584,0.5997158050537109,0.5490459442138672,0.989128053188324,0.3649237632751465,0.5519583808051215,0.995621383190155
58,0.4829150915145873,0.4041523191663954,0.9976624250411988,0.4829150915145873,0.3079677986480375,0.9976624250411988,0.5470037460327148,0.4020534515380859,0.9976624250411988,0.4188264369964599,0.4062511867947048,0.9992536902427672,0.5977353572845459,0.5499927096896702,0.9881900548934937,0.3671026229858398,0.5514911227756076,0.9955958724021912
59,0.4830002546310424,0.4044808069864908,0.997465968132019,0.4830002546310424,0.3087302961338221,0.997465968132019,0.5468021392822265,0.4024664984809027,0.997465968132019,0.4191983699798584,0.406495115492079,0.9992407560348512,0.5957738876342773,0.5511529710557725,0.987153947353363,0.3691099166870117,0.5524625990125868,0.9954370856285096
60,0.4830498933792114,0.404034784105089,0.9973313808441162,0.4830498933792114,0.30870467386773576,0.9973313808441162,0.5465627193450928,0.4017640007866753,0.9973313808441162,0.4195370674133301,0.4063055674235026,0.9992220401763916,0.5945456981658935,0.5516744825575087,0.9867697954177856,0.3703095912933349,0.5550671895345052,0.9953688383102416
61,0.4832007646560669,0.4041964848836262,0.9972845315933228,0.4832007646560669,0.3088885120420216,0.9972845315933228,0.5467082977294921,0.4022082434760199,0.9972845315933228,0.4196932315826416,0.4061847262912326,0.9992111921310424,0.593366289138794,0.5530125088161892,0.986630380153656,0.3713488578796386,0.5561851501464844,0.9951045513153076
62,0.4832454204559326,0.4043436262342665,0.9972113966941832,0.4832454204559326,0.3090655469193246,0.9972113966941832,0.5467351913452149,0.4024261474609375,0.9972113966941832,0.4197556495666504,0.4062611050075955,0.9992006421089172,0.5915169715881348,0.5512516869439019,0.986331343650818,0.3724831342697143,0.5579150305853949,0.9951390027999878
63,0.4829970121383666,0.4045687357584635,0.9972307085990906,0.4829970121383666,0.30931432947046134,0.9972307085990906,0.546473217010498,0.402726321750217,0.9972307085990906,0.4195208072662353,0.40641114976671,0.999177634716034,0.5906704425811767,0.5520559522840712,0.9865216016769408,0.3734004497528076,0.5589703877766927,0.9952913522720336
64,0.4829152584075927,0.4045183181762695,0.997262716293335,0.4829152584075927,0.30922481043480887,0.997262716293335,0.5464132785797119,0.4025344000922309,0.997262716293335,0.4194172382354736,0.4065022362603082,0.9991507530212402,0.5900166034698486,0.5528155432807075,0.987071931362152,0.3737718105316162,0.5602356804741754,0.9953437447547911
65,0.482829213142395,0.4044476615058051,0.9972088932991028,0.482829213142395,0.3093944719271282,0.9972088932991028,0.5461729049682618,0.4026642269558377,0.9972088932991028,0.4194855213165283,0.4062310960557725,0.9991438388824464,0.5894989967346191,0.55473878648546,0.9864115715026855,0.3742588520050048,0.5613124423556858,0.9952499866485596
66,0.4828657150268555,0.4044485304090711,0.9971396923065186,0.4828657150268555,0.3095633692532159,0.9971396923065186,0.5460919380187989,0.4024827745225694,0.9971396923065186,0.4196394920349121,0.4064142862955729,0.9991556406021118,0.5891982078552246,0.5561500125461154,0.9860150814056396,0.3744569301605224,0.5633874681260851,0.9953693747520448
67,0.4826496601104736,0.40462892320421,0.9971522092819214,0.4826496601104736,0.30944679878677067,0.9971522092819214,0.5460673332214355,0.4024600558810763,0.9971522092819214,0.4192319869995117,0.4067977905273437,0.9991705417633056,0.5890130996704102,0.5565201653374566,0.9858849048614502,0.3741701126098632,0.5648297627766927,0.9953279495239258
68,0.482563829421997,0.4050731235080295,0.9971503615379332,0.482563829421997,0.30980473572461087,0.9971503615379332,0.5460360527038575,0.4028183831108941,0.9971503615379332,0.4190916061401367,0.4073278639051649,0.999177634716034,0.5889353275299072,0.5568005032009549,0.9858026504516602,0.3740596771240234,0.5651916927761502,0.9952796697616576
69,0.4824508428573608,0.4051816304524739,0.9972124695777892,0.4824508428573608,0.30989768455598554,0.9972124695777892,0.5459244251251221,0.4026858435736762,0.9972124695777892,0.4189772605895996,0.4076774173312717,0.9991798996925354,0.5889018058776856,0.5568006303575304,0.9861060380935668,0.3739498376846313,0.5654195997450087,0.9953235983848572
70,0.4825908660888671,0.4052174038357204,0.9973142743110656,0.4825908660888671,0.30992110202741957,0.9973142743110656,0.5460823535919189,0.4029808468288846,0.9973142743110656,0.4190993785858154,0.4074539608425564,0.9991705417633056,0.5891772270202636,0.557350582546658,0.986560583114624,0.3739666938781738,0.56463500128852,0.9953638315200806
71,0.4825364112854003,0.4051431655883789,0.9973453879356384,0.4825364112854003,0.30992615003756596,0.9973453879356384,0.5459722518920899,0.4028297424316406,0.9973453879356384,0.4191005706787109,0.4074565887451172,0.9991637468338012,0.5894156455993652,0.5561304728190104,0.9868038296699524,0.3738082885742187,0.5633593241373698,0.9953265190124512
72,0.4825158357620239,0.405368889702691,0.9973697662353516,0.4825158357620239,0.3100220059912795,0.9973697662353516,0.5460387229919433,0.4030667622884115,0.9973697662353516,0.4189929485321045,0.4076710171169705,0.9991669654846193,0.5896562576293946,0.55539427863227,0.9869582056999208,0.3732220649719238,0.563303714328342,0.9953627586364746
73,0.4822911024093628,0.4058985604180229,0.9973862767219543,0.4822911024093628,0.3104934793752281,0.9973862767219543,0.5458498954772949,0.4035172356499566,0.9973862767219543,0.4187323093414307,0.4082798851860894,0.9991717338562012,0.5900205135345459,0.5552722507052952,0.9869569540023804,0.3725087165832519,0.5629479302300348,0.9952777624130248
74,0.4823524951934814,0.4059254964192708,0.9974743723869324,0.4823524951934814,0.31076319607308756,0.9974743723869324,0.5457505702972412,0.4035776774088541,0.9974743723869324,0.4189544200897216,0.4082733154296875,0.9991849064826964,0.5913018703460693,0.5554457770453559,0.9871633052825928,0.3720684051513672,0.5607311248779296,0.995223104953766
75,0.482148003578186,0.4063267601860894,0.9976406097412108,0.482148003578186,0.3110936581871326,0.9976406097412108,0.5455788612365723,0.403616460164388,0.9976406097412108,0.4187171459197998,0.4090370602077908,0.999207079410553,0.5931274890899658,0.5542680528428819,0.9881746768951416,0.3702779293060302,0.5589307996961805,0.9952929615974426
76,0.4822428226470947,0.4062992943657769,0.9977149963378906,0.4822428226470947,0.3104377552916062,0.9977149963378906,0.5460920333862305,0.4035658942328559,0.9977149963378906,0.418393611907959,0.4090326944986979,0.9992300271987916,0.5953422546386719,0.554186036851671,0.9880270957946776,0.3685547828674316,0.5570603264702692,0.9952390193939208
77,0.4820760488510132,0.4061619016859266,0.997928261756897,0.4820760488510132,0.3105042733780869,0.997928261756897,0.5457562446594239,0.4027459038628472,0.997928261756897,0.4183958530426025,0.4095778995090061,0.9992765784263612,0.5971340656280517,0.5499944474962023,0.989602267742157,0.3655589580535888,0.5543933444552951,0.9959312081336976
78,0.4817926406860351,0.4068361070421006,0.9982172846794128,0.4817926406860351,0.3100756381623322,0.9982172846794128,0.5462162971496582,0.4035584767659505,0.9982172846794128,0.4173689842224121,0.4101137373182508,0.9993125200271606,0.6017713069915771,0.5495682610405817,0.990133821964264,0.3618376493453979,0.5534762488471137,0.9958034157752992
79,0.481729793548584,0.4073740641276041,0.9983727335929872,0.481729793548584,0.310063427962916,0.9983727335929872,0.5465096473693848,0.4038848029242621,0.9983727335929872,0.4169499397277832,0.4108633253309461,0.9993231296539308,0.6066474914550781,0.5485269334581163,0.990755259990692,0.3583804130554199,0.5494026607937283,0.9956484436988832
80,0.4809749364852905,0.4062107510036892,0.9985051155090332,0.4809749364852905,0.3080905436682393,0.9985051155090332,0.5462651252746582,0.4021965874565972,0.9985051155090332,0.4156847476959228,0.4102249145507812,0.9992910623550416,0.610957145690918,0.5432534111870659,0.9912296533584596,0.3531919002532959,0.5419832865397135,0.995697855949402
81,0.4809752225875854,0.4046335008409288,0.998802900314331,0.4809752225875854,0.30570551911084565,0.998802900314331,0.546816062927246,0.4008061726888021,0.998802900314331,0.4151343822479248,0.4084608289930556,0.9993682503700256,0.614675760269165,0.5338517930772569,0.9928106665611268,0.3457102298736572,0.5349961598714192,0.9960252046585084
82,0.4808661937713623,0.4028955459594726,0.99893981218338,0.4808661937713623,0.30205311259032747,0.99893981218338,0.5480202674865723,0.3997375064425998,0.99893981218338,0.4137121200561523,0.4060535854763455,0.9993454813957214,0.6210484504699707,0.5241656409369575,0.9927070736885072,0.3410695552825927,0.5219057295057509,0.9959902167320251
83,0.4813501596450805,0.4014900631374782,0.9990689158439636,0.4813501596450805,0.2994073810146135,0.9990689158439636,0.5493257999420166,0.398201921251085,0.9990689158439636,0.4133745193481445,0.4047782050238715,0.9993937015533448,0.6271498680114747,0.5103955586751302,0.9925457835197448,0.3367435216903686,0.5098114437527127,0.996249496936798
84,0.4804426670074463,0.3982080035739475,0.9992479681968688,0.4804426670074463,0.2930195436717856,0.9992479681968688,0.5504868984222412,0.3948299831814236,0.9992479681968688,0.4103984355926514,0.4015860239664713,0.9993578791618348,0.6336501598358154,0.4985914018419053,0.994097113609314,0.3274508953094482,0.499079598320855,0.9957323670387268
85,0.4804957628250121,0.3960716883341471,0.999135434627533,0.4804957628250121,0.2911762932839187,0.999135434627533,0.5504022598266601,0.3942486657036675,0.999135434627533,0.4105892658233642,0.3978947109646267,0.9994057416915894,0.6376216411590576,0.4859800974527994,0.9926745295524596,0.3232783794403076,0.4854340023464626,0.9954556226730348
86,0.4816360473632812,0.3944345262315538,0.9992707371711732,0.4816360473632812,0.2889546332267985,0.9992707371711732,0.5519325733184814,0.3926204681396484,0.9992707371711732,0.411339521408081,0.3962485843234592,0.9993721842765808,0.6426656246185303,0.4727244483100043,0.9939688444137572,0.3222905158996582,0.4687538146972656,0.995458722114563
87,0.4816193819046021,0.3920198440551757,0.9993649125099182,0.4816193819046021,0.2871532078235197,0.9993649125099182,0.5514906406402588,0.3896602206759982,0.9993649125099182,0.4117481231689453,0.3943794674343533,0.9994267225265504,0.6445771217346191,0.4595656924777561,0.9956287145614624,0.3177219867706299,0.4552306281195746,0.9967228770256042
88,0.4819084882736206,0.388447274102105,0.9992427825927734,0.4819084882736206,0.28542583696255763,0.9992427825927734,0.5505376338958741,0.3857799953884548,0.9992427825927734,0.4132793426513672,0.3911145528157552,0.9994614720344543,0.6456626892089844,0.4455821567111545,0.9943950176239014,0.3193973064422607,0.4366772121853298,0.9967473745346068
89,0.4826829195022583,0.3871155420939127,0.99942809343338,0.4826829195022583,0.2840652295033054,0.99942809343338,0.5513040065765381,0.3838193257649739,0.99942809343338,0.4140618324279785,0.3904117584228516,0.9994351267814636,0.6533236980438233,0.430683347913954,0.9956278800964355,0.3163228034973144,0.4254325018988715,0.9968830943107604
90,0.4809416532516479,0.3839421166314019,0.9993783235549928,0.4809416532516479,0.28179790145495004,0.9993783235549928,0.5489449024200439,0.3803864373101128,0.9994195699691772,0.4129384040832519,0.3874977959526909,0.9993783235549928,0.6496776580810547,0.4140612284342448,0.9976420998573304,0.3121367454528808,0.4180093553331163,0.9967312812805176
91,0.4820298671722411,0.3825610902574327,0.99931800365448,0.4820298671722411,0.283782763509231,0.99931800365448,0.547758674621582,0.3785313924153646,0.9993721842765808,0.4163010597229004,0.3865907880995008,0.99931800365448,0.6507955074310303,0.3993873172336154,0.9974026083946228,0.3201207160949707,0.4002781338161892,0.996601104736328
92,0.482228136062622,0.3803077909681532,0.999372661113739,0.482228136062622,0.28244973398075013,0.999372661113739,0.5472962379455566,0.3755928463406033,0.999376118183136,0.4171600341796875,0.3850227355957031,0.999372661113739,0.652828598022461,0.386870617336697,0.997370719909668,0.32030611038208,0.3909181382921007,0.996767520904541
93,0.4820928573608398,0.3767099168565538,0.9993791580200196,0.4820928573608398,0.2765481879124776,0.9993791580200196,0.5487678527832032,0.373066160413954,0.9994268417358398,0.4154178619384766,0.3803536732991536,0.9993791580200196,0.6564999103546143,0.379441409640842,0.9960755705833436,0.3148510217666626,0.3833910624186198,0.9964080452919006
94,0.4822320222854614,0.3741379843817817,0.9993351101875304,0.4822320222854614,0.27533475731074386,0.9993351101875304,0.5480483531951904,0.3715089586046007,0.9994545578956604,0.4164156913757324,0.3767670101589627,0.9993351101875304,0.6588617324829101,0.3660244411892361,0.9955551028251648,0.3182371854782104,0.375911373562283,0.9959931373596193
95,0.4833672761917114,0.3742770300971136,0.9993690848350524,0.4833672761917114,0.2760166265342598,0.9993690848350524,0.5488704681396485,0.3735766940646701,0.9995304346084596,0.4178640842437744,0.3749773661295573,0.9993690848350524,0.6550378799438477,0.3624102274576823,0.9961655139923096,0.3193936586380005,0.3659905751546224,0.996527135372162
96,0.4832429647445678,0.3733302858140733,0.9994352459907532,0.4832429647445678,0.27450928004971165,0.9994352459907532,0.5491154193878174,0.3722898695203993,0.9994544386863708,0.4173705101013183,0.3743707021077474,0.9994352459907532,0.6554795265197754,0.3531393263075086,0.9925969839096068,0.3181732177734375,0.3593290540907118,0.9961923360824584
97,0.4829683065414429,0.3721423890855577,0.9994992017745972,0.4829683065414429,0.27287182951000516,0.9994992017745972,0.5491281032562256,0.3704922146267361,0.9994992017745972,0.4168085098266602,0.3737925635443793,0.9995092153549194,0.6578441143035889,0.3392777336968316,0.993054449558258,0.3105226516723632,0.3489424811469184,0.996435046195984
98,0.4833073377609252,0.3711840311686197,0.999445378780365,0.4833073377609252,0.27327538155084674,0.999445378780365,0.5485620498657227,0.3696631537543403,0.9995062351226808,0.4180526256561279,0.3727049085828993,0.999445378780365,0.6535508155822753,0.3343957689073351,0.9943820834159852,0.3187626600265503,0.3425540500217013,0.9962339997291564
99,0.4831443071365356,0.3703486760457356,0.9994254112243652,0.4831443071365356,0.27234039696181295,0.9994254112243652,0.5484670162200928,0.3688963148328993,0.9994909763336182,0.4178215980529785,0.371801037258572,0.9994254112243652,0.6528250217437744,0.3341212802463107,0.9950293898582458,0.3195505142211914,0.3379021538628472,0.9963338375091552
100,0.4824578762054443,0.37079897986518,0.9994220733642578,0.4824578762054443,0.27345500802268763,0.9994220733642578,0.5473464488983154,0.3698184119330512,0.9994353652000428,0.4175693035125732,0.371779547797309,0.9994220733642578,0.6524077415466308,0.330161878797743,0.994423806667328,0.3198288440704345,0.3326733907063802,0.9963286519050598
101,0.4816171646118163,0.3711354361640082,0.9993969202041626,0.4816171646118163,0.2746516238322837,0.9993969202041626,0.5459314346313476,0.3701039208306206,0.9994088411331176,0.4173028945922851,0.3721669514973958,0.9993969202041626,0.650780725479126,0.3304406060112847,0.994300365447998,0.3192390203475952,0.3325325859917534,0.9959433674812316
102,0.4811513662338257,0.3711216184828017,0.9993440508842468,0.4811513662338257,0.2750408595441216,0.9993440508842468,0.5452010631561279,0.3703931596544054,0.9994069337844848,0.4171016693115234,0.3718500773111979,0.9993440508842468,0.6503165245056153,0.3293561299641927,0.9940913319587708,0.3188338756561279,0.3319263034396701,0.9954805374145508
103,0.4806876182556152,0.371243307325575,0.9993589520454408,0.4806876182556152,0.2757512466148853,0.9993589520454408,0.544343090057373,0.3703764597574869,0.9993809461593628,0.4170321464538574,0.3721101548936631,0.9993589520454408,0.649699592590332,0.3298135969373915,0.9939408302307128,0.3184070587158203,0.3315052456325955,0.9956615567207336
104,0.4804307460784912,0.3715113321940104,0.9993494153022766,0.4804307460784912,0.2757955651724158,0.9993494153022766,0.5442272186279297,0.3701728820800781,0.9993494153022766,0.4166342735290527,0.3728497823079427,0.999388575553894,0.6486242294311524,0.3304575602213541,0.9938672184944152,0.3187004804611206,0.3319274478488498,0.9959143996238708
105,0.4803133487701416,0.3715856975979275,0.99937242269516,0.4803133487701416,0.2757484633420626,0.99937242269516,0.5441864967346192,0.3700548807779948,0.9993985891342164,0.4164402008056641,0.3731165144178602,0.99937242269516,0.6479342460632325,0.3326361338297526,0.994762361049652,0.3185783863067627,0.3331195831298828,0.9960818886756896
106,0.4800997018814087,0.3721611870659722,0.9993727803230286,0.4800997018814087,0.2759441775434751,0.9993727803230286,0.5442264556884766,0.3706450992160373,0.9993727803230286,0.4159729480743408,0.3736772749159071,0.9993911981582642,0.6456572532653808,0.3367430792914496,0.993599772453308,0.3198532581329346,0.3385124630398221,0.9962887763977052
107,0.479543662071228,0.3724036746554904,0.9993414282798768,0.479543662071228,0.2762774885446153,0.9993414282798768,0.5436087131500245,0.3708402845594618,0.9993414282798768,0.4154786109924316,0.3739670647515191,0.9994303584098816,0.6455833435058593,0.3390230390760633,0.9940317273139954,0.3158998727798462,0.3408562554253472,0.996380627155304
108,0.4787915706634521,0.3720908694797091,0.9993768334388732,0.4787915706634521,0.2751342796156359,0.9993768334388732,0.5434057712554932,0.3703470865885416,0.9993768334388732,0.4141773700714111,0.3738346523708767,0.9994749426841736,0.6459121704101562,0.3385650210910373,0.9942832589149476,0.3091831684112548,0.3449416690402561,0.9964219331741332
109,0.478729224205017,0.3719016816880968,0.9994578957557678,0.478729224205017,0.2745127408800202,0.9994578957557678,0.5436010360717773,0.3692505730523003,0.9994675517082214,0.4138574123382568,0.3745527903238932,0.9994578957557678,0.649130916595459,0.3419427659776475,0.9953007698059082,0.3093543291091919,0.3526934305826822,0.9966384172439576
110,0.4783581495285033,0.3717906104193793,0.9993780851364136,0.4783581495285033,0.27408500776455347,0.9993780851364136,0.543456745147705,0.3695521884494357,0.9995662569999696,0.4132595539093017,0.3740290323893229,0.9993780851364136,0.652079963684082,0.3493558247884115,0.9961353540420532,0.3137234687805176,0.3604108174641927,0.996157705783844
111,0.4783189773559569,0.3712373733520507,0.9993554949760436,0.4783189773559569,0.2741242234501009,0.9993554949760436,0.5430042266845703,0.3685248057047526,0.9995587468147278,0.4136337280273437,0.373949940999349,0.9993554949760436,0.648604440689087,0.3597860972086588,0.9971582889556884,0.3138294696807861,0.3654337565104166,0.9967599511146544
112,0.4782106399536132,0.3734361860487196,0.9993497729301452,0.4782106399536132,0.276251534144775,0.9993497729301452,0.5429253578186035,0.370318603515625,0.9995217323303224,0.413495922088623,0.3765537685818142,0.9993497729301452,0.6521182537078858,0.3636006673177083,0.9972012042999268,0.3148216724395752,0.3704776340060763,0.9968196153640748
113,0.4785639524459839,0.3745943705240885,0.9994200468063354,0.4785639524459839,0.27638091949737564,0.9994200468063354,0.5439031600952149,0.3703698476155599,0.9994519352912904,0.4132247447967529,0.3788188934326172,0.9994200468063354,0.6541576385498047,0.3676339043511284,0.995166540145874,0.309479284286499,0.3766137440999349,0.9968683123588562
114,0.4790541648864745,0.3769488016764323,0.9994074106216432,0.4790541648864745,0.27774490280925507,0.9994074106216432,0.545008373260498,0.3720494164360894,0.9995046854019164,0.4130999565124512,0.3818481869167752,0.9994074106216432,0.6594765663146973,0.3762566460503472,0.9956132173538208,0.3086566925048828,0.3837681240505642,0.9968796968460084
115,0.4790650129318237,0.3784096823798285,0.999355971813202,0.4790650129318237,0.28040569092110246,0.999355971813202,0.5441672801971436,0.37288818359375,0.9994427561759948,0.4139627456665039,0.3839311811659071,0.999355971813202,0.6514191150665283,0.3819423251681857,0.9967899918556212,0.3095556259155273,0.3914911482069227,0.9969326257705688
116,0.4777870178222656,0.3784263822767469,0.9993081092834472,0.4777870178222656,0.282431751802408,0.9993081092834472,0.5415009975433349,0.3724205017089844,0.9993081092834472,0.4140730381011963,0.3844322628445095,0.999325394630432,0.650356674194336,0.3841707441541884,0.997444748878479,0.3127902269363403,0.3945399390326606,0.9968705773353576
117,0.478408932685852,0.380518086751302,0.9993208646774292,0.478408932685852,0.28288670945812455,0.9993208646774292,0.5432459354400635,0.3748122321234809,0.9993208646774292,0.4135719299316406,0.3862239413791232,0.999344766139984,0.6493056297302247,0.3922157287597656,0.9960870742797852,0.3099219799041748,0.4025092230902777,0.9971592426300048
118,0.4777945756912231,0.3811980777316622,0.9993583559989928,0.4777945756912231,0.2808063586302102,0.9993583559989928,0.5445601940155029,0.3765414343939887,0.9993583559989928,0.4110289573669433,0.3858547210693359,0.9994232654571532,0.6518547058105468,0.3996946546766493,0.9960876703262328,0.304448127746582,0.4119505564371745,0.9972359538078308
119,0.4777599096298218,0.3825156105889214,0.9994229078292848,0.4777599096298218,0.2797018161648986,0.9994229078292848,0.5461779117584229,0.3783857981363932,0.9994229078292848,0.4093419075012207,0.3866454230414496,0.9994372725486756,0.6531126976013184,0.4082981533474392,0.9964208602905272,0.3048108100891113,0.4201248168945312,0.9970439076423644
120,0.4778545379638671,0.3843062294854058,0.9993897676467896,0.4778545379638671,0.2814968143462018,0.9993897676467896,0.5462738990783691,0.3802480061848958,0.9993897676467896,0.4094351768493652,0.3883644527859158,0.9994762539863586,0.6496832847595215,0.4159205118815104,0.9960685968399048,0.3071036338806152,0.4257415771484375,0.9971829652786256
121,0.4787092208862304,0.3833960639105902,0.9994217157363892,0.4787092208862304,0.28215961394575106,0.9994217157363892,0.546012020111084,0.3783598158094618,0.9994217157363892,0.411406421661377,0.3884323120117187,0.9994348883628844,0.6488290309906006,0.4281625535753038,0.9961684346199036,0.310245132446289,0.4301303015814887,0.996959924697876
122,0.478705096244812,0.3847361670600043,0.9994100332260132,0.478705096244812,0.2833358608892077,0.9994100332260132,0.5461235523223877,0.3797824435763889,0.9994100332260132,0.4112866401672363,0.3896898905436198,0.999437153339386,0.6462485790252686,0.4382175869411892,0.9961687922477722,0.3114216327667236,0.4367533365885416,0.9970255494117736
123,0.4786646842956543,0.3863520516289605,0.9993984699249268,0.4786646842956543,0.2839384584669406,0.9993984699249268,0.5467760562896729,0.3816174825032552,0.9993984699249268,0.4105533123016357,0.3910866207546658,0.9994388222694396,0.6445193290710449,0.447854995727539,0.9962704181671144,0.311971378326416,0.4439164055718316,0.9971139430999756
124,0.4781963586807251,0.3865051481458875,0.999415159225464,0.4781963586807251,0.283171685881621,0.999415159225464,0.5469202518463134,0.3817388746473524,0.9994729161262512,0.4094724655151367,0.3912714216444227,0.999415159225464,0.6436310768127441,0.4554857889811198,0.9967194199562072,0.3117695093154907,0.4530234018961588,0.997102439403534
125,0.4788212537765503,0.3888240814208984,0.9994029998779296,0.4788212537765503,0.2849192996748774,0.9994029998779296,0.5479562759399415,0.3845041910807291,0.999444544315338,0.4096862316131592,0.3931439717610677,0.9994029998779296,0.6432923316955567,0.4636656443277995,0.9962384700775146,0.3141950130462646,0.4606021033393012,0.9967753291130066
126,0.4785958290100097,0.3898409737481011,0.9993616938591005,0.4785958290100097,0.2860318638121816,0.9993616938591005,0.5476716995239258,0.3855977800157335,0.9993616938591005,0.4095199584960937,0.3940841674804687,0.9993815422058104,0.640898609161377,0.4683614095052083,0.9951347708702089,0.3160142183303833,0.4679164462619357,0.9961327314376832
127,0.4787946939468383,0.3917462666829426,0.9993255138397216,0.4787946939468383,0.2871972503337774,0.9993255138397216,0.5484025001525878,0.388175286187066,0.9993255138397216,0.4091868877410888,0.3953172471788194,0.999387264251709,0.6405929565429688,0.4745780097113715,0.9943670630455016,0.3171966075897217,0.4755667792426215,0.9959203004837036
128,0.4782326459884643,0.3925462510850693,0.9993268251419068,0.4782326459884643,0.28767343149320024,0.9993268251419068,0.5480656147003173,0.3891560448540581,0.9993268251419068,0.4083996772766113,0.3959364573160807,0.9993659853935242,0.6371184825897217,0.4846412234836154,0.9946489930152892,0.3196021080017089,0.4799498240152994,0.9957309365272522
129,0.4780308246612548,0.3939094331529406,0.9993178844451904,0.4780308246612548,0.2882236432324249,0.9993178844451904,0.5484035015106201,0.3904594421386719,0.9993178844451904,0.4076581478118896,0.3973594241672092,0.9993769526481628,0.6344483852386474,0.4913861168755425,0.9942874312400818,0.318927001953125,0.4907162136501736,0.9960118532180786
130,0.4776667118072509,0.3944013171725803,0.999232053756714,0.4776667118072509,0.2883812426730384,0.999232053756714,0.5482599258422851,0.3908988104926215,0.999232053756714,0.4070734977722168,0.3979038238525391,0.9994169473648072,0.6314610481262207,0.4958832210964626,0.9940224289894104,0.3195257663726806,0.4984258439805772,0.9963991641998292
131,0.4773200511932373,0.3957368426852756,0.9991278052330016,0.4773200511932373,0.2904996558537639,0.9991278052330016,0.5473687171936035,0.391819339328342,0.9991278052330016,0.4072713851928711,0.3996543460422092,0.9994106292724608,0.62648024559021,0.4991681840684678,0.992900848388672,0.3234158754348755,0.5026744842529297,0.9961521029472352
132,0.477588152885437,0.3963931825425889,0.9991592168807985,0.477588152885437,0.2905833559783586,0.9991592168807985,0.5480388641357422,0.3928474002414279,0.9991592168807985,0.4071374416351318,0.39993896484375,0.9993941783905028,0.6253103256225586,0.5076179504394531,0.9934481978416444,0.3275221586227417,0.5070863511827257,0.9962790608406068
133,0.4772614002227783,0.3973652309841579,0.9990806579589844,0.4772614002227783,0.2920716834426083,0.9990806579589844,0.5473865032196045,0.3942178514268663,0.9990806579589844,0.4071362972259521,0.4005126105414496,0.9993836879730223,0.6221342086791992,0.5122198740641276,0.9937564134597778,0.3319243431091309,0.511235851711697,0.996174931526184
134,0.4784965276718139,0.4007086859809027,0.9989783763885498,0.4784965276718139,0.2974649658798517,0.9989783763885498,0.5472308158874511,0.3970963372124566,0.9989783763885498,0.4097622394561767,0.4043210347493489,0.9994357228279114,0.6189382076263428,0.5168059455023871,0.9924495220184326,0.3327717781066894,0.5202996148003473,0.9966608285903932
135,0.4785244464874267,0.4014734903971354,0.9988788962364196,0.4785244464874267,0.29925016325557197,0.9988788962364196,0.5465882778167724,0.3980697631835937,0.9988788962364196,0.4104606151580811,0.4048772176106771,0.9993740916252136,0.6150757789611816,0.5209038628472222,0.992289125919342,0.3360451459884643,0.5260689205593533,0.9963992834091188
136,0.4786846876144409,0.4023081885443793,0.9989006519317628,0.4786846876144409,0.3004165481680224,0.9989006519317628,0.5465519428253174,0.3994417826334635,0.9989006519317628,0.4108174324035644,0.4051745944552951,0.99937242269516,0.6130584239959717,0.5267851935492621,0.9930023550987244,0.339518928527832,0.528859371609158,0.9963557720184326
137,0.4787481307983398,0.4034518135918511,0.9988362193107604,0.4787481307983398,0.301101353537981,0.9988362193107604,0.5469223976135253,0.4006059434678819,0.9988362193107604,0.4105738639831543,0.4062976837158203,0.9993762373924256,0.6129531383514404,0.532882817586263,0.9922552108764648,0.3419078350067138,0.5350468529595269,0.9962639212608336
138,0.4786909341812134,0.4040857950846354,0.9987508058547974,0.4786909341812134,0.3017196853929543,0.9987508058547974,0.5468685626983643,0.4010750664605034,0.9987508058547974,0.4105133056640625,0.4070965237087673,0.9993581175804138,0.6112238883972168,0.5376129150390625,0.991860568523407,0.3446115016937255,0.5375083923339844,0.996118426322937
139,0.4786864042282104,0.4044840070936414,0.9985124468803406,0.4786864042282104,0.3030227316949235,0.9985124468803406,0.5462512016296387,0.4012773301866319,0.9985124468803406,0.4111216068267822,0.407690684000651,0.9993759989738464,0.6093617439270019,0.5419947306315104,0.9908198714256288,0.3495701789855957,0.541483137342665,0.9959688186645508
140,0.4791563987731932,0.4038084242078993,0.9983624815940856,0.4791563987731932,0.3034879816089797,0.9983624815940856,0.5459689617156982,0.4007992214626736,0.9983624815940856,0.4123438358306884,0.406817626953125,0.9993314743041992,0.6070066928863526,0.5442700703938802,0.9907742142677308,0.3535267353057861,0.5436985863579644,0.9959653615951538
141,0.4790315151214599,0.403816795349121,0.998349666595459,0.4790315151214599,0.3039255960070463,0.998349666595459,0.5455431938171387,0.400503921508789,0.998349666595459,0.4125198364257812,0.4071296691894531,0.9993140697479248,0.6043531417846679,0.5443482293023003,0.9912641048431396,0.3557785511016845,0.5468024783664279,0.9959914088249208
142,0.4793441772460937,0.4039654201931423,0.9982413053512572,0.4793441772460937,0.3045404498492942,0.9982413053512572,0.545552921295166,0.4008221944173177,0.9982413053512572,0.4131354331970215,0.407108645968967,0.9993278980255128,0.6023762702941895,0.5456066131591797,0.9908885955810548,0.3586957454681396,0.5493024190266927,0.9960389137268066
143,0.4794033527374268,0.4039709726969401,0.998152792453766,0.4794033527374268,0.3049458886190203,0.998152792453766,0.5453522682189942,0.4009796142578125,0.998152792453766,0.4134544372558594,0.4069623311360677,0.9993150234222412,0.5999396324157715,0.5444624159071181,0.990500271320343,0.3609176874160766,0.552453358968099,0.9958906173706056
144,0.4794234991073608,0.4039803398980034,0.9979514479637146,0.4794234991073608,0.3059878592532553,0.9979514479637146,0.5446887016296387,0.4011093139648437,0.9979514479637146,0.414158296585083,0.4068513658311632,0.9993064403533936,0.5974277496337891,0.5447294023301866,0.990071177482605,0.3632897853851318,0.5533511691623264,0.9961207509040833
145,0.4794925451278686,0.4043792300754123,0.9978406429290771,0.4794925451278686,0.30696190244514276,0.9978406429290771,0.5443658828735352,0.4013315836588542,0.9978406429290771,0.4146192073822021,0.4074268764919705,0.999277651309967,0.5959410667419434,0.5464911566840278,0.9898311495780944,0.3655756950378418,0.554160393608941,0.9961646795272828
146,0.4796141147613525,0.4042776955498589,0.9978210926055908,0.4796141147613525,0.3072026676704867,0.9978210926055908,0.5442515850067139,0.4010766347249349,0.9978210926055908,0.4149766445159912,0.407478756374783,0.9992585778236388,0.5940332412719727,0.5473289065890842,0.98979389667511,0.3683264493942261,0.5547627343071831,0.9960958361625672
147,0.4794952869415283,0.4044005711873372,0.9977381229400636,0.4794952869415283,0.3077261146781033,0.9977381229400636,0.5438606262207031,0.4011052873399522,0.9977381229400636,0.4151299476623535,0.4076958550347222,0.999224066734314,0.5922307014465332,0.5473561604817708,0.989319384098053,0.3693305492401123,0.5569592793782552,0.9956955909729004
148,0.4795465230941772,0.404291025797526,0.9977633953094482,0.4795465230941772,0.3076520122079949,0.9977633953094482,0.543906831741333,0.4013821919759114,0.9977633953094482,0.4151862144470215,0.4071998596191406,0.9992077946662904,0.5914265632629394,0.5496504041883681,0.9893941283226012,0.3708614826202392,0.5580983055962456,0.995546817779541
149,0.4795437574386596,0.404566044277615,0.9976311922073364,0.4795437574386596,0.30821212716811197,0.9976311922073364,0.5437063694000244,0.4014975229899089,0.9976311922073364,0.4153811454772949,0.4076345655653212,0.9991922974586488,0.5896731376647949,0.5486267937554253,0.9888277053833008,0.3723224401473999,0.5594401465521919,0.9954747557640076
150,0.4794382810592651,0.4047698974609375,0.9975854158401488,0.4794382810592651,0.3081349789802689,0.9975854158401488,0.5437889099121094,0.4017112308078342,0.9975854158401488,0.4150876522064209,0.4078285641140408,0.9991605281829834,0.5887300968170166,0.5512628343370226,0.9886972904205322,0.3734752655029297,0.5615609063042535,0.9954676628112792
151,0.4795748233795166,0.4047116597493488,0.9976276755332948,0.4795748233795166,0.30820452615424404,0.9976276755332948,0.5438672542572022,0.4022882249620225,0.9976276755332948,0.4152823925018311,0.4071350945366753,0.9991279244422911,0.5877701759338378,0.5542254977756076,0.9885552525520324,0.3743076086044311,0.5614536285400391,0.995388388633728
152,0.4796941757202149,0.4046729617648654,0.9975993037223816,0.4796941757202149,0.3081244230247965,0.9975993037223816,0.5440142631530762,0.4022504170735677,0.9975993037223816,0.4153740882873535,0.4070955064561632,0.9991324543952942,0.5871565341949463,0.5555951860215929,0.988591492176056,0.3751183271408081,0.5639817979600694,0.9955435395240784
153,0.479612135887146,0.4053011576334635,0.997442364692688,0.479612135887146,0.3086313975559276,0.997442364692688,0.5440290451049805,0.4033482021755642,0.997442364692688,0.4151952266693115,0.4072541130913628,0.999135196208954,0.586284065246582,0.5574207729763455,0.9880375862121582,0.3759088039398193,0.5655873616536459,0.9954611659049988
154,0.4795483112335205,0.4050084008110893,0.9974272847175598,0.4795483112335205,0.30828562143719834,0.9974272847175598,0.544000244140625,0.4030442979600694,0.9974272847175598,0.415096378326416,0.4069725036621093,0.99911230802536,0.5854742050170898,0.5585345374213324,0.9875760078430176,0.3763755798339844,0.5686841752794054,0.9951017498970032
155,0.479735279083252,0.4050478405422634,0.997385323047638,0.479735279083252,0.3084566211806048,0.997385323047638,0.5441051006317139,0.4032780541314019,0.997385323047638,0.41536545753479,0.406817626953125,0.9990857839584352,0.5847851753234863,0.559263653225369,0.9876142740249634,0.3777878284454345,0.5681497361924913,0.9950488209724426
156,0.4800351381301879,0.4049569023980034,0.9973636269569396,0.4800351381301879,0.3082067772829414,0.9973636269569396,0.5445199966430664,0.4035555521647135,0.9973636269569396,0.4155502796173095,0.4063582526312934,0.9990552067756652,0.5841264724731445,0.562039566040039,0.9873253107070924,0.3792797565460205,0.5682229783799914,0.994975209236145
157,0.4802844285964965,0.4050106048583984,0.9973234534263612,0.4802844285964965,0.3081072508320396,0.9973234534263612,0.5448757648468018,0.4038239373101128,0.9973234534263612,0.4156930923461914,0.406197272406684,0.99903404712677,0.5832949161529541,0.5624570634629992,0.9873013496398926,0.3803865671157836,0.5683749304877387,0.9948856234550476
158,0.4805013179779052,0.4051541646321615,0.9972602128982544,0.4805013179779052,0.3081456317758059,0.9972602128982544,0.5451643466949463,0.4040558709038628,0.9972602128982544,0.4158382892608642,0.4062524583604601,0.9990228414535522,0.5822174072265625,0.5630677541097006,0.9873255491256714,0.3813704013824462,0.5697218153211806,0.9948871731758118
159,0.4806955575942992,0.4056767357720269,0.997215986251831,0.4806955575942992,0.3082150475639224,0.997215986251831,0.5456556797027587,0.4043118794759114,0.997215986251831,0.4157354354858398,0.4070415920681424,0.999009370803833,0.5819746017456054,0.5643160502115886,0.9874598979949952,0.3820040225982666,0.5704684787326388,0.9949172735214232
160,0.4808958053588867,0.4057479858398437,0.9972043633461,0.4808958053588867,0.30836282133594684,0.9972043633461,0.5458027839660644,0.4042859395345052,0.9972043633461,0.415988826751709,0.4072100321451823,0.9990159273147584,0.5813169479370117,0.564009263780382,0.9880263805389404,0.3824291706085205,0.5714018079969618,0.9949941039085388
161,0.4810845613479614,0.4059570524427626,0.9971933960914612,0.4810845613479614,0.30855422642322905,0.9971933960914612,0.5460071086883544,0.4046743604871962,0.9971933960914612,0.4161620140075683,0.407239744398329,0.999011754989624,0.5808951377868652,0.5647688971625434,0.9877129793167114,0.3826368331909179,0.5715688917371962,0.9949963092803956
162,0.4813446521759033,0.4058399200439453,0.9971551895141602,0.4813446521759033,0.3085692068683271,0.9971551895141602,0.5461800575256348,0.404606204562717,0.9971551895141602,0.4165092468261718,0.4070736355251736,0.9990097284317015,0.5808194160461426,0.5655651940239801,0.9871991276741028,0.3831061601638794,0.5710831536187067,0.9949133396148682
163,0.4815335273742676,0.4062092887030707,0.9971725940704346,0.4815335273742676,0.30859486234183287,0.9971725940704346,0.5466004371643066,0.405104743109809,0.9971725940704346,0.4164666175842285,0.4073138342963324,0.9990097284317015,0.5808795928955078,0.5671535491943359,0.9869372248649596,0.3836065769195557,0.5713856167263455,0.9948278069496156
164,0.4819278478622436,0.4065813700358073,0.9971754550933838,0.4819278478622436,0.3091693386549493,0.9971754550933838,0.5468648910522461,0.4058330959743924,0.9971754550933838,0.4169908046722412,0.4073296440972222,0.9989805817604064,0.5811804294586181,0.5690954420301649,0.9869965314865112,0.3839819431304931,0.5709626091851129,0.9947132468223572
165,0.4821368932723999,0.4066310034857855,0.9971279501914978,0.4821368932723999,0.30918920081724144,0.9971279501914978,0.5470946311950684,0.4059601677788628,0.9971279501914978,0.4171791553497314,0.4073018391927083,0.9989835619926452,0.5809603691101074,0.5687582651774089,0.9869194626808168,0.3842844009399414,0.5704997168646918,0.9946619868278505
166,0.4825063228607178,0.4068065007527669,0.9971500039100648,0.4825063228607178,0.3094990541119386,0.9971500039100648,0.547374153137207,0.4061042785644531,0.9971500039100648,0.4176384925842285,0.4075087229410807,0.9989687204360962,0.5814537048339844,0.5688378651936848,0.9872007369995116,0.3842169523239135,0.5709445105658637,0.9945772886276244
167,0.4827978134155273,0.4067282994588216,0.997147023677826,0.4827978134155273,0.3095932894891061,0.997147023677826,0.5475526809692383,0.4062447018093533,0.997147023677826,0.4180429458618164,0.4072118971082899,0.9989745616912842,0.5813467979431153,0.5682790968153212,0.987301230430603,0.384248948097229,0.5706986321343316,0.9946238994598388
168,0.483122706413269,0.4069495307074653,0.9971287846565248,0.483122706413269,0.3098302703053995,0.9971287846565248,0.5478669166564941,0.4064453125,0.9971287846565248,0.4183784961700439,0.4074537489149306,0.9989953637123108,0.581561803817749,0.5678643120659722,0.9873722791671752,0.3838218688964844,0.5710945553249783,0.9946958422660828
169,0.4833715438842773,0.4064483218722873,0.9971979856491088,0.4833715438842773,0.3097580868151529,0.9971979856491088,0.5478301048278809,0.4059947543674045,0.9971979856491088,0.4189129829406738,0.4069018893771701,0.9989938139915466,0.5823895931243896,0.5674537658691406,0.9878150224685668,0.3835237741470337,0.5697731018066406,0.994836688041687
170,0.4837257623672485,0.4063895331488715,0.997099757194519,0.4837257623672485,0.3099452492055105,0.997099757194519,0.5480193614959716,0.4058124118381076,0.997099757194519,0.4194321632385254,0.4069666544596354,0.9990059733390808,0.5829116344451905,0.5659196217854817,0.9870848059654236,0.3824958801269531,0.5699214511447482,0.99487042427063
171,0.4841795206069946,0.4066436131795247,0.9972012042999268,0.4841795206069946,0.3103379448524255,0.9972012042999268,0.548382043838501,0.4062420739067925,0.9972012042999268,0.4199769973754882,0.4070451524522569,0.9989966750144958,0.5848068237304688,0.5695203569200303,0.9869712591171264,0.3822341442108154,0.5669452243381077,0.9949707388877868
172,0.4841165065765381,0.4067666795518663,0.997199535369873,0.4841165065765381,0.31077417122269124,0.997199535369873,0.5481071472167969,0.4060192532009549,0.997199535369873,0.4201258659362793,0.4075141059027777,0.9990425705909728,0.586555004119873,0.5634451124403211,0.9869803786277772,0.379719066619873,0.5662288665771484,0.9949407577514648
173,0.4843040466308593,0.4064542982313368,0.9972882270812988,0.4843040466308593,0.3104367500561662,0.9972882270812988,0.548310375213623,0.4056251525878906,0.9972882270812988,0.4202977180480957,0.407283443874783,0.9990922212600708,0.5883616447448731,0.5591404385036892,0.9875997304916382,0.377324652671814,0.5645883348253038,0.9952757358551024
174,0.4844176292419433,0.4061119291517469,0.9974483251571656,0.4844176292419433,0.3103000495368514,0.9974483251571656,0.5482828617095947,0.4050188276502821,0.9974483251571656,0.420552396774292,0.4072050306532118,0.99912828207016,0.5906135559082031,0.5558423360188802,0.9886896014213562,0.3766718387603759,0.5597479078504775,0.9955580830574036
175,0.4846262216567993,0.4057474984063042,0.9975647926330566,0.4846262216567993,0.31004957878181455,0.9975647926330566,0.5484098434448242,0.4043645222981771,0.9975647926330566,0.4208425998687744,0.4071304745144314,0.9991797804832458,0.593980073928833,0.5531215243869357,0.989287495613098,0.3743088483810425,0.556442133585612,0.9955976605415344
176,0.4849333763122558,0.4054487016465928,0.9977620840072632,0.4849333763122558,0.30977969178712705,0.9977620840072632,0.548695182800293,0.4039532979329427,0.9977620840072632,0.4211715698242187,0.406944105360243,0.9992019534111024,0.5977942943572998,0.5512566036648221,0.9901188611984252,0.371536111831665,0.5541273328993056,0.9957420229911804
177,0.4848119258880615,0.4060809877183702,0.998223841190338,0.4848119258880615,0.3088927781941793,0.998223841190338,0.5495841026306152,0.4044727325439453,0.998223841190338,0.4200397491455078,0.4076892428927951,0.999262511730194,0.6030455112457276,0.5508099026150174,0.9915995597839355,0.3672456979751587,0.5515807257758246,0.9959755539894104
178,0.4850429534912109,0.4063090218438042,0.9984000325202942,0.4850429534912109,0.30822871843329236,0.9984000325202942,0.5504110336303711,0.4047416263156467,0.9984000325202942,0.4196748733520508,0.4078764173719618,0.9992823004722596,0.6072781562805176,0.5491399553087023,0.9916278123855592,0.3624294281005859,0.5479661729600694,0.9956252574920654
179,0.4852752685546875,0.405908817715115,0.998570442199707,0.4852752685546875,0.3073125240001295,0.998570442199707,0.5509871482849121,0.4043292151557074,0.998570442199707,0.4195633888244628,0.4074884202745226,0.9992542862892152,0.6117258548736573,0.5451549953884549,0.991944432258606,0.3584684371948242,0.5427441914876302,0.9956575632095336
180,0.4850249290466308,0.4036199781629774,0.9987180233001708,0.4850249290466308,0.30469043660365946,0.9987180233001708,0.5509369850158692,0.4012955983479818,0.9987180233001708,0.4191128730773926,0.405944357977973,0.9992524981498718,0.6142742156982421,0.5348209804958768,0.9930221438407898,0.356529974937439,0.5352319081624349,0.9959973096847534
181,0.4848891258239746,0.4027419196234809,0.9988375306129456,0.4848891258239746,0.3019215372069699,0.9988375306129456,0.5520806312561035,0.4010191175672743,0.9988375306129456,0.4176976203918457,0.4044647216796875,0.9993242025375366,0.6208297729492187,0.528553941514757,0.9928828477859496,0.3489588737487793,0.5297222561306424,0.996283233165741
182,0.4842854499816894,0.401803970336914,0.9990344047546388,0.4842854499816894,0.2991268240893771,0.9990344047546388,0.5527008533477783,0.3995833926730686,0.9990344047546388,0.4158700466156005,0.4040245480007595,0.999325156211853,0.6253466606140137,0.5167716556125217,0.993171453475952,0.3436829090118408,0.5192212422688802,0.9960547685623168
183,0.4830438375473022,0.3982869254218207,0.9991957545280457,0.4830438375473022,0.29336298334165756,0.9991957545280457,0.5529601573944092,0.3961393568250868,0.9991957545280457,0.4131275177001953,0.4004344940185547,0.9993434548377992,0.631029748916626,0.5046922895643446,0.9944711923599244,0.3388074159622192,0.5082487318250868,0.995863676071167
184,0.4817215442657471,0.3966398662990993,0.9991569519042968,0.4817215442657471,0.29137789614761156,0.9991569519042968,0.5518597602844239,0.3943789588080512,0.9991569519042968,0.4115833282470703,0.3989007737901475,0.9992738366127014,0.6357813358306885,0.4945795271131727,0.9955918192863464,0.3304920673370361,0.501684104071723,0.9951860308647156
185,0.4818111896514892,0.3941515604654947,0.999196708202362,0.4818111896514892,0.28931111046845714,0.999196708202362,0.5516612529754639,0.3916840447319878,0.999196708202362,0.4119611263275146,0.3966190761990017,0.9993011951446532,0.6392265319824219,0.4807999081081814,0.9959291815757751,0.3277812480926513,0.4877285003662109,0.9955311417579652
186,0.482626724243164,0.3926209343804253,0.9993152618408204,0.482626724243164,0.2881615538042804,0.9993152618408204,0.5521981716156006,0.3895410325792101,0.9993239641189576,0.4130552768707275,0.3957008361816406,0.9993152618408204,0.6424486637115479,0.4715984768337674,0.9968330264091492,0.3260588884353638,0.4731842888726128,0.995940923690796
187,0.4829996824264526,0.3914062076144748,0.9994125366210938,0.4829996824264526,0.2867830403625762,0.9994125366210938,0.5526368141174316,0.3874613444010417,0.9994237422943116,0.4133625507354736,0.395351070827908,0.9994125366210938,0.6443439483642578,0.4591454399956597,0.9964626431465148,0.3223209381103515,0.4619639078776041,0.9969499707221984
188,0.4823354482650757,0.3892343944973415,0.9993209838867188,0.4823354482650757,0.2858478317223731,0.9993209838867188,0.5510868072509766,0.3843538072374132,0.9993209838867188,0.4135840892791748,0.3941149817572699,0.9994561076164246,0.6461954116821289,0.446953116522895,0.9958821535110474,0.3201681852340698,0.4513128492567274,0.9971312284469604
189,0.482273769378662,0.3868538326687282,0.9993979930877686,0.482273769378662,0.28442987829648525,0.9993979930877686,0.5503982067108154,0.3822084638807508,0.9994532465934752,0.4141493320465088,0.3914992014567057,0.9993979930877686,0.6505884170532227,0.4325074937608507,0.99755597114563,0.3203157901763916,0.4382589552137587,0.9969243407249452
190,0.4822770357131958,0.3854895273844401,0.999403476715088,0.4822770357131958,0.2837660113381348,0.999403476715088,0.5499259471893311,0.3807365417480469,0.9995174407958984,0.4146281242370605,0.3902425130208333,0.999403476715088,0.6525268077850341,0.4216339959038628,0.9981531500816344,0.3200603008270263,0.426899168226454,0.9970678687095642
191,0.4809540748596191,0.3836752785576714,0.9993958473205566,0.4809540748596191,0.28326020351496917,0.9993958473205566,0.5477570533752442,0.3793418460422092,0.9994076490402222,0.4141510963439941,0.3880087110731336,0.9993958473205566,0.649569320678711,0.4068559858534071,0.9977707862854004,0.3156128644943237,0.4203202141655816,0.9969407320022584
192,0.4810207366943358,0.383284060160319,0.99940824508667,0.4810207366943358,0.28320085855159693,0.99940824508667,0.5476035594940185,0.3789746602376302,0.9994446635246276,0.4144379138946533,0.3875934600830078,0.99940824508667,0.6520945072174072,0.3987383100721571,0.9978710412979126,0.3158949851989746,0.4079305013020833,0.99713134765625
193,0.4815074920654297,0.3814297993977864,0.9993368983268738,0.4815074920654297,0.2845961506578714,0.9993368983268738,0.5458115577697754,0.3757347106933594,0.9993626475334167,0.417203426361084,0.3871248881022135,0.9993368983268738,0.6507896423339844,0.3900786081949869,0.9977503418922424,0.3244042873382568,0.3968048095703125,0.9970856308937072
194,0.480872368812561,0.3785980436537001,0.9992337226867676,0.480872368812561,0.2803696127581117,0.9992337226867676,0.5461120128631591,0.3729274749755859,0.9995204210281372,0.4156327247619629,0.3842686123318142,0.9992337226867676,0.653000020980835,0.3799175686306423,0.997808039188385,0.3259083271026611,0.3938938988579644,0.9961678385734558
195,0.4806980133056641,0.3772518157958984,0.999333918094635,0.4806980133056641,0.2790942489267372,0.999333918094635,0.5457973957061768,0.370599619547526,0.9995267391204834,0.4155986309051513,0.3839040120442708,0.999333918094635,0.6541552543640137,0.3705173068576389,0.9975071549415588,0.3199406147003173,0.3895133124457465,0.9961788654327391
196,0.4811790466308593,0.375992563035753,0.999341070652008,0.4811790466308593,0.27814064803051464,0.999341070652008,0.5461336135864258,0.3699544694688585,0.9995874762535096,0.4162244796752929,0.3820306566026475,0.999341070652008,0.6597267150878906,0.3630020141601562,0.9977210164070128,0.3184975385665893,0.3836404588487413,0.9963410496711732
197,0.481901216506958,0.3770106633504231,0.9993138313293456,0.481901216506958,0.279930402509722,0.9993138313293456,0.5464371681213379,0.3721309238009982,0.9995995163917542,0.4173652648925781,0.3818904028998481,0.9993138313293456,0.6602766513824463,0.3598755306667752,0.9965084195137024,0.3211863040924072,0.3767432318793403,0.9961283206939696
198,0.4818115234375,0.3758178499009874,0.9992914199829102,0.4818115234375,0.2790848214296452,0.9992914199829102,0.546153450012207,0.3714696248372396,0.9996106028556824,0.4174695968627929,0.3801660749647352,0.9992914199829102,0.6540809631347656,0.3559012518988715,0.997000515460968,0.3214602947235107,0.3733622233072917,0.9963364601135254
199,0.481355595588684,0.3749080446031358,0.9992859959602356,0.481355595588684,0.2786824057097545,0.9992859959602356,0.5454411983489991,0.3720248752170139,0.999602735042572,0.4172699928283691,0.3777912139892578,0.9992859959602356,0.6530598640441895,0.3522925059000651,0.9970371723175048,0.3187696933746338,0.367545657687717,0.9962434768676758
200,0.4809959411621093,0.3748461405436197,0.9993640780448914,0.4809959411621093,0.27897169679169753,0.9993640780448914,0.544839334487915,0.3717942555745442,0.999570906162262,0.4171525478363037,0.3778980255126953,0.9993640780448914,0.6503007888793946,0.3501810709635417,0.9971076846122742,0.3159549713134765,0.365244886610243,0.9966750144958496
201,0.4811558723449707,0.3748731189303927,0.999367892742157,0.4811558723449707,0.2790711492077547,0.999367892742157,0.5449581623077393,0.3719771491156684,0.9995162487030028,0.4173535823822021,0.3777690887451171,0.999367892742157,0.6490865707397461,0.3496570163302951,0.9968198537826538,0.3187161445617675,0.363642586602105,0.9968275427818298
202,0.4814295053482055,0.3748586018880208,0.9993855953216552,0.4814295053482055,0.2789675214118862,0.9993855953216552,0.5452785015106201,0.3716937171088325,0.999504327774048,0.417580509185791,0.3780234866672092,0.9993855953216552,0.6492854595184326,0.3484441121419271,0.996485710144043,0.3187936305999755,0.3639517042371962,0.9967954754829408
203,0.4810175657272338,0.3747669431898329,0.9993746876716614,0.4810175657272338,0.2783111418934502,0.9993746876716614,0.5452564716339111,0.3718772464328342,0.9995662569999696,0.4167786598205566,0.3776566399468316,0.9993746876716614,0.6511826038360595,0.3490724775526259,0.997162401676178,0.3166537761688232,0.3652155558268229,0.9968722462654114
204,0.4810027599334716,0.3753868738810221,0.9993450045585632,0.4810027599334716,0.2781271515190994,0.9993450045585632,0.5457509994506836,0.3719420115152995,0.9996022582054138,0.4162545204162597,0.3788317362467447,0.9993450045585632,0.6538272857666015,0.3521606869167751,0.99708491563797,0.3181435108184814,0.3678718566894531,0.9965613484382628
205,0.4812210321426391,0.3764945348103841,0.9993298053741456,0.4812210321426391,0.2798205451959795,0.9993298053741456,0.5454885482788085,0.3716569688585069,0.9995519518852234,0.4169535160064697,0.3813321007622612,0.9993298053741456,0.6539638042449951,0.356290774875217,0.9964093565940856,0.319188642501831,0.3751907348632812,0.9966705441474916
206,0.480935001373291,0.3776174545288085,0.999322772026062,0.480935001373291,0.28107556785317245,0.999322772026062,0.545071029663086,0.3722377353244357,0.9995285272598268,0.4167989730834961,0.3829971737331814,0.999322772026062,0.6559713840484619,0.3630699157714844,0.9966970682144164,0.3201396942138672,0.3793827056884765,0.996762990951538
207,0.4800695419311523,0.3791513231065538,0.9993809461593628,0.4800695419311523,0.2814390749214397,0.9993809461593628,0.544949722290039,0.3733223385281033,0.9995850920677184,0.4151893615722656,0.3849803076850043,0.9993809461593628,0.6584752559661865,0.3693043178982205,0.9975516200065612,0.3129447221755981,0.3857639736599392,0.996932864189148
208,0.4798762798309326,0.3811717351277669,0.9992715716362,0.4798762798309326,0.28385164697000953,0.9992715716362,0.5444882869720459,0.3752801683213975,0.9994637370109558,0.4152642726898193,0.3870633019341363,0.9992715716362,0.6502565383911133,0.3802403344048394,0.9973974227905272,0.3158153533935547,0.3923274146185981,0.9965895414352416
209,0.4808174848556518,0.3840319315592447,0.9992631077766418,0.4808174848556518,0.28713459507851813,0.9992631077766418,0.5451875686645508,0.3786076439751519,0.9992631077766418,0.4164474010467529,0.3894562191433376,0.9992884397506714,0.6529919147491455,0.3842901017930772,0.9960272312164308,0.3178816318511963,0.3968329535590277,0.997118592262268
210,0.4802338361740112,0.3851391262478298,0.9993533492088318,0.4802338361740112,0.2864401795461464,0.9993533492088318,0.5458240509033203,0.3798978169759114,0.9993994235992432,0.4146436214447021,0.3903804355197482,0.9993533492088318,0.6541387557983398,0.3951166788736979,0.9967998266220092,0.3138171672821045,0.4060629526774088,0.997342050075531
211,0.4799506664276123,0.3864941067165798,0.9993823766708374,0.4799506664276123,0.2864807739933702,0.9993823766708374,0.5464620590209961,0.3818181779649522,0.9993823766708374,0.4134392738342285,0.3911700354682074,0.9993957281112672,0.6518041610717773,0.4034804450141059,0.9965747594833374,0.3090925693511963,0.4206442091200086,0.9971779584884644
212,0.4804457664489746,0.388230472140842,0.9993813037872314,0.4804457664489746,0.28682389399477504,0.9993813037872314,0.5478413105010986,0.3829207102457682,0.9994357228279114,0.4130502223968506,0.3935402340359158,0.9993813037872314,0.652645492553711,0.4146041870117187,0.9977745413780212,0.311612606048584,0.4303407880995009,0.9969696402549744
213,0.4809887409210205,0.3900044971042209,0.9993625283241272,0.4809887409210205,0.2881101920775304,0.9993625283241272,0.5487151622772217,0.3847553253173828,0.9993841648101808,0.4132623195648193,0.395253668891059,0.9993625283241272,0.6511956214904785,0.4260927412245008,0.9961982369422911,0.3162384748458862,0.4363742404513889,0.9970189332962036
214,0.4808406114578247,0.3920169618394639,0.9993820190429688,0.4808406114578247,0.28870504993722357,0.9993820190429688,0.5495397090911865,0.3871031443277994,0.9993820190429688,0.4121415138244629,0.3969307793511284,0.9993934631347656,0.6480772018432617,0.4381315443250868,0.9962800145149232,0.3171002388000488,0.4461165110270182,0.9970646500587464
215,0.4813772916793823,0.3934898376464844,0.999383807182312,0.4813772916793823,0.2883742781054225,0.999383807182312,0.5513247489929199,0.3892301771375868,0.9994611144065856,0.4114298343658447,0.3977494981553819,0.999383807182312,0.6498741626739502,0.4513292524549696,0.9967280626296996,0.3158824682235718,0.457948727077908,0.9970541000366212
216,0.4820739269256592,0.3957147174411349,0.9993407130241394,0.4820739269256592,0.290352994541984,0.9993407130241394,0.5521810054779053,0.3913769192165798,0.9994490742683412,0.4119668483734131,0.4000525156656901,0.9993407130241394,0.6467245101928711,0.4625858730740017,0.9964659214019777,0.3176936626434326,0.466279305352105,0.9967756867408752
217,0.4823555231094361,0.3976445515950521,0.9993565678596495,0.4823555231094361,0.29147314875689695,0.9993565678596495,0.5530547142028809,0.3942437913682726,0.9994226694107056,0.4116563320159912,0.4010453118218316,0.9993565678596495,0.6456490516662597,0.4730945587158203,0.9960041642189026,0.3195141077041626,0.4728649563259549,0.9963952898979188
218,0.4820502519607543,0.3990692138671874,0.999314785003662,0.4820502519607543,0.29262016994148077,0.999314785003662,0.5529517650604248,0.3960438622368706,0.999314785003662,0.411148738861084,0.4020945654975043,0.9993600249290466,0.6437002658843994,0.4789477878146701,0.9949883222579956,0.3210694313049316,0.4819634331597222,0.9959779977798462
219,0.4818216085433959,0.4005319383409288,0.9993178844451904,0.4818216085433959,0.29399309269459256,0.9993178844451904,0.552796459197998,0.397839609781901,0.9993178844451904,0.4108467578887939,0.4032242668999566,0.9993605017662048,0.6409158706665039,0.492314953274197,0.9949856996536256,0.3203884601593018,0.4914010789659288,0.9960512518882751
220,0.4812535047531128,0.4014403873019748,0.9993181228637696,0.4812535047531128,0.2946528394378989,0.9993181228637696,0.5523928642272949,0.3987110137939453,0.9993181228637696,0.4101141452789306,0.4041697608100043,0.9993762373924256,0.6364645004272461,0.4969126807318793,0.9950278401374816,0.3228723526000976,0.4982356177435981,0.9964193105697632
221,0.481543207168579,0.4022816128200954,0.9991938471794128,0.481543207168579,0.29624186893406834,0.9991938471794128,0.5522024154663085,0.400090832180447,0.9991938471794128,0.4108839988708496,0.4044723934597439,0.9993515610694884,0.6325556755065918,0.5044500986735027,0.994470477104187,0.328359317779541,0.5035337660047743,0.9960222840309144
222,0.4817319631576537,0.4019228193495008,0.9991955161094666,0.4817319631576537,0.2961728970583234,0.9991955161094666,0.5521962642669678,0.3996811760796441,0.9991955161094666,0.4112676620483398,0.4041644626193576,0.9993426203727722,0.6300572395324707,0.5144408331976996,0.9943477511405944,0.3327597141265869,0.5072892506917318,0.9961200952529908
223,0.481615686416626,0.403109402126736,0.9990981817245485,0.481615686416626,0.297535083365809,0.9990981817245485,0.551929235458374,0.3999861823187934,0.9990981817245485,0.4113021373748779,0.4062326219346788,0.9993869066238404,0.6258431911468506,0.5184762742784288,0.9939467906951904,0.3340954542160034,0.5158331129286025,0.9959558248519896
224,0.4825745344161987,0.4057961357964409,0.9990241527557372,0.4825745344161987,0.30192084714460254,0.9990241527557372,0.5517613887786865,0.4028349982367621,0.9990241527557372,0.4133876800537109,0.4087572733561198,0.9994001388549804,0.6239830017089844,0.5247191111246745,0.9925180673599244,0.3378225326538085,0.5220037248399523,0.9961162805557252
225,0.4828556299209594,0.406235843234592,0.9989249110221864,0.4828556299209594,0.3027501293321269,0.9989249110221864,0.5517905712127685,0.4034682379828559,0.9989249110221864,0.4139206886291504,0.4090034484863281,0.9994059801101683,0.6215865612030029,0.5311087714301215,0.9921749234199524,0.340290355682373,0.527981185913086,0.9962917566299438
226,0.4824602842330932,0.4064439985487196,0.9989609718322754,0.4824602842330932,0.30335523501837725,0.9989609718322754,0.551119041442871,0.4034081353081597,0.9989609718322754,0.4138015270233154,0.4094798617892795,0.9993938207626344,0.6192406177520752,0.5358745998806423,0.9931888580322266,0.3423562526702881,0.5332734002007379,0.9963640570640564
227,0.4825278520584106,0.4065095689561632,0.998916506767273,0.4825278520584106,0.30434266008335725,0.998916506767273,0.5505646705627442,0.4033257378472222,0.998916506767273,0.4144910335540771,0.4096934000651042,0.9993638396263124,0.6171974182128906,0.5386880662706163,0.9927985668182372,0.3449018955230712,0.5378492991129558,0.9961231350898744
228,0.4824693918228149,0.4072145038180881,0.9988073110580444,0.4824693918228149,0.30512260657999835,0.9988073110580444,0.5504502296447754,0.4039067162407769,0.9988073110580444,0.4144885540008545,0.4105222913953993,0.9993619322776794,0.615467643737793,0.5425827026367187,0.992255449295044,0.3484769821166992,0.5408025953504775,0.9959503412246704
229,0.4826294422149658,0.4073867797851562,0.9986913800239564,0.4826294422149658,0.30642331434699527,0.9986913800239564,0.5498700141906738,0.4043529934353299,0.9986913800239564,0.4153888702392578,0.4104205661349826,0.9993345141410828,0.6133595466613769,0.5460772620307075,0.9918060302734376,0.3521102905273437,0.5429173787434896,0.9954904913902284
230,0.4827528238296508,0.4071785185072157,0.9985923171043396,0.4827528238296508,0.30734151769585816,0.9985923171043396,0.5492250919342041,0.4038013882107205,0.9985923171043396,0.4162805557250976,0.4105556488037109,0.9993019104003906,0.6105624198913574,0.5478649987114801,0.991503357887268,0.3553271770477295,0.5450125800238715,0.9954262375831604
231,0.4827769041061401,0.4073443306816948,0.9984182119369508,0.4827769041061401,0.3080497904295884,0.9984182119369508,0.5488768100738526,0.4037721421983506,0.9984182119369508,0.4166769981384277,0.4109165191650391,0.9993101358413696,0.6079538822174072,0.5482455783420139,0.991146981716156,0.3572800636291504,0.548486328125,0.9952871799468994
232,0.4828791856765747,0.4074204762776692,0.9983785152435304,0.4828791856765747,0.3083005360009986,0.9983785152435304,0.5488701820373535,0.4039927164713541,0.9983785152435304,0.4168881893157959,0.4108482360839843,0.9993009567260742,0.6054553985595703,0.5492474873860677,0.9908341765403748,0.3590474128723144,0.5502493116590712,0.9955978989601136
233,0.4828576564788818,0.4075908448961045,0.9982888102531432,0.4828576564788818,0.30898655595861846,0.9982888102531432,0.5485265731811524,0.4046175638834635,0.9982888102531432,0.4171887397766113,0.4105641259087456,0.9993219375610352,0.6034632205963135,0.5499786376953125,0.9905213117599488,0.3618423223495483,0.5523317125108507,0.9956349730491638
234,0.4828169107437133,0.4076019710964627,0.9982086420059204,0.4828169107437133,0.3092604369430427,0.9982086420059204,0.5483246326446534,0.4049588521321615,0.9982086420059204,0.4173091888427734,0.4102450900607639,0.9993125200271606,0.6021641254425049,0.5514799329969619,0.9903141856193542,0.3621400833129883,0.5546946207682292,0.9954328536987304
235,0.4828706979751587,0.4072108798556857,0.9981895089149476,0.4828706979751587,0.30920259835222563,0.9981895089149476,0.5481538772583008,0.4045141432020399,0.9981895089149476,0.4175875186920166,0.4099076165093316,0.9993048906326294,0.6010769367218017,0.5536877102322049,0.9907670021057128,0.3638259410858154,0.5556273990207248,0.9958606362342834
236,0.4828478813171387,0.4064017825656467,0.99804025888443,0.4828478813171387,0.30922209224151154,0.99804025888443,0.5475727558135987,0.4035775926378038,0.99804025888443,0.4181230068206787,0.4092259724934896,0.9992833733558656,0.5987989425659179,0.5532744513617621,0.9903727769851683,0.3659078359603882,0.5569745381673177,0.9959813356399536
237,0.4831019401550293,0.4068432913886176,0.9980617165565492,0.4831019401550293,0.3098369026693467,0.9980617165565492,0.547719669342041,0.4042207505967882,0.9980617165565492,0.4184842109680176,0.4094658321804471,0.9992645382881165,0.5973225593566894,0.5549547407362196,0.9902877807617188,0.3677408218383789,0.5584119584825303,0.9960351586341858
238,0.483351969718933,0.4069223192003038,0.9980531930923462,0.483351969718933,0.3101869077928242,0.9980531930923462,0.547790241241455,0.4043329874674479,0.9980531930923462,0.4189136981964111,0.4095116509331597,0.9992328882217408,0.5957227230072022,0.5570142110188802,0.9898397922515868,0.369607663154602,0.557046381632487,0.9958152174949646
239,0.4835788249969482,0.4071459876166449,0.9979044198989868,0.4835788249969482,0.3103821746727351,0.9979044198989868,0.5480319023132324,0.4044554816351997,0.9979044198989868,0.4191257476806641,0.4098364935980902,0.9992457628250122,0.594238567352295,0.5579952663845487,0.9893023371696472,0.3708882808685302,0.5593680911593967,0.995677649974823
240,0.4833616018295288,0.4062612109714084,0.997882068157196,0.4833616018295288,0.30962846559808715,0.997882068157196,0.5477000713348389,0.4029850006103516,0.997882068157196,0.4190231323242187,0.4095374213324653,0.9992390871047974,0.5927921295166015,0.5553412543402778,0.9896345734596252,0.3713582515716552,0.5618484497070313,0.995685577392578
241,0.483330774307251,0.4060838699340821,0.9978267550468444,0.483330774307251,0.3096492589144675,0.9978267550468444,0.5475526332855225,0.4031302981906467,0.9978267550468444,0.4191089153289795,0.4090374416775174,0.9992121458053588,0.5915137767791748,0.5572934044731988,0.9890506267547609,0.3729937076568603,0.5615106794569228,0.9955669045448304
242,0.4833535194396973,0.4061960644192165,0.997731864452362,0.4833535194396973,0.3096341019372323,0.997731864452362,0.5476589679718018,0.4032121446397569,0.997731864452362,0.4190480709075928,0.4091799841986762,0.9992184638977052,0.5908701419830322,0.5580780029296875,0.988566756248474,0.3743726253509521,0.5619724697536892,0.9954713582992554
243,0.4831241369247436,0.4061647203233506,0.9976298809051514,0.4831241369247436,0.30931755336788713,0.9976298809051514,0.5476200580596924,0.4031836615668402,0.9976298809051514,0.4186282157897949,0.4091457790798611,0.9991788268089294,0.5896886348724365,0.5579469468858507,0.9880377054214478,0.3752110719680786,0.564882320827908,0.995314121246338
244,0.4829220771789551,0.4062219831678602,0.9975824356079102,0.4829220771789551,0.309460710542228,0.9975824356079102,0.5473636627197266,0.4033062405056423,0.9975824356079102,0.4184804916381835,0.4091377258300781,0.9991757273674012,0.5889532566070557,0.5595812479654948,0.9877190589904784,0.375987434387207,0.566567866007487,0.9953296184539796
245,0.4829278707504272,0.4059755113389756,0.9975762963294984,0.4829278707504272,0.30908354547224215,0.9975762963294984,0.5474659919738769,0.4032738579644097,0.9975762963294984,0.4183897495269775,0.4086771647135416,0.9991647005081176,0.5883260726928711,0.5603976779513888,0.9875604510307312,0.3765416622161865,0.5682366265190972,0.99520605802536
246,0.4828967332839965,0.4059506946139865,0.9975250363349916,0.4828967332839965,0.3089206204559866,0.9975250363349916,0.5475263595581055,0.4032335917154948,0.9975250363349916,0.4182671070098877,0.4086677975124783,0.9991501569747924,0.5878308773040771,0.5615069495307075,0.9873027801513672,0.3767729997634887,0.5698076883951823,0.9950597286224364
247,0.4828638792037963,0.4054457770453559,0.9975001215934752,0.4828638792037963,0.3085323123400808,0.9975001215934752,0.5474203586578369,0.4028417799207899,0.9975001215934752,0.4183073997497558,0.4080497741699219,0.9991468191146852,0.5875504970550537,0.5634438832600911,0.986872673034668,0.3768028497695923,0.5715930514865452,0.9949324727058412
248,0.4829381227493285,0.4053420384724934,0.99745911359787,0.4829381227493285,0.308423958759265,0.99745911359787,0.5474979400634765,0.4027444627549913,0.99745911359787,0.4183783054351807,0.4079396141899956,0.9991288781166076,0.5869415760040283,0.563113021850586,0.9869164228439332,0.3776713848114014,0.5714112599690755,0.9948508143424988
249,0.4830625534057616,0.4051205741034613,0.997435748577118,0.4830625534057616,0.3085341660604306,0.997435748577118,0.5473994731903076,0.4024835798475477,0.997435748577118,0.4187256336212158,0.407757568359375,0.9991112351417542,0.5864579200744628,0.5621156056722005,0.9870451092720032,0.3787123441696167,0.5707962459988064,0.9948987364768982
250,0.483190107345581,0.405041397942437,0.997431457042694,0.483190107345581,0.30821039117451887,0.997431457042694,0.5476861000061035,0.4023052639431423,0.997431457042694,0.4186941146850585,0.4077775319417318,0.999098300933838,0.5864982604980469,0.563263914320204,0.9872324466705322,0.3793122291564941,0.5714597913953993,0.9949275255203248
251,0.4832093000411987,0.4049938837687173,0.9974313378334044,0.4832093000411987,0.3079576637535303,0.9974313378334044,0.5478492259979248,0.402428478664822,0.9974313378334044,0.4185693740844726,0.4075592888726128,0.9990859031677246,0.5864264965057373,0.5641434139675564,0.9871819019317628,0.3799645900726318,0.5718185848659939,0.9947659969329834
252,0.4833670854568481,0.4050329632229275,0.9974067807197572,0.4833670854568481,0.3079927421396962,0.9974067807197572,0.5480190753936768,0.4027163611518012,0.9974067807197572,0.4187150955200195,0.4073495652940538,0.9990932941436768,0.5865180015563964,0.5646524217393664,0.9869890213012696,0.3809782743453979,0.5707624647352431,0.9947934746742249
253,0.4833764553070068,0.405119514465332,0.9973760843276978,0.4833764553070068,0.30802818980875196,0.9973760843276978,0.548062801361084,0.4028103298611111,0.9973760843276978,0.4186901092529297,0.4074286990695529,0.9990795850753784,0.5865052223205567,0.5647660149468317,0.9870198965072632,0.3810840368270874,0.5707945929633247,0.9948039650917052
254,0.4834362983703613,0.4050741619533963,0.9973756074905396,0.4834362983703613,0.3080470046805186,0.9973756074905396,0.5480799674987793,0.4027685801188151,0.9973756074905396,0.4187926292419434,0.4073797437879774,0.9990781545639038,0.5864664554595947,0.5648995293511285,0.9869909882545472,0.3812556266784668,0.5710411071777344,0.9947625994682312
255,0.4835099458694457,0.4052703857421875,0.9973541498184204,0.4835099458694457,0.30809490587275956,0.9973541498184204,0.5482523441314697,0.4029587639702691,0.9973541498184204,0.4187675476074218,0.4075820075141059,0.999068558216095,0.5865750789642334,0.5639665391710069,0.9873902797698976,0.3813197374343872,0.5713558197021484,0.99482524394989
256,0.4835069894790649,0.4055462307400173,0.99741131067276,0.4835069894790649,0.30829014755638295,0.99741131067276,0.5483041763305664,0.4032633463541666,0.99741131067276,0.4187098026275634,0.407829115125868,0.9990680813789368,0.5870055198669434,0.5653881072998047,0.9873799085617064,0.3812620639801025,0.5716027153862847,0.9948908090591432
257,0.4835691928863525,0.4056955125596788,0.9974823594093324,0.4835691928863525,0.3084249346406649,0.9974823594093324,0.5483820915222168,0.4035911560058594,0.9974823594093324,0.4187562942504882,0.4077998691134982,0.9990599751472472,0.5874194622039794,0.5668075561523438,0.9875028729438782,0.3813014268875122,0.5717108408610027,0.9948392510414124
258,0.4836514711380004,0.4061650594075521,0.9975449442863464,0.4836514711380004,0.30883908216721956,0.9975449442863464,0.5485059738159179,0.4042093065049913,0.9975449442863464,0.418796968460083,0.4081208123101128,0.9990745782852172,0.5877727508544922,0.5670081244574653,0.9875961542129515,0.381336760520935,0.5711799197726779,0.994937539100647
259,0.4838290214538574,0.4062870661417643,0.9974931478500366,0.4838290214538574,0.3090497924829947,0.9974931478500366,0.5486178874969483,0.404127460055881,0.9974931478500366,0.4190401554107666,0.4084466722276476,0.999071478843689,0.5881912708282471,0.5661465538872613,0.9875643849372864,0.3808194875717163,0.571240488688151,0.9949134588241576
260,0.4837564706802368,0.4068337758382161,0.9975823163986206,0.4837564706802368,0.30935505150596637,0.9975823163986206,0.5487060546875,0.4046640184190538,0.9975823163986206,0.4188068866729736,0.4090035332573785,0.9990666508674622,0.5884616851806641,0.5669681972927517,0.987593710422516,0.3802006244659424,0.5720486534966363,0.9949369430541992
261,0.4835815668106079,0.4074238247341579,0.9975910186767578,0.4835815668106079,0.3098805387784438,0.9975910186767578,0.5485687255859375,0.4050954182942708,0.9975910186767578,0.4185944080352783,0.4097522311740451,0.9990606904029846,0.5889397144317627,0.567208735148112,0.9879066944122314,0.3792867183685303,0.5731689453125,0.9949969053268432
262,0.4835913181304931,0.4077977074517144,0.9975903034210204,0.4835913181304931,0.31047920909897003,0.9975903034210204,0.548424768447876,0.4053670247395833,0.9975903034210204,0.4187578678131103,0.4102283901638455,0.9990832805633544,0.5889679908752441,0.5666529337565104,0.9878573417663574,0.3782247543334961,0.5740309397379557,0.995008945465088
263,0.4832370996475219,0.4073811425103081,0.9975534081459044,0.4832370996475219,0.3103484432910013,0.9975534081459044,0.5478861331939697,0.405122799343533,0.9975534081459044,0.4185880661010742,0.4096394856770833,0.9990919828414916,0.5889293193817139,0.5656329684787327,0.9875303506851196,0.3773425102233886,0.5725523630777994,0.994945228099823
264,0.4830937147140502,0.407047504848904,0.9976060390472412,0.4830937147140502,0.3102447430193317,0.9976060390472412,0.5475830554962158,0.4046156989203559,0.9976060390472412,0.4186043739318847,0.4094793107774522,0.9991051554679872,0.5901878833770752,0.5646412319607205,0.9878877997398376,0.3762270927429199,0.5704979366726346,0.9951487183570862
265,0.4830527067184448,0.4069624794854057,0.9976956248283386,0.4830527067184448,0.3103013497594339,0.9976956248283386,0.5474496364593506,0.4045863257514105,0.9976956248283386,0.4186557769775391,0.409338633219401,0.999134361743927,0.5924782752990723,0.5616693284776476,0.9883280396461488,0.3745084047317505,0.5673266940646702,0.995187520980835
266,0.4830228567123413,0.4073241339789496,0.9979599714279176,0.4830228567123413,0.31032405979146216,0.9979599714279176,0.5476460933685303,0.4049531724717882,0.9979599714279176,0.4183996200561523,0.4096950954861111,0.9991711378097534,0.5954131126403809,0.5605390760633681,0.9894354343414308,0.3717573165893554,0.5634900834825304,0.9950307607650756
267,0.4827094316482543,0.4065228356255425,0.998170018196106,0.4827094316482543,0.3095496648516598,0.998170018196106,0.5472876548767089,0.4035032484266493,0.998170018196106,0.4181312084197998,0.4095424228244357,0.9991866946220398,0.5982274532318115,0.5563688066270617,0.9908376336097716,0.3682337760925293,0.5600120120578342,0.9953857064247132
268,0.4822824716567992,0.4069985919528537,0.998291552066803,0.4822824716567992,0.3094076891817457,0.998291552066803,0.547263240814209,0.4037765502929687,0.998291552066803,0.4173017024993896,0.4102206336127387,0.999251902103424,0.6014164924621582,0.5555220286051432,0.9911288022994996,0.3632159948348999,0.5607635074191624,0.9958017468452454
269,0.4816415071487426,0.4067358864678276,0.9983537197113036,0.4816415071487426,0.3081533000488692,0.9983537197113036,0.5472832679748535,0.4034948560926649,0.9983537197113036,0.4159997463226318,0.4099769168429904,0.9993125200271606,0.6040314674377442,0.5509927113850911,0.9910948276519777,0.35899658203125,0.5586428748236762,0.995554506778717
270,0.4815560102462768,0.406832546657986,0.9984775185585022,0.4815560102462768,0.3077415954686433,0.9984775185585022,0.5475007057189941,0.4029204474555121,0.9984775185585022,0.4156113147735595,0.41074464586046,0.999294638633728,0.6082851886749268,0.5504876454671224,0.9915693402290344,0.3571614503860473,0.5534784105088976,0.9951139092445374
271,0.4811635732650757,0.4064662509494358,0.9986288547515868,0.4811635732650757,0.3062418259753305,0.9986288547515868,0.5478675365447998,0.4025936550564236,0.9986288547515868,0.4144596099853516,0.4103388468424479,0.999309778213501,0.612056827545166,0.546280754937066,0.9918153882026672,0.3526085376739502,0.5479199727376302,0.9954712390899658
272,0.4807967901229858,0.4056336720784505,0.9988480806350708,0.4807967901229858,0.30416379066605387,0.9988480806350708,0.5483320713043213,0.4017546759711372,0.9988480806350708,0.4132615089416503,0.4095126681857639,0.9993335604667664,0.6162400245666504,0.5389439900716145,0.9930900931358336,0.3470542430877685,0.5433871799045139,0.9957067370414734
273,0.4810810565948486,0.4046520657009548,0.9991089701652528,0.4810810565948486,0.30110356127763294,0.9991089701652528,0.5500296592712403,0.4012530008951823,0.9991089701652528,0.412132453918457,0.4080511305067274,0.99942147731781,0.6220419883728028,0.5331221262613932,0.9934979677200316,0.3404576301574707,0.5354564666748047,0.9963768124580384
274,0.4811112642288208,0.4033044815063477,0.9991637468338012,0.4811112642288208,0.2994536087100704,0.9991637468338012,0.5502478122711182,0.3996339586046007,0.9991637468338012,0.4119747161865234,0.4069750044080946,0.9994301199913024,0.6251872062683106,0.52105712890625,0.9938874840736388,0.337434196472168,0.5267612033420139,0.9964808821678162
275,0.4801403760910034,0.398852178785536,0.9992526173591614,0.4801403760910034,0.2933439108159157,0.9992526173591614,0.55037522315979,0.3950286441379123,0.9992526173591614,0.4099055290222168,0.4026757134331597,0.9994444251060486,0.6294201850891114,0.5109396616617838,0.9943376183509828,0.3338709831237793,0.5159522162543403,0.9963654279708862
276,0.4799957036972045,0.3977970759073892,0.9992815852165222,0.4799957036972045,0.2916524746149878,0.9992815852165222,0.5506751060485839,0.3943570454915364,0.9992815852165222,0.4093163013458252,0.4012371063232421,0.9994394183158876,0.6319421291351318,0.493748050265842,0.994596540927887,0.3288840532302856,0.5062736087375217,0.996340811252594
277,0.480688214302063,0.3967532475789388,0.9992642998695374,0.480688214302063,0.28985165802537327,0.9992642998695374,0.5518931865692138,0.3937631395128038,0.9992642998695374,0.4094832420349121,0.3997433556450738,0.9994596838951112,0.638511848449707,0.4864056481255425,0.9944331049919128,0.3247717380523681,0.4971889071994357,0.9962045550346376
278,0.4814414024353027,0.3961887995402018,0.999432384967804,0.4814414024353027,0.287801340598297,0.999432384967804,0.5536616802215576,0.3938448164198134,0.999432384967804,0.4092211246490478,0.3985327826605903,0.9994439482688904,0.6456779479980469,0.4755857679578993,0.9950581789016724,0.3221008539199829,0.4853768242730035,0.9958873391151428
279,0.4806023836135864,0.3937637964884439,0.9993695616722108,0.4806023836135864,0.28680767671003826,0.9993695616722108,0.55181884765625,0.3902300940619574,0.999488353729248,0.4093859195709228,0.3972974989149305,0.9993695616722108,0.6459567070007324,0.4635585361056857,0.9960358738899232,0.3191004276275634,0.4759360843234592,0.9959114789962769
280,0.4808697700500488,0.391254891289605,0.9994142055511476,0.4808697700500488,0.28540459227609216,0.9994142055511476,0.5513260841369629,0.3873064253065321,0.9995216131210328,0.4104134559631348,0.3952033572726779,0.9994142055511476,0.651395320892334,0.4517887539333767,0.9966388940811156,0.3176203250885009,0.4641765594482422,0.996688425540924
281,0.480704641342163,0.390353054470486,0.9994258880615234,0.480704641342163,0.2852084047970789,0.9994258880615234,0.5506886959075927,0.3863854302300347,0.9994258880615234,0.4107205867767334,0.3943206787109375,0.9994731545448304,0.6485232353210449,0.4401544782850477,0.9956316947937012,0.3164721012115478,0.4540478176540798,0.996768593788147
282,0.4813113927841186,0.3886773639255099,0.9994394183158876,0.4813113927841186,0.2837432814990384,0.9994394183158876,0.5511544227600098,0.3847023434109158,0.9994611144065856,0.4114683628082275,0.3926523844401041,0.9994394183158876,0.6527466297149658,0.4300216674804687,0.9962025284767152,0.3160216808319092,0.4423963758680556,0.9968985319137572
283,0.4803807497024536,0.386909908718533,0.9993972778320312,0.4803807497024536,0.28405712846481435,0.9993972778320312,0.5487916946411133,0.3822639889187283,0.9994254112243652,0.4119698047637939,0.3915558285183377,0.9993972778320312,0.6522215366363525,0.4160662333170573,0.9974115490913392,0.3152398109436035,0.4328691694471571,0.9967384934425354
284,0.4816143274307251,0.3874995337592231,0.9994168281555176,0.4816143274307251,0.28362340898955274,0.9994168281555176,0.5507388591766358,0.3833203633626302,0.9994168281555176,0.4124897956848145,0.3916787041558159,0.9994431138038636,0.6564149856567383,0.4065107981363932,0.9956473708152772,0.3110239028930664,0.4276359134250217,0.9968247413635254
285,0.4801523447036743,0.3842887666490342,0.999409794807434,0.4801523447036743,0.28291291438808985,0.999409794807434,0.5475521087646484,0.379303232828776,0.999425768852234,0.4127525806427002,0.3892743004692925,0.999409794807434,0.6521872997283935,0.397516844007704,0.9976314306259156,0.3093738794326782,0.4191034952799479,0.9969900846481324
286,0.4797127246856689,0.3827523761325412,0.9994232654571532,0.4797127246856689,0.28260839111373515,0.9994232654571532,0.5463036060333252,0.3779662662082248,0.9994462132453918,0.4131218433380127,0.3875384860568576,0.9994232654571532,0.6536059856414795,0.3884182824028863,0.9979361295700072,0.3096597909927368,0.4067965613471137,0.997154951095581
287,0.4814246177673339,0.3832988739013672,0.9993295669555664,0.4814246177673339,0.2850681590963114,0.9993295669555664,0.5467295169830322,0.3784166547987196,0.9993544220924376,0.4161197185516357,0.3881810930040147,0.9993295669555664,0.6538777828216553,0.3825096130371094,0.9966942071914672,0.3182184934616089,0.39580078125,0.9969261288642884
288,0.4792710781097412,0.3809865951538085,0.9993759989738464,0.4792710781097412,0.28427504771099876,0.9993759989738464,0.5435198783874512,0.37559814453125,0.9993960857391356,0.4150222778320312,0.3863750457763671,0.9993759989738464,0.6486798286437988,0.3767948574490017,0.9979769587516784,0.3174295902252197,0.3913462744818793,0.9969327449798584
289,0.4792340993881225,0.3790123833550347,0.9993645548820496,0.4792340993881225,0.2813385094212295,0.9993645548820496,0.5441446781158448,0.3738452487521701,0.9995323419570924,0.4143235206604004,0.3841795179578993,0.9993645548820496,0.6486459255218506,0.3712701585557725,0.9982914328575134,0.314556074142456,0.3886491139729818,0.99678373336792
290,0.4791381359100342,0.3778115166558159,0.9993481040000916,0.4791381359100342,0.28157568061982297,0.9993481040000916,0.5430932521820069,0.3727230495876736,0.99950909614563,0.4151830196380615,0.3828999837239583,0.9993481040000916,0.6497926235198974,0.3646692487928602,0.9982374906539916,0.316995358467102,0.3821297115749783,0.9967691898345948
291,0.4793099164962768,0.3767110188802083,0.9993478655815125,0.4793099164962768,0.28046201980042057,0.9993478655815125,0.5433340549468995,0.3724466111924913,0.9994837045669556,0.4152857780456543,0.3809754265679253,0.9993478655815125,0.6501325130462646,0.3614237891303168,0.9980711340904236,0.3167592763900757,0.3795231289333767,0.9969238638877868
292,0.4806125879287719,0.377584966023763,0.9993634819984436,0.4806125879287719,0.27928539438078115,0.9993634819984436,0.5460886001586914,0.3748514387342665,0.999596893787384,0.4151365756988525,0.3803184933132595,0.9993634819984436,0.6582719802856445,0.3632342020670573,0.9973684549331664,0.3130407810211181,0.3752761416965061,0.9966669678688048
293,0.4807070970535278,0.3775534100002712,0.99932861328125,0.4807070970535278,0.2792365953758744,0.99932861328125,0.5462163925170899,0.3754041459825303,0.999606430530548,0.4151978015899658,0.3797026740180121,0.99932861328125,0.6579739570617675,0.3619203355577257,0.997350811958313,0.3158964157104492,0.3728307512071397,0.9964229464530944
294,0.4810938119888306,0.37788208855523,0.9993197917938232,0.4810938119888306,0.2796260125726695,0.9993197917938232,0.5465741634368897,0.3761202070448133,0.9996036887168884,0.4156134605407715,0.3796439700656467,0.9993197917938232,0.6576572895050049,0.3624681260850694,0.9973275661468506,0.3164496421813965,0.3718055301242404,0.996350884437561
295,0.4811528921127319,0.3777051925659179,0.9993057250976562,0.4811528921127319,0.2799964493306427,0.9993057250976562,0.5462640285491943,0.3757946014404297,0.999560534954071,0.4160417556762695,0.3796157836914062,0.9993057250976562,0.6565359115600586,0.3646009657118055,0.9972182512283324,0.3163982391357421,0.3719161987304687,0.9962658286094666
296,0.4807964324951172,0.3781304465399848,0.999336302280426,0.4807964324951172,0.2801748850881728,0.999336302280426,0.5460627555847168,0.3759210798475477,0.99956077337265,0.4155301094055176,0.3803398132324219,0.999336302280426,0.6565492153167725,0.3679328494601779,0.9972334504127502,0.3122895240783691,0.3744420793321397,0.9965119957923888
297,0.479826283454895,0.37671939002143,0.999352753162384,0.479826283454895,0.28086086714782205,0.999352753162384,0.5436359882354737,0.3732182820638021,0.9995118379592896,0.4160165786743164,0.3802204979790581,0.999352753162384,0.6504538059234619,0.3676639556884765,0.9981476068496704,0.3159485578536987,0.3799382527669271,0.9970332384109496
298,0.4802390813827515,0.3788745032416449,0.9993365406990052,0.4802390813827515,0.2823534254512866,0.9993365406990052,0.5444451808929444,0.3746127234564887,0.9995018243789672,0.4160329818725586,0.3831362830268012,0.9993365406990052,0.6493391990661621,0.3748546176486545,0.998264491558075,0.3137764930725097,0.3838957044813368,0.9967520236968994
299,0.4809504508972168,0.3821654849582248,0.9993308782577516,0.4809504508972168,0.2859231476866456,0.9993308782577516,0.5448741436004638,0.3766457875569661,0.9993308782577516,0.4170267581939697,0.3876851823594835,0.9993773102760316,0.650678014755249,0.3804355197482639,0.997884213924408,0.3141451120376587,0.3882192823621961,0.9972311854362488
300,0.4813454627990722,0.3835789362589518,0.999351441860199,0.4813454627990722,0.2858381769306968,0.999351441860199,0.5463337898254395,0.3788451300726996,0.9993686079978944,0.416357135772705,0.388312742445204,0.999351441860199,0.6553540706634522,0.3876682705349392,0.9977130889892578,0.316832447052002,0.3937124464246961,0.996964991092682
301,0.4817028522491454,0.38534181382921,0.9993475079536438,0.4817028522491454,0.2846775295717672,0.9993475079536438,0.5486547946929932,0.3807455698649089,0.999407172203064,0.4147509098052978,0.3899380577935112,0.9993475079536438,0.6536243915557861,0.397419442070855,0.9977301955223083,0.3150739431381225,0.4011837005615234,0.9968791007995604
302,0.4810996055603027,0.3865923351711697,0.9993816614151,0.4810996055603027,0.2844640601309111,0.9993816614151,0.5490282058715821,0.3819725036621094,0.9993816614151,0.4131710052490234,0.39121216668023,0.9993833303451538,0.65555739402771,0.4039688958062066,0.9974274039268494,0.307094669342041,0.4134017944335937,0.9968560934066772
303,0.4822144031524658,0.388906987508138,0.9993754029273988,0.4822144031524658,0.28496911435159306,0.9993754029273988,0.5513548374176025,0.3843276977539062,0.9994450211524964,0.4130739688873291,0.3934862772623698,0.9993754029273988,0.6572934627532959,0.4146146986219618,0.997639298439026,0.3102139472961426,0.4259613884819878,0.9967795014381408
304,0.4823207139968871,0.38954775068495,0.9994083642959596,0.4823207139968871,0.2861646700164818,0.9994083642959596,0.5511004447937011,0.3851207733154297,0.9994539618492126,0.4135409832000732,0.3939747280544705,0.9994083642959596,0.6559313297271728,0.4256159888373481,0.9974431991577148,0.3142675399780273,0.4323717753092448,0.9968850016593932
305,0.4820570230484008,0.3909268061319986,0.999445378780365,0.4820570230484008,0.2860938720943621,0.999445378780365,0.5517841339111328,0.3861781650119357,0.999445378780365,0.4123299121856689,0.3956754472520616,0.9994490742683412,0.6522077560424805,0.436102040608724,0.9975019097328186,0.3136334896087646,0.4434113396538628,0.9968888163566588
306,0.4824263095855713,0.3939029057820638,0.9994245767593384,0.4824263095855713,0.28632903805980053,0.9994245767593384,0.554042911529541,0.3901300642225477,0.9994245767593384,0.4108097076416016,0.3976757473415798,0.9994875192642212,0.6524970531463623,0.4457178327772352,0.9958975315093994,0.3128454446792602,0.452995130750868,0.9969263672828674
307,0.4820351362228393,0.3945567237006293,0.999396562576294,0.4820351362228393,0.28714484430069187,0.999396562576294,0.5534934043884278,0.3899296230740017,0.9994986057281494,0.4105768680572509,0.3991838243272569,0.999396562576294,0.6521149635314941,0.4544351365831163,0.9976866245269777,0.3129383087158203,0.4646267784966363,0.9964824914932252
308,0.4826498031616211,0.3961112976074218,0.9993189573287964,0.4826498031616211,0.28799413506109073,0.9993189573287964,0.5546038627624512,0.3918843587239583,0.9994896650314332,0.410695743560791,0.4003382364908854,0.9993189573287964,0.649737548828125,0.4637399037679036,0.9973690509796144,0.3159326314926147,0.4747183905707465,0.995797872543335
309,0.4825949907302856,0.3972301483154297,0.999322772026062,0.4825949907302856,0.28844631452901937,0.999322772026062,0.5550034046173096,0.3931628757052951,0.9994439482688904,0.4101865768432617,0.4012974209255642,0.999322772026062,0.6480737686157226,0.4722056918674045,0.9971479773521424,0.3195312738418579,0.4827219645182292,0.9958277344703674
310,0.4818199634552002,0.3978292041354709,0.9993329644203186,0.4818199634552002,0.2886255961723625,0.9993329644203186,0.5544247627258301,0.3924688551161024,0.9993329644203186,0.4092151641845703,0.4031895531548394,0.9993477463722228,0.6472213268280029,0.4755486806233724,0.996146321296692,0.31666259765625,0.4945475260416667,0.9955062866210938
311,0.4816532373428344,0.3994265874226888,0.9992042183876038,0.4816532373428344,0.29086418319532786,0.9992042183876038,0.5538175106048584,0.3939085218641493,0.9992042183876038,0.4094889640808105,0.4049446529812283,0.99935120344162,0.644715690612793,0.4820594787597656,0.9956666231155396,0.3209168434143066,0.5007730695936415,0.9956856966018676
312,0.4815999507904053,0.401164690653483,0.9991633892059326,0.4815999507904053,0.29350034999858,0.9991633892059326,0.5532074451446534,0.3962459988064236,0.9991633892059326,0.4099924564361572,0.4060833825005425,0.9993359446525574,0.6403213500976562,0.4906481848822699,0.9954273700714112,0.3246816396713257,0.5082990010579427,0.9955686926841736
313,0.4831932306289673,0.4037181854248047,0.9993011951446532,0.4831932306289673,0.29548439308845187,0.9993011951446532,0.5552182197570801,0.3993743048773872,0.9993011951446532,0.4111682415008545,0.4080620659722222,0.9994495511054992,0.6379137992858886,0.4991574605305989,0.994724452495575,0.3276901245117187,0.5166486528184678,0.9964646100997924
314,0.4842870235443115,0.4067905002170138,0.9992380142211914,0.4842870235443115,0.29978927711368303,0.9992380142211914,0.555491590499878,0.4024927775065104,0.9992380142211914,0.4130824565887451,0.4110882229275173,0.9994556307792664,0.6350204467773437,0.5092262691921658,0.9937408566474916,0.3311583042144775,0.5231333838568794,0.996681272983551
315,0.4848464250564575,0.408163579305013,0.9992092251777648,0.4848464250564575,0.30082812040640394,0.9992092251777648,0.556265115737915,0.4037171257866753,0.9992092251777648,0.413427734375,0.4126100328233507,0.9994332194328308,0.6345680713653564,0.5223563300238715,0.9933602213859558,0.3353633642196655,0.5313037872314453,0.996576726436615
316,0.4847531557083129,0.4082701789008246,0.9991087317466736,0.4847531557083129,0.3018840464506155,0.9991087317466736,0.555518102645874,0.4035216437445746,0.9991087317466736,0.4139882087707519,0.4130187140570746,0.9994435906410216,0.6301181793212891,0.5242936028374566,0.9930019974708556,0.3374830484390259,0.5375454372829861,0.9967413544654846
317,0.4853323936462402,0.4099308861626519,0.9989099502563475,0.4853323936462402,0.30387251477259153,0.9989099502563475,0.5559064865112304,0.4056208292643229,0.9989099502563475,0.41475830078125,0.4142409430609809,0.999405026435852,0.6297636985778808,0.5317725287543402,0.9915056824684144,0.3423941373825073,0.5429751925998264,0.9962443113327026
318,0.485661244392395,0.4104564242892795,0.9988534450531006,0.485661244392395,0.30556233604476346,0.9988534450531006,0.5554561138153076,0.4061209784613715,0.9988534450531006,0.4158663749694824,0.4147918701171875,0.9993830919265748,0.6255149841308594,0.5351622687445746,0.991818904876709,0.3469550609588623,0.5441418117947049,0.9960756897926332
319,0.4855987548828125,0.4114462534586588,0.9988163709640504,0.4855987548828125,0.30705573448678664,0.9988163709640504,0.5550356388092041,0.4067772759331597,0.9988163709640504,0.4161618709564209,0.416115230984158,0.999336302280426,0.6222472667694092,0.5386571248372396,0.9920403361320496,0.3518203735351562,0.5479124281141493,0.9956974983215332
320,0.4854582786560058,0.4116952260335286,0.9987170696258544,0.4854582786560058,0.3077811943539476,0.9987170696258544,0.554573392868042,0.406976318359375,0.9987170696258544,0.4163431644439697,0.4164141337076822,0.9993463158607484,0.6189874649047852,0.5412359449598524,0.9917094111442566,0.3545373439788818,0.5532932705349393,0.9956283569335938
321,0.4855756282806396,0.4126509772406684,0.9986233711242676,0.4855756282806396,0.3091300799488837,0.9986233711242676,0.5544242858886719,0.4078776041666667,0.9986233711242676,0.4167269706726074,0.4174243503146701,0.9993340373039246,0.6174409866333008,0.5458530849880643,0.9913445711135864,0.3570635557174683,0.5561052534315322,0.9956583976745604
322,0.4860516071319579,0.4134698655870225,0.998532772064209,0.4860516071319579,0.3098214651507879,0.998532772064209,0.5549973011016845,0.4088705274793837,0.998532772064209,0.4171059131622314,0.4180692036946614,0.9993465542793274,0.615721321105957,0.5509007771809896,0.9908118844032288,0.3593093872070312,0.5597557067871094,0.9957516193389891
323,0.4860721588134765,0.4136360380384656,0.9983999133110046,0.4860721588134765,0.3106390063773874,0.9983999133110046,0.5545825004577637,0.409034686618381,0.9983999133110046,0.4175618171691894,0.4182373894585503,0.99932599067688,0.6124594688415528,0.5517033047146267,0.9903740882873536,0.3615718364715576,0.562201182047526,0.9958813190460204
324,0.4861931800842284,0.4134069018893771,0.9983007311820984,0.4861931800842284,0.3115593265682024,0.9983007311820984,0.5539254665374755,0.4086605495876736,0.9983007311820984,0.4184608936309814,0.4181532541910807,0.9992973804473876,0.6096435070037842,0.5524316151936849,0.9904066920280457,0.3642958641052246,0.5637917836507161,0.9959327578544616
325,0.4862278461456298,0.4134199990166557,0.9981663823127748,0.4862278461456298,0.31243049928344957,0.9981663823127748,0.5534030437469483,0.4089113447401258,0.9981663823127748,0.4190526485443115,0.4179286532931857,0.9992663264274596,0.6076320171356201,0.553060319688585,0.9899797439575196,0.3656772136688232,0.5648128933376736,0.9958376884460448
326,0.486547040939331,0.413471582200792,0.9979958534240724,0.486547040939331,0.31319755168187124,0.9979958534240724,0.5532960891723633,0.4098108927408854,0.9979958534240724,0.4197979927062988,0.4171322716606988,0.9992263317108154,0.606220293045044,0.5558096567789713,0.989225447177887,0.3685762882232666,0.5636414845784505,0.9955724477767944
327,0.4865667581558227,0.413862821790907,0.9978138208389282,0.4865667581558227,0.31412838065579096,0.9978138208389282,0.552949857711792,0.4101005554199218,0.9978138208389282,0.4201836585998535,0.4176250881618923,0.9992225170135498,0.6047292709350586,0.5581822289360894,0.9890747666358948,0.3706156730651855,0.5664446512858073,0.9955918192863464
328,0.4864988327026367,0.4136129591200086,0.9977729916572572,0.4864988327026367,0.3143330357301517,0.9977729916572572,0.5525830268859864,0.4099322848849826,0.9977729916572572,0.4204146385192871,0.4172936333550347,0.9991992115974426,0.6034139633178711,0.5608349694146051,0.9891407489776612,0.3720641374588013,0.569552485148112,0.9954538345336914
329,0.4864167928695678,0.4133952246771918,0.9976401329040528,0.4864167928695678,0.3146584789028616,0.9976401329040528,0.5521555423736573,0.4100364685058594,0.9976401329040528,0.4206780433654785,0.4167539808485243,0.9992056488990784,0.6019533634185791,0.5612095303005642,0.9887457489967346,0.372912073135376,0.5728573269314237,0.9953857064247132
330,0.4864174604415893,0.4132299423217773,0.9975873231887816,0.4864174604415893,0.31462865182904654,0.9975873231887816,0.5520823478698731,0.4102121988932292,0.9975873231887816,0.4207525730133056,0.4162476857503255,0.9991989731788636,0.6008786678314209,0.5636970943874783,0.9885900616645812,0.3748670578002929,0.5716945224338108,0.9953461289405824
331,0.4866202592849731,0.4132207446628146,0.997690200805664,0.4866202592849731,0.31457850490545725,0.997690200805664,0.5523151874542236,0.4102626376681857,0.997690200805664,0.4209253311157226,0.4161788516574435,0.9991698265075684,0.5998551368713378,0.5666282653808594,0.9886547327041626,0.3755152225494385,0.5727876451280381,0.9955787062644958
332,0.4869130134582519,0.4133612738715277,0.9977148771286012,0.4869130134582519,0.3147972004387084,0.9977148771286012,0.552556324005127,0.4104153103298611,0.9977148771286012,0.4212697029113769,0.4163072374131944,0.9991611242294312,0.5990294933319091,0.5671512603759765,0.98876953125,0.3765599489212036,0.5741092258029514,0.9956931471824646
